pathway_id	n_unique_reactions	n_reaction_slots
PWY-7498	10	10
METHGLYUT-PWY	8	8
PWY-5327	36	36
PWY-5494	4	4
PWY-5497	25	25
PWY-5328	18	18
PWY490-3	4	4
NADSYN-PWY	9	9
PWY-7431	8	8
PWY-7433	5	5
PWY-7434	8	8
PWY-7436	6	6
PYRIDNUCSAL-PWY	7	7
PWY-7438	25	25
NPGLUCAT-PWY	9	9
PWY-5140	12	12
P164-PWY	15	15
PWY-1269	5	5
PWY-6969	10	10
PWY-5838	10	10
PWY-6961	7	7
PWY-6962	6	6
PWY-5499	9	9
METH-ACETATE-PWY	6	6
PWY-7688	6	6
PWY-6148	14	14
PWY-7942	6	6
PWY-7947	5	5
PWY-6142	29	29
PWY-6143	6	6
PWY-6141	11	11
PWY-6146	57	57
PWY-6147	5	5
PWY-6145	12	12
P4-PWY	18	18
PWY-7897	15	15
PWY-7894	6	6
PWY-5954	8	8
HCAMHPDEG-PWY	5	5
PWY-7305	38	38
PWY-7303	4	4
PWY-8053	8	8
PWY-6371	28	28
PWY-6372	7	7
PWY-7238	8	8
PWY-7230	9	9
PWY-7237	10	10
PWY-7235	11	11
PWY-7234	6	6
PWY-5971	31	31
PWY66-389	4	4
PWY66-388	7	7
PWY-6516	31	31
4-HYDROXYMANDELATE-DEGRADATION-PWY	6	6
ERGOSTEROL-SYN-PWY	37	37
PWY-7156	56	56
PWY-7153	8	8
PWY-7857	6	6
PWY-7159	10	10
PWY-7323	6	6
P441-PWY	21	21
GLUDEG-I-PWY	4	4
P184-PWY	8	8
PWY-6797	7	7
PWY-8020	5	5
PWY-6555	9	9
PWY-6554	5	5
PWY-6558	13	13
PWY-4203	4	4
PWY-5004	12	12
PWY0-1415	6	6
COA-PWY-1	5	5
PWY-822	5	5
PWY-821	11	11
ANAEROFRUCAT-PWY	14	14
PWY-5312	11	11
PWY-5313	9	9
PWY-1541	6	6
PWY-6060	4	4
PWY-7446	5	5
CODH-PWY	10	10
PWY-7442	7	7
PWY-5178	10	10
PWY-5179	7	7
PWY-6317	5	5
PWY-6977	19	19
PWY-6975	8	8
PWY-6527	7	7
FASYN-INITIAL-PWY	6	6
HEMESYN2-PWY	4	4
PWY-3781	4	4
P185-PWY	12	12
GLCMANNANAUT-PWY	5	5
PWY-7936	7	7
PWY-6151	4	4
PWY0-1297	7	7
PWY-8111	6	6
PWY-6604	17	17
PWY-6607	4	4
PWY-6606	4	4
PWY-7338	12	12
PWY-7337	12	12
PWY-5940	18	18
PWY-7840	5	5
LYSINE-DEG1-PWY	5	5
PWY66-3	26	26
PWY-5420	7	7
PWY-5353	8	8
ARO-PWY	7	7
PWY-7841	12	12
PWY-6305	4	4
PWY-6307	4	4
PWY-7209	5	5
PWY-7204	9	9
PWY-7200	9	9
PWY66-394	6	6
PWY66-391	7	7
PWY66-398	11	11
PWY66-399	12	12
UDPNAGSYN-PWY	5	5
PWY1A0-6120	34	34
PWY-7979	5	5
PWY-6415	10	10
PWY-7401	18	18
P381-PWY	36	36
PWY-6524	4	4
PWY-7480	5	5
BENZCOA-PWY	28	28
PWY-695	5	5
ARGSYN-PWY	9	9
PWY-6630	10	10
PWY-6632	10	10
PWY-5898	10	10
PWY-5301	23	23
1CMET2-PWY	9	9
PWY-2464	6	6
PWY-5307	6	6
PWY-4161	13	13
PWY-7039	5	5
UBISYN-PWY	13	13
PWY-5789	19	19
PWY-5514	8	8
PWY-6897	5	5
PWY-6891	7	7
PWY-6892	8	8
P181-PWY	17	17
GLUCOSE1PMETAB-PWY	5	5
PWY-6942	6	6
PWY-6940	9	9
PWY-6946	24	24
PWY-6944	25	25
PWY-6945	19	19
PWY-6948	18	18
PHOTOALL-PWY	17	17
PWY-6093	8	8
PWY-2083	10	10
PWY-5850	10	10
PWY1ZNC-1	4	4
GLUTORN-PWY	5	5
PWY-7920	11	11
PWY-3097	20	20
THISYNARA-PWY	7	7
PWY-5972	6	6
PWY-5973	5	5
PWY-7858	6	6
PWY-7328	6	6
PWY-7853	4	4
PWY-7015	4	4
PWY-7854	14	14
HOMOSER-METSYN-PWY	5	5
PWY-4722	5	5
PWY-6318	9	9
P165-PWY	18	18
PWY-6313	7	7
PWY-7211	18	18
PWY-7210	8	8
PWY-7218	26	26
PWY-7138	12	12
PWY-7136	4	4
PWY-6402	11	11
PWY-6404	34	34
PWY-5209	6	6
PWY-6830	22	22
PWY-5995	4	4
PWY-722	6	6
POLYAMSYN-PWY	8	8
PWY-7044	7	7
PWY-7040	10	10
PWY-8008	7	7
PWY1F-FLAVSYN	5	5
PWY-7049	7	7
PWY-8004	10	10
PWY-4221	15	15
PWY-6531	5	5
PWY-3901	4	4
P163-PWY	10	10
PWY-7596	46	46
PWY-7592	7	7
PWY-5899	10	10
PWY-6629	14	14
PWY-6628	10	10
PWY-841	21	21
PHOSLIPSYN-PWY	10	10
PYRIDNUCSYN-PWY	6	6
PWY-7664	14	14
RUMP-PWY	6	6
PWY-5196	8	8
PWY-5198	6	6
PWY-6999	9	9
PWY-5203	8	8
PPGPPMET-PWY	6	6
PWY-5207	4	4
PWY-5757	7	7
FUC-RHAMCAT-PWY	12	12
PWY-6954	47	47
PWY-6957	18	18
PWY-6956	12	12
PWY-6953	5	5
PWY-5686	6	6
PWY-6958	8	8
PWY-2201	10	10
PWY-1501	5	5
PWY-7919	20	20
GLUCONEO-PWY	13	13
PWY-7392	13	13
GLUCUROCAT-PWY	7	7
PWY3DJ-35471	10	10
PWY-5961	34	34
PWY-7862	4	4
PWY-6471	16	16
ARGDEG-PWY	11	11
LEU-DEG2-PWY	6	6
PWY-6322	26	26
PWY-6324	7	7
PWY-6328	6	6
PYRIDOXSYN-PWY	7	7
PWY-7268	5	5
PWY-7269	5	5
ILEUSYN-PWY	7	7
PWY-7128	11	11
PWY-6435	5	5
PWY-6432	12	12
PWY-6433	22	22
PWY0-845	11	11
PWY-5989	6	6
P261-PWY	7	7
ALLANTOINDEG-PWY	7	7
PWY-7698	13	13
ARGININE-SYN4-PWY	4	4
PWY-7053	7	7
PWY-7052	6	6
PWY-7059	6	6
PWY-8073	6	6
PWYG-321	205	205
PWY-1042	10	10
CENTFERM-PWY	7	7
PWY-4762	12	12
SPHINGOLIPID-SYN-PWY	11	11
ENTBACSYN-PWY	11	11
PWY-6612	10	10
PWY-4361	8	8
PWY-5367	6	6
12DICHLORETHDEG-PWY	4	4
PWY-6876	5	5
PWY-7674	7	7
PWY-5183	15	15
PWY-5182	10	10
PWY-5181	12	12
PWY-5180	7	7
PWY-5184	20	20
PWY-5189	4	4
PWY-5188	6	6
PWY-5741	11	11
PWY-5743	14	14
PWY-5742	4	4
PWY-5744	14	14
PWY-5747	6	6
PWY-5695	4	4
PWY-5690	10	10
PWY3DJ-11470	10	10
SULFATE-CYS-PWY	9	9
PWY-7016	5	5
PWY-6981	15	15
PWY-7014	6	6
PWY0-1261	12	12
ORNARGDEG-PWY	11	11
SUCSYN-PWY	9	9
PWY-7901	13	13
PWY-7900	8	8
PWY-7902	5	5
PWY-6185	7	7
PWY-6182	7	7
THREOCAT-PWY	19	19
DHGLUCONATE-PYR-CAT-PWY	5	5
PWY-5692	4	4
PWY-7873	4	4
PWY-7874	4	4
CHLOROPHYLL-SYN	10	10
TRPSYN-PWY	7	7
TRNA-CHARGING-PWY	21	21
PWY-6339	12	12
PWY-6338	10	10
PWY66-341	27	27
PWY-7274	6	6
FOLSYN-PWY	12	12
PWY-7279	4	4
PWY-6883	10	10
GLYCOLYSIS	12	12
CYCLOHEXANOL-OXIDATION-PWY	5	5
PWY-7110	23	23
PWY-7111	5	5
PWY-7117	14	14
PWY-7115	11	11
PWY-6421	5	5
PWY-7118	4	4
PWY-7119	16	16
PWY-2981	12	12
P562-PWY	7	7
PWY-6519	11	11
PWY-6518	7	7
PWY-8067	4	4
UDPNACETYLGALSYN-PWY	6	6
PWY-8113	5	5
PWY-8112	5	5
PWY-6609	4	4
PWY0-1298	6	6
PWY-5423	8	8
PWY-5424	14	14
PWY-5425	6	6
PWY-5427	6	6
PWY-7706	13	13
PWY-1187	15	15
PWY-7483	13	13
PWY-7485	11	11
OANTIGEN-PWY	10	10
THRESYN-PWY	6	6
PWY-5519	6	6
PWY0-1586	12	12
PWY-6650	5	5
KDO-NAGLIPASYN-PWY	17	17
PWY-2504	34	34
PWY-5737	6	6
PWY-8142	7	7
PWY-5733	5	5
PWY-6655	10	10
PWY-3581	11	11
PWY-6557	4	4
PWY-6993	11	11
PWY-6992	5	5
ANAGLYCOLYSIS-PWY	11	11
PWY-5644	9	9
PWY-5645	10	10
PWY-5647	7	7
PWY-6947	44	44
PWY-882	5	5
PROPFERM-PWY	10	10
P122-PWY	18	18
FERMENTATION-PWY	17	17
PWY-1422	7	7
PWY-5005	8	8
NAGLIPASYN-PWY	6	6
PWY-7805	8	8
PWY-7807	7	7
PWY-7800	21	21
PWY-7809	17	17
PWY-8134	8	8
URDEGR-PWY	4	4
PWY-7245	8	8
PWY-1882	15	15
P161-PWY	5	5
LIPASYN-PWY	5	5
PWY-7106	4	4
PWY-7102	6	6
CRNFORCAT-PWY	4	4
PWY-6453	7	7
PWY-6292	5	5
PWY-6293	6	6
TOLUENE-DEG-3-OH-PWY	6	6
PWY-5507	42	42
PWY-7072	14	14
PWY-8052	7	7
PWY-8051	12	12
PWY-8055	6	6
PWY-7731	6	6
M-CRESOL-DEGRADATION-PWY	5	5
PENTOSE-P-PWY	8	8
PWY-6728	20	20
PWY18C3-1	22	22
PWY-5529	29	29
PWY-8125	8	8
PWY-6672	9	9
PWY-5345	12	12
PWY-5347	9	9
PWY-5430	10	10
PWY-321	16	16
LIPA-CORESYN-PWY	11	11
PWY-762	21	21
PWY-I9	6	6
PWY-5705	4	4
PWY-7654	11	11
PWY-7656	22	22
PWY-5505	7	7
PWY-6703	4	4
PWY-3001	13	13
PWY-6855	7	7
PWY-6857	7	7
PWY-6859	4	4
NONMEVIPP-PWY	9	9
SALVADEHYPOX-PWY	5	5
PWY-5723	10	10
PWY0-1241	5	5
PWY4FS-7	6	6
METSYN-PWY	8	8
PWY0-42	5	5
TRIGLSYN-PWY	8	8
PWY-5310	11	11
PWY-5659	4	4
PWY-5651	5	5
PWY-5656	4	4
PWY-5655	12	12
PWY-5654	4	4
P3-PWY	11	11
SO4ASSIM-PWY	4	4
PWY-3481	4	4
GLYCOL-GLYOXDEG-PWY	4	4
PWY-6358	6	6
PWY-7817	16	16
PWY-7816	17	17
PWY-7815	15	15
PWY-7812	9	9
PWY-7778	8	8
PWY-7819	11	11
PWY-7818	19	19
PWY-6075	5	5
PWY-6071	12	12
P101-PWY	5	5
PWY0-301	5	5
PANTOSYN-PWY	9	9
PWY-7255	8	8
PWY-7254	10	10
PWY-7251	10	10
PWY66-367	5	5
GLYCOLYSIS-TCA-GLYOX-BYPASS	26	26
PWY-5415	5	5
PWY-5417	6	6
PWY-5416	35	35
P621-PWY	7	7
PWY-7869	4	4
PWY-3941	6	6
PWY-6285	53	53
PWY-6284	20	20
PWY-6281	4	4
PWY-6282	9	9
THISYN-PWY	12	12
PWY-2942	8	8
PWY-2941	9	9
PWY-7009	10	10
GLUCARGALACTSUPER-PWY	4	4
COLANSYN-PWY	12	12
PWY-7000	19	19
PWY-7002	5	5
PWY-8041	20	20
PWY-5860	9	9
PWY-5861	9	9
PWY-5862	9	9
PWY-5863	16	16
PWY-5864	5	5
GALACT-GLUCUROCAT-PWY	11	11
PWY-6662	11	11
BRANCHED-CHAIN-AA-SYN-PWY	19	19
PWY-5405	27	27
CAROTENOID-PWY	26	26
PWY-622	10	10
PWY-5517	6	6
KETOGLUCONMET-PWY	8	8
PWY-5531	10	10
PWY-6713	8	8
NONOXIPENT-PWY	5	5
PWY-6842	9	9
PWY-5717	14	14
PWY-5088	11	11
PWY-5080	4	4
PWY-5081	4	4
P42-PWY	7	7
PWY-7838	8	8
PWY-7535	8	8
PWY-7537	11	11
PWY-5667	4	4
PWY-5660	15	15
PWY-5392	13	13
PWY-5391	6	6
PROTOCATECHUATE-ORTHO-CLEAVAGE-PWY	4	4
PWY-7835	42	42
PWY-7084	6	6
PWY-6676	12	12
NAD-BIOSYNTHESIS-II	5	5
PWY-7398	13	13
PWY-7399	5	5
PWY-5410	9	9
PWY-7826	25	25
PWY-7391	8	8
PWY66-201	16	16
DENOVOPURINE2-PWY	27	27
PWY-6061	31	31
CATECHOL-ORTHO-CLEAVAGE-PWY	4	4
PWY3DJ-12	4	4
PWY66-430	25	25
PWY0-461	7	7
PWY-5918	10	10
PWY-5433	37	37
PWY-5431	6	6
PWY66-378	6	6
PWY-5897	10	10
PWY-5896	10	10
PWY66-373	5	5
PWY66-374	7	7
PWY66-375	6	6
TYRFUMCAT-PWY	5	5
PWY-6470	17	17
ARGSYNBSUB-PWY	9	9
PWY-6478	4	4
PWY-3801	19	19
PWY-6270	10	10
PWY-6277	5	5
P461-PWY	20	20
PWY0-1338	6	6
PWY-7019	7	7
PWY0-1337	35	35
PWY-7013	5	5
P341-PWY	10	10
HISTSYN-PWY	11	11
PWY-6385	14	14
PWY-6386	8	8
PWY-6387	8	8
PWY-6383	5	5
PWY-5873	8	8
PWY-5872	9	9
PWY-5871	8	8
PWY-5870	9	9
ARG+POLYAMINE-SYN	17	17
PWY-6654	4	4
PWY-8143	7	7
GLUDEG-II-PWY	12	12
PWY-6491	5	5
PWY-181	9	9
PWY-3841	11	11
MET-SAM-PWY	9	9
PWY0-862	6	6
PWY-6708	8	8
PWY-7124	26	26
PWY-6724	9	9
PWY-7385	9	9
PWY-6873	4	4
PWY-5257	41	41
PWY-7383	7	7
PWY-5254	8	8
PWY-6700	4	4
PWY-5098	7	7
BIOTIN-BIOSYNTHESIS-PWY	16	16
PWY-5097	7	7
PWY-7832	10	10
COA-PWY	4	4
PWY-5419	4	4
PWY-7528	13	13
PWY-7527	12	12
PWY-7526	4	4
PWY-7525	7	7
PWY-7524	8	8
PWY-5672	17	17
PWY-5675	4	4
PWY-5677	7	7
PWY-5679	8	8
PWY-5381	12	12
PWY-5384	4	4
GALLATE-DEGRADATION-II-PWY	4	4
PWY1F-823	4	4
ILEUDEG-PWY	6	6
PWY0-781	25	25
PWY-5981	5	5
PWY-5724	9	9
PWY-7839	7	7
PWY-5488	6	6
PWY-7389	17	17
PWY-7384	10	10
PWY-7831	11	11
PWY-7833	9	9
PWY-6503	11	11
GLUCARDEG-PWY	4	4
PWY-2002	5	5
PWY-801	4	4
POLYAMINSYN3-PWY	8	8
PWY0-321	10	10
PWY-6501	5	5
PWY66-301	4	4
PWY-6121	5	5
PWY-6122	5	5
PWY-6123	6	6
PWY-6124	5	5
PWY-6125	8	8
PWY-6126	8	8
PWY-6263	11	11
PWY0-1061	6	6
PWY-6266	46	46
PWY-6269	10	10
PWY-7022	6	6
PWY-7020	17	17
PWY-7050	9	9
PWY-7027	4	4
PWY-7024	19	19
PWY4LZ-257	9	9
PWY-6397	19	19
PWY-6395	18	18
PWY-5845	10	10
PWY-8085	7	7
PWY-8086	13	13
PWY-7332	20	20
PWY0-41	8	8
PWY-6505	12	12
PWY-7736	9	9
PWY-8157	9	9
PWY-6641	6	6
ORNDEG-PWY	9	9
PWY-5941	6	6
PWY-6486	5	5
PWY5F9-12	5	5
PWY-7602	7	7
PWY-7601	7	7
PWY-7606	14	14
PWY-6731	4	4
PWY-6733	18	18
P125-PWY	5	5
PWY-5266	11	11
PWY-5265	17	17
PWY-5062	18	18
PWY-5067	4	4
PWY-5068	8	8
PWY-601	17	17
PWY-5464	24	24
PWY-5466	11	11
TCA	11	11
PWY-1361	7	7
AEROBACTINSYN-PWY	4	4
METHANOGENESIS-PWY	6	6
PWY-6861	12	12
PWY-6863	11	11
PWY-1121	20	20
PWY-5114	23	23
PWY-5280	5	5
PWY-5283	9	9
PWY-5287	17	17
PWY-7836	22	22
GALLATE-DEGRADATION-I-PWY	5	5
PRPP-PWY	49	49
PWY-6467	5	5
PWY-6309	17	17
URSIN-PWY	7	7
PWY-7286	4	4
PWY-7287	19	19
PWY-7282	10	10
PWY-7283	6	6
PWY-6138	5	5
REDCITCYC	10	10
PWY-7351	5	5
PWY-7352	19	19
PWY66-409	17	17
PWY-7354	13	13
PWY-7356	7	7
PWY-7357	6	6
GALACTITOLCAT-PWY	5	5
HISDEG-PWY	4	4
PWY-7035	14	14
P23-PWY	13	13
PWY-7036	16	16
PWY-7031	6	6
PWY0-1319	4	4
P601-PWY	8	8
PWY-3041	10	10
MANNOSYL-CHITO-DOLICHOL-BIOSYNTHESIS	19	19
METHYLGALLATE-DEGRADATION-PWY	6	6
PWY-5855	8	8
PWY-5857	8	8
PWY-5856	8	8
PWY-4702	14	14
LPSSYN-PWY	26	26
PWY-7723	8	8
PWY-7722	5	5
PWY-7725	6	6
PWY-7724	7	7
PWY-7726	13	13
PWY-8188	10	10
PWY-8189	10	10
PWY-8181	14	14
PWY-8182	9	9
PWY-8187	5	5
PWY0-881	17	17
PWY1G-0	6	6
COMPLETE-ARO-PWY	17	17
PWY-561	15	15
PWY-7619	5	5
PWY-6748	5	5
PWY-6749	10	10
PWY-5270	13	13
PWY-5273	8	8
PWY-702	6	6
PWY-5071	14	14
PWY3O-4107	5	5
PWY-7021	15	15
GALACTARDEG-PWY	4	4
PWY-7507	9	9
PWY-361	15	15
PWY-5470	6	6
PWY-6920	6	6
PWY-6922	7	7
PWY-6928	44	44
LACTOSECAT-PWY	4	4
PWY-7575	11	11
PWY-7184	9	9
PWY-6886	30	30
PWY-5109	6	6
PWY66-4	27	27
PWY66-5	33	33
PWY-5103	7	7
PWY-5101	8	8
PWY-5104	6	6
DAPLYSINESYN-PWY	9	9
PWY-5292	30	30
PWY-5290	18	18
GLYCOLYSIS-E-D	16	16
PWY-6030	4	4
LYSINE-AMINOAD-PWY	11	11
PWY4FS-5	12	12
PWY4FS-8	6	6
PWY-7290	6	6
PWY-7295	8	8
PWY-7294	7	7
PWY-6109	6	6
PWY-6107	7	7
PWY-5840	10	10
P124-PWY	15	15
CALVIN-PWY	13	13
PWY-6244	4	4
PWY-5910	10	10
PWY-5912	4	4
PWY-5913	9	9
PWY-7342	12	12
PWY-7341	11	11
PWY-7340	10	10
PWY-7347	5	5
PWY-7345	15	15
TRYPTOPHAN-DEGRADATION-1	16	16
PWY-5823	7	7
P108-PWY	7	7
PWY-7758	14	14
PWY-7759	18	18
PWY-7754	16	16
PWY0-1277	9	9
PWY-8175	34	34
PWY-8174	34	34
PWY-7198	7	7
PWY-8173	34	34
PWY-8179	26	26
PWY-8178	6	6
PWY-8190	7	7
PWY-7400	14	14
PWY-7402	24	24
ECASYN-PWY	10	10
PWY-6396	9	9
PWY-6644	6	6
PWY-8154	47	47
PWY-4661	7	7
PWY-8152	28	28
PWY-5044	12	12
PWY-8151	22	22
PWY-4061	9	9
PANTO-PWY	4	4
TEICHOICACID-PWY	12	12
PWY6666-2	5	5
PWY-7574	5	5
PWY-6937	28	28
PWY-6936	5	5
PWY-8011	5	5
VALDEG-PWY	8	8
PWY-6808	11	11
PWY-6807	8	8
PWY-6803	4	4
PWY-13	10	10
P221-PWY	5	5
PWY-5138	5	5
PWY-5136	5	5
PWY-5134	18	18
PWY-5132	6	6
PWY-5133	6	6
PWY-5130	4	4
PWY-5135	4	4
PWY-6368	9	9
PWY-2055	16	16
PWY-7992	8	8
PWY-7991	7	7
PWY-7999	4	4
GOLPDLCAT-PWY	4	4
P105-PWY	10	10
PWY-6113	268	268
PWY-1622	13	13
PWY-4984	5	5
PWY66-425	9	9
PWY-2221	9	9
PWY-7379	5	5
PWY-7376	18	18
PWY-7377	17	17
PWY-7374	6	6
PWY-7373	7	7
PWY-7371	5	5
TCA-GLYOX-BYPASS	13	13
PWY-6583	8	8
PWY-6581	9	9
3-HYDROXYPHENYLACETATE-DEGRADATION-PWY	8	8
GLYCOGENSYNTH-PWY	4	4
CITRULBIO-PWY	8	8
PWY-6342	13	13
PWY-6344	6	6
PWYQT-4473	11	11
PWYQT-4472	12	12
PWYQT-4471	18	18
PWYQT-4477	12	12
PWYQT-4475	11	11
PWYQT-4474	11	11
PWY-5837	7	7
PWY-7228	6	6
PWY-6367	4	4
PWY-7746	10	10
PWY-6692	6	6
PWY-6690	5	5
PWY-7185	9	9
PWY-101	4	4
PWY-7187	7	7
PWY-7186	14	14
PWY-2541	44	44
PWY-6763	11	11
PWY-6760	7	7
PWY-6569	12	12
HEME-BIOSYNTHESIS-II-1	4	4
PWY-3081	11	11
PWY-6562	6	6
PWY-3502	14	14
PWY-6564	17	17
PWY-6565	8	8
PWY-5052	32	32
PWY-5055	9	9
PWY-5304	8	8
COBALSYN-PWY	9	9
FUCCAT-PWY	4	4
DTDPRHAMSYN-PWY	4	4
PWY-7560	9	9
PWY-6906	8	8
PWY-6901	17	17
PWY-5634	10	10
HEXITOLDEGSUPER-PWY	19	19
PWY-724	10	10
PWY-6836	4	4
PWY-6837	5	5
PWY-6834	4	4
PWY-7413	4	4
PWY-7411	5	5
PWY-7415	9	9
PWY-3661	8	8
PWY-5121	12	12
PWY-5129	13	13
GLYCOCAT-PWY	8	8
PWY-922	7	7
PWY-7094	6	6
ALL-CHORISMATE-PWY	50	50
PWY-7456	7	7
HEME-BIOSYNTHESIS-II	4	4
PWY-7003	16	16
PWY0-162	9	9
PWY0-166	14	14
PWY-6165	12	12
PWY-6167	10	10
PWY-6160	7	7
PWY-6163	5	5
PWY-6538	7	7
PWY-6168	9	9
PWY0-1477	5	5
DARABCATK12-PWY	4	4
PWY-7511	11	11
RHAMCAT-PWY	5	5
PWY-6595	6	6
PWY-6594	13	13
PWY-6596	8	8
PWY-6590	9	9
PWY-6598	5	5
PWY-6353	11	11
PWY-6352	8	8
PWY-6351	5	5
PWY-6350	10	10
PWY-6895	11	11
P162-PWY	10	10
PWY-7770	10	10
PCPDEG-PWY	12	12
P281-PWY	10	10
POLYISOPRENSYN-PWY	6	6
VALSYN-PWY	4	4
PWY-6572	8	8
PWY-6571	12	12
PWY-6575	6	6
PWY-5028	5	5
PWY-5022	7	7
PWY-4041	6	6
PWY3O-19	8	8
PWY-7799	14	14
PWY-7790	6	6
PWY-7791	6	6
FAO-PWY	7	7
PWY-5487	5	5
PWY-5484	11	11
PWY-6949	6	6
PWY-6787	10	10
PWY-6824	11	11
PWY-6823	6	6
PWY-7426	10	10
PWY-6829	16	16
PWY-7420	4	4
AST-PWY	5	5
PWY-5154	9	9
PWY-5156	44	44
PWY-8030	4	4
PWY-6919	12	12
PWY-6915	12	12
PWY-7277	7	7
PWY-7090	5	5
PHOSLIPSYN2-PWY	24	24
PWY-7270	12	12
HSERMETANA-PWY	4	4
PWY-2229	19	19
RIBOSYN2-PWY	9	9
PWY-7953	8	8
PWY-6174	7	7
PWY0-1479	10	10
PWY-7883	8	8
PWY-6210	4	4
PWY-6215	4	4
PWY-5920	8	8
PWY-7315	4	4
PWY-7316	4	4
PWY-7317	8	8
PWY-7312	4	4
PWY-735	19	19
PWY-3301	5	5
PEPTIDOGLYCANSYN-PWY	10	10
PWY-7229	8	8
PWY-6362	5	5
PWY-5818	13	13
PWY-7220	4	4
PWY-7221	4	4
PWY-7222	4	4
PWY-1861	9	9
PWY-7396	8	8
PWY-7761	5	5
PWY-7760	34	34
PWY-7769	26	26
PWY-7165	7	7
PWY-7196	10	10
PWY-3061	12	12
CARNMET-PWY	4	4
PWY-4321	5	5
PWY-6588	5	5
PWY-5532	10	10
PWY0-1533	4	4
PWY-7626	10	10
PWY-7097	10	10
PWY-6549	10	10
PWY-6545	9	9
PWY-7098	10	10
PWY-581	13	13
PWY-5534	7	7
PWY-5030	6	6
SER-GLYSYN-PWY	4	4
PWY-241	7	7
PWY-7546	4	4
PWY-2821	13	13
PWY-7789	5	5
PWY-6349	6	6
PWY-7783	8	8
PWY-7782	16	16
PWY-6714	7	7
DENITRIFICATION-PWY	5	5
PWY-7784	8	8
