cohort	pathway_id	size_members_measured	hits_FDR10	hits_nominal05	size_reactions
FengQ_2015	PWY-1042	68	15	21	10
FengQ_2015	ILEUSYN-PWY	88	19	27	7
FengQ_2015	PWY-7111	123	26	41	5
FengQ_2015	VALSYN-PWY	124	26	40	4
FengQ_2015	ARO-PWY	54	12	15	7
FengQ_2015	ARGSYNBSUB-PWY	74	12	17	9
FengQ_2015	PWY-6163	75	17	23	5
FengQ_2015	PWY-5686	105	22	33	6
FengQ_2015	ARGSYN-PWY	60	7	11	9
FengQ_2015	PWY-6386	93	23	32	8
FengQ_2015	PWY-7400	59	7	11	14
FengQ_2015	DTDPRHAMSYN-PWY	99	19	29	4
FengQ_2015	PWY-6122	126	23	40	5
FengQ_2015	PWY-6277	126	23	40	5
FengQ_2015	PWY-6609	110	15	31	4
FengQ_2015	PWY-6387	109	21	33	8
FengQ_2015	PWY-6151	91	12	19	4
FengQ_2015	COMPLETE-ARO-PWY	47	10	13	17
FengQ_2015	GLYCOGENSYNTH-PWY	47	7	13	4
FengQ_2015	PWY-6121	112	19	31	5
FengQ_2015	PWY-7221	113	26	36	4
FengQ_2015	TRNA-CHARGING-PWY	53	12	15	21
FengQ_2015	PEPTIDOGLYCANSYN-PWY	103	23	33	10
FengQ_2015	COA-PWY-1	112	19	29	5
FengQ_2015	BRANCHED-CHAIN-AA-SYN-PWY	88	19	30	19
FengQ_2015	GLUTORN-PWY	63	9	15	5
FengQ_2015	PWY0-1319	75	16	25	4
FengQ_2015	PWY-5667	75	16	25	4
FengQ_2015	PWY-5103	88	18	31	7
FengQ_2015	CALVIN-PWY	31	7	10	13
FengQ_2015	PWY-6385	82	20	30	14
FengQ_2015	COA-PWY	94	16	26	4
FengQ_2015	PWY-3841	79	16	21	11
FengQ_2015	PWY-5097	88	18	27	7
FengQ_2015	PWY-2942	82	18	33	8
FengQ_2015	1CMET2-PWY	68	14	18	9
FengQ_2015	PWY-724	34	8	13	10
FengQ_2015	PWY-6700	97	20	30	4
FengQ_2015	PWY-7229	28	7	14	8
FengQ_2015	PWY-6123	71	12	22	6
FengQ_2015	HISTSYN-PWY	63	11	19	11
FengQ_2015	PWY-3001	34	7	10	13
FengQ_2015	PWY-6124	70	14	20	5
FengQ_2015	PWY-6126	28	7	14	8
FengQ_2015	HSERMETANA-PWY	44	11	15	4
FengQ_2015	PWY-6936	59	11	16	5
FengQ_2015	ANAGLYCOLYSIS-PWY	28	4	8	11
FengQ_2015	PWY-6317	31	7	8	5
FengQ_2015	THRESYN-PWY	44	8	13	6
FengQ_2015	PANTOSYN-PWY	52	9	16	9
FengQ_2015	PWY-6527	31	4	4	7
FengQ_2015	PWY-7220	57	14	19	4
FengQ_2015	PWY-7222	57	14	19	4
FengQ_2015	NONOXIPENT-PWY	45	7	15	5
FengQ_2015	TRPSYN-PWY	44	8	9	7
FengQ_2015	PWY-5695	64	14	23	4
FengQ_2015	PANTO-PWY	62	11	17	4
FengQ_2015	OANTIGEN-PWY	14	2	2	10
FengQ_2015	PWY-7357	48	10	11	6
FengQ_2015	PWY-6892	28	7	10	8
FengQ_2015	SER-GLYSYN-PWY	67	11	18	4
FengQ_2015	RIBOSYN2-PWY	57	12	21	9
FengQ_2015	PWY0-1586	46	10	12	12
FengQ_2015	PYRIDNUCSYN-PWY	36	9	15	6
FengQ_2015	PWY-7237	45	7	15	10
FengQ_2015	PWY-6168	33	9	11	9
FengQ_2015	MET-SAM-PWY	5	1	3	9
FengQ_2015	THISYNARA-PWY	27	3	3	7
FengQ_2015	PWY-6897	17	4	4	5
FengQ_2015	UDPNAGSYN-PWY	44	5	10	5
FengQ_2015	PWY-5347	4	1	1	9
FengQ_2015	METSYN-PWY	6	2	4	8
FengQ_2015	PWY-6703	51	7	16	4
FengQ_2015	PWY-2941	16	4	5	9
FengQ_2015	COBALSYN-PWY	19	2	3	9
FengQ_2015	DENOVOPURINE2-PWY	4	0	0	27
FengQ_2015	P461-PWY	3	1	1	20
FengQ_2015	PWY-7282	9	0	3	10
FengQ_2015	PWY-1861	4	0	1	9
FengQ_2015	PWY-7234	25	4	6	6
FengQ_2015	PHOSLIPSYN-PWY	4	1	1	10
FengQ_2015	PWY-5104	12	3	4	6
FengQ_2015	PWY66-409	5	1	1	17
FengQ_2015	PWY-5973	26	7	9	5
FengQ_2015	PWY-7187	5	2	3	7
FengQ_2015	PWY0-166	7	2	2	14
FengQ_2015	PWY-5659	21	3	5	4
FengQ_2015	METH-ACETATE-PWY	5	4	4	6
FengQ_2015	PWY-6353	5	1	1	11
FengQ_2015	HOMOSER-METSYN-PWY	6	1	4	5
FengQ_2015	PWY-6305	7	0	3	4
FengQ_2015	PWY0-1297	9	2	3	7
FengQ_2015	PWY-6125	29	11	15	8
FengQ_2015	GLCMANNANAUT-PWY	8	0	0	5
FengQ_2015	PWY-5154	9	1	2	9
FengQ_2015	PWY0-162	5	2	2	9
FengQ_2015	PWY-5188	28	4	8	6
FengQ_2015	DAPLYSINESYN-PWY	6	0	1	9
FengQ_2015	THISYN-PWY	7	1	1	12
FengQ_2015	PWY4FS-7	11	3	3	6
FengQ_2015	PWY4FS-8	11	3	3	6
FengQ_2015	PWY-7228	29	11	17	6
FengQ_2015	LACTOSECAT-PWY	12	2	3	4
FengQ_2015	PWY-4041	13	2	2	6
FengQ_2015	COLANSYN-PWY	2	1	1	12
FengQ_2015	SALVADEHYPOX-PWY	7	1	1	5
FengQ_2015	PWYG-321	4	1	1	205
FengQ_2015	PWY0-845	13	3	6	11
FengQ_2015	ARGININE-SYN4-PWY	22	6	9	4
FengQ_2015	PWY-7664	6	1	2	14
FengQ_2015	GLUCUROCAT-PWY	3	0	0	7
FengQ_2015	PWY-7184	8	2	2	9
FengQ_2015	NONMEVIPP-PWY	6	0	1	9
FengQ_2015	FASYN-INITIAL-PWY	5	1	1	6
FengQ_2015	PWY0-862	6	1	2	6
FengQ_2015	PWY-6606	8	1	1	4
FengQ_2015	PWY-6282	6	1	2	9
FengQ_2015	PENTOSE-P-PWY	6	3	5	8
FengQ_2015	PWY-5989	5	1	3	6
FengQ_2015	PWY-7323	2	0	0	6
FengQ_2015	PWY-7456	5	0	0	7
FengQ_2015	PYRIDOXSYN-PWY	15	2	7	7
FengQ_2015	P185-PWY	1	0	0	12
FengQ_2015	RHAMCAT-PWY	23	2	3	5
FengQ_2015	HISDEG-PWY	32	7	11	4
FengQ_2015	PWY-5030	23	5	7	6
FengQ_2015	GOLPDLCAT-PWY	5	1	1	4
FengQ_2015	PWY-6147	22	7	11	5
FengQ_2015	PWY-1269	13	3	5	5
FengQ_2015	CITRULBIO-PWY	5	2	2	8
FengQ_2015	GLYCOCAT-PWY	7	0	1	8
FengQ_2015	PWY-4984	4	0	2	5
FengQ_2015	PWY-5384	10	0	3	4
FengQ_2015	PWY-7013	6	2	2	5
FengQ_2015	NAD-BIOSYNTHESIS-II	2	0	1	5
FengQ_2015	PWY-5941	3	0	0	6
FengQ_2015	PWY-7312	2	0	0	4
FengQ_2015	NAGLIPASYN-PWY	7	1	2	6
FengQ_2015	FUCCAT-PWY	4	0	0	4
FengQ_2015	GLUCOSE1PMETAB-PWY	7	0	1	5
FengQ_2015	P124-PWY	2	0	0	15
FengQ_2015	PWY-5367	2	0	0	6
FengQ_2015	PWY0-1061	9	0	0	6
FengQ_2015	P125-PWY	3	1	1	5
FengQ_2015	P161-PWY	3	0	1	5
FengQ_2015	PWY0-1241	4	0	1	5
FengQ_2015	PWY-6572	1	0	0	8
FengQ_2015	PWY-7371	1	0	0	5
FengQ_2015	PWY-6891	3	0	0	7
FengQ_2015	PWY-6519	3	0	1	11
FengQ_2015	PWY-7315	3	0	1	4
FengQ_2015	PWY-6167	2	0	0	10
FengQ_2015	PWY-5101	3	0	0	8
FengQ_2015	METHANOGENESIS-PWY	2	0	2	6
FengQ_2015	PWY-7316	2	0	0	4
FengQ_2015	PWY-6349	2	0	0	6
FengQ_2015	PWY-5198	2	0	0	6
FengQ_2015	PWY-6478	1	0	0	4
FengQ_2015	GLYCOLYSIS	6	1	2	12
FengQ_2015	GLUCONEO-PWY	3	1	2	13
FengQ_2015	PWY-5484	4	1	2	11
FengQ_2015	TEICHOICACID-PWY	1	0	0	12
FengQ_2015	PWY-6588	4	1	1	5
FengQ_2015	HEME-BIOSYNTHESIS-II	2	0	0	4
FengQ_2015	PWY-6471	1	0	0	16
FengQ_2015	PWY-6270	1	0	0	10
FengQ_2015	PWY-7560	1	0	0	9
FengQ_2015	PWY0-1298	2	0	1	6
FengQ_2015	FAO-PWY	2	0	0	7
FengQ_2015	PWY-5136	2	0	0	5
FengQ_2015	SO4ASSIM-PWY	1	0	1	4
FengQ_2015	POLYAMSYN-PWY	2	0	1	8
FengQ_2015	GALACTARDEG-PWY	3	0	1	4
FengQ_2015	GLUCARGALACTSUPER-PWY	3	0	1	4
FengQ_2015	TCA	2	0	0	11
FengQ_2015	HEMESYN2-PWY	3	0	0	4
FengQ_2015	PWY-6876	1	0	0	5
FengQ_2015	TCA-GLYOX-BYPASS	2	0	0	13
FengQ_2015	PWY-5138	3	0	1	5
FengQ_2015	GLUCARDEG-PWY	2	0	0	4
FengQ_2015	PWY-4702	1	0	0	14
FengQ_2015	PWY-6803	2	0	0	4
FengQ_2015	PWY-7446	1	0	0	5
FengQ_2015	PWY-841	1	0	0	21
FengQ_2015	PWY-5913	2	0	0	9
FengQ_2015	PWY-7117	1	0	0	14
FengQ_2015	PWY-6731	1	0	0	4
FengQ_2015	P441-PWY	1	0	0	21
FengQ_2015	FERMENTATION-PWY	1	0	0	17
FengQ_2015	PWY0-1261	2	0	0	12
FengQ_2015	HEXITOLDEGSUPER-PWY	1	0	0	19
FengQ_2015	P4-PWY	1	0	0	18
FengQ_2015	ARG+POLYAMINE-SYN	1	0	0	17
FengQ_2015	SULFATE-CYS-PWY	1	0	0	9
FengQ_2015	PWY0-1479	1	0	0	10
FengQ_2015	PWY4LZ-257	1	0	0	9
FengQ_2015	PWY-6629	1	0	0	14
FengQ_2015	FOLSYN-PWY	1	0	0	12
FengQ_2015	GLYCOLYSIS-E-D	1	0	0	16
FengQ_2015	ORNDEG-PWY	1	0	0	9
FengQ_2015	PWY-6630	1	0	0	10
FengQ_2015	PWY-6628	1	0	0	10
FengQ_2015	FUC-RHAMCAT-PWY	1	0	1	12
FengQ_2015	PWY-6612	1	0	0	10
FengQ_2015	GLYCOLYSIS-TCA-GLYOX-BYPASS	1	0	0	26
FengQ_2015	BIOTIN-BIOSYNTHESIS-PWY	2	0	0	16
FengQ_2015	PWY-5971	1	0	0	31
FengQ_2015	PWY-6895	1	0	0	11
FengQ_2015	PWY-6969	1	0	0	10
FengQ_2015	PWY-6284	1	0	0	20
FengQ_2015	PWY-5189	2	0	1	4
FengQ_2015	PWY-5690	1	0	1	10
FengQ_2015	PWY-5723	2	0	0	10
FengQ_2015	PWY-6285	1	0	0	53
FengQ_2015	KETOGLUCONMET-PWY	1	0	0	8
FengQ_2015	P105-PWY	1	0	0	10
FengQ_2015	PWY-5918	1	0	0	10
FengQ_2015	POLYISOPRENSYN-PWY	2	0	0	6
FengQ_2015	PWY-6531	1	0	0	5
FengQ_2015	PWY-5897	1	0	0	10
FengQ_2015	PWY-5898	1	0	0	10
FengQ_2015	PWY-5899	1	0	0	10
FengQ_2015	PWY-5838	1	0	0	10
FengQ_2015	PWY-7254	1	0	0	10
FengQ_2015	PWY-5840	1	0	0	10
FengQ_2015	PWY0-1277	1	0	1	9
FengQ_2015	PWY-5861	1	0	0	9
FengQ_2015	ARGDEG-PWY	1	0	0	11
FengQ_2015	ORNARGDEG-PWY	1	0	0	11
FengQ_2015	PWY-5747	1	0	0	6
FengQ_2015	PWY-5675	1	0	1	4
FengQ_2015	PWY0-881	1	0	0	17
FengQ_2015	HCAMHPDEG-PWY	1	0	1	5
FengQ_2015	PWY-6690	1	0	1	5
FengQ_2015	METHGLYUT-PWY	1	0	0	8
FengQ_2015	PWY0-1415	1	0	0	6
FengQ_2015	PWY0-42	1	0	0	5
FengQ_2015	PWY-5845	1	0	0	10
FengQ_2015	PWY-5850	1	0	0	10
FengQ_2015	PWY-5896	1	0	0	10
FengQ_2015	PWY-5837	1	0	0	7
FengQ_2015	PWY-5863	1	0	0	16
FengQ_2015	PWY-5860	1	0	0	9
FengQ_2015	PWY-5862	1	0	0	9
FengQ_2015	PWY66-389	1	0	0	4
FengQ_2015	AST-PWY	2	0	0	5
FengQ_2015	PWY0-1338	1	0	0	6
FengQ_2015	PWY-7269	1	0	1	5
FengQ_2015	PWY-7204	1	0	0	9
FengQ_2015	PWY-5705	1	0	0	4
FengQ_2015	ECASYN-PWY	1	0	0	10
FengQ_2015	GLYCOL-GLYOXDEG-PWY	1	0	0	4
FengQ_2015	PWY-6749	1	0	1	10
FengQ_2015	PWY-6901	1	0	0	17
FengQ_2015	ANAEROFRUCAT-PWY	2	0	0	14
FengQ_2015	PWY0-781	1	0	0	25
FengQ_2015	PRPP-PWY	1	0	0	49
FengQ_2015	ENTBACSYN-PWY	1	0	0	11
FengQ_2015	PWY-561	1	0	0	15
FengQ_2015	GALACT-GLUCUROCAT-PWY	1	0	0	11
FengQ_2015	PWY-7209	1	0	0	5
FengQ_2015	PWY-5920	1	0	0	8
FengQ_2015	PWY-5656	1	0	0	4
FengQ_2015	PWY-6545	3	1	1	9
FengQ_2015	3-HYDROXYPHENYLACETATE-DEGRADATION-PWY	1	0	0	8
FengQ_2015	PPGPPMET-PWY	1	0	1	6
FengQ_2015	LPSSYN-PWY	1	0	0	26
FengQ_2015	PWY-7094	1	0	0	6
FengQ_2015	PWY-6859	1	0	0	4
FengQ_2015	UBISYN-PWY	1	0	0	13
FengQ_2015	PWY-5855	1	0	0	8
FengQ_2015	PWY-5856	1	0	0	8
FengQ_2015	PWY-5857	1	0	0	8
FengQ_2015	PWY-6708	1	0	0	8
FengQ_2015	PWY-6823	1	0	0	6
FengQ_2015	REDCITCYC	1	0	0	10
FengQ_2015	PWY-6837	1	0	0	5
FengQ_2015	P221-PWY	1	0	1	5
FengQ_2015	KDO-NAGLIPASYN-PWY	1	0	1	17
FengQ_2015	PWY-6071	1	0	0	12
FengQ_2015	PWY0-321	1	0	0	10
FengQ_2015	PWY0-41	1	0	0	8
FengQ_2015	PWY0-1533	1	0	0	4
FengQ_2015	PYRIDNUCSAL-PWY	1	0	0	7
FengQ_2015	PWY-7198	3	0	0	7
FengQ_2015	PWY-7328	1	0	0	6
FengQ_2015	PWY-7211	1	0	0	18
FengQ_2015	PWY-7210	1	0	0	8
FengQ_2015	PWY-5692	1	0	0	4
FengQ_2015	URDEGR-PWY	1	0	0	4
FengQ_2015	P122-PWY	1	0	0	18
FengQ_2015	PWY-6143	1	1	1	6
ThomasAM_2018a	PWY0-1586	36	0	5	12
ThomasAM_2018a	ILEUSYN-PWY	58	0	8	7
ThomasAM_2018a	PWY-7111	105	0	9	5
ThomasAM_2018a	VALSYN-PWY	110	0	7	4
ThomasAM_2018a	BRANCHED-CHAIN-AA-SYN-PWY	58	0	8	19
ThomasAM_2018a	PWY-5103	58	0	8	7
ThomasAM_2018a	PWY-1042	52	0	5	10
ThomasAM_2018a	NONOXIPENT-PWY	35	0	1	5
ThomasAM_2018a	CALVIN-PWY	27	0	5	13
ThomasAM_2018a	ARGSYNBSUB-PWY	55	0	11	9
ThomasAM_2018a	PWY-7229	24	0	1	8
ThomasAM_2018a	PWY-5695	64	0	6	4
ThomasAM_2018a	ARGSYN-PWY	44	0	9	9
ThomasAM_2018a	PWY-7400	43	0	9	14
ThomasAM_2018a	PWY-7221	98	0	9	4
ThomasAM_2018a	PWY-6126	24	0	1	8
ThomasAM_2018a	PWY-5686	93	0	10	6
ThomasAM_2018a	PWY-6936	39	0	6	5
ThomasAM_2018a	PWY-6385	71	0	4	14
ThomasAM_2018a	COA-PWY-1	105	0	9	5
ThomasAM_2018a	PWY-7220	53	0	4	4
ThomasAM_2018a	PWY-7222	53	0	4	4
ThomasAM_2018a	PWY-3001	20	0	5	13
ThomasAM_2018a	PWY-6387	92	0	8	8
ThomasAM_2018a	PWY-7664	6	0	2	14
ThomasAM_2018a	TRNA-CHARGING-PWY	46	0	4	21
ThomasAM_2018a	PWY-5971	1	0	1	31
ThomasAM_2018a	PWY-5097	77	0	9	7
ThomasAM_2018a	PWY-2942	75	0	9	8
ThomasAM_2018a	PEPTIDOGLYCANSYN-PWY	86	0	9	10
ThomasAM_2018a	PWY-6282	6	0	2	9
ThomasAM_2018a	PWY-6121	98	0	12	5
ThomasAM_2018a	ANAGLYCOLYSIS-PWY	13	0	1	11
ThomasAM_2018a	PWY0-862	7	0	2	6
ThomasAM_2018a	PWY-6122	110	0	11	5
ThomasAM_2018a	PWY-6277	110	0	11	5
ThomasAM_2018a	PWY-5973	27	0	1	5
ThomasAM_2018a	PWY-6609	94	0	7	4
ThomasAM_2018a	PWY-5104	9	0	2	6
ThomasAM_2018a	GLYCOLYSIS	5	0	1	12
ThomasAM_2018a	COMPLETE-ARO-PWY	31	0	6	17
ThomasAM_2018a	PWY-6386	81	0	6	8
ThomasAM_2018a	ARO-PWY	37	0	6	7
ThomasAM_2018a	1CMET2-PWY	60	0	9	9
ThomasAM_2018a	PWY-3841	73	0	9	11
ThomasAM_2018a	PANTO-PWY	65	0	4	4
ThomasAM_2018a	PWY-5154	6	0	2	9
ThomasAM_2018a	ANAEROFRUCAT-PWY	2	0	1	14
ThomasAM_2018a	PWY-5484	5	0	1	11
ThomasAM_2018a	METSYN-PWY	5	0	1	8
ThomasAM_2018a	PWY-5347	3	0	1	9
ThomasAM_2018a	THRESYN-PWY	31	0	5	6
ThomasAM_2018a	COA-PWY	87	0	9	4
ThomasAM_2018a	MET-SAM-PWY	4	0	1	9
ThomasAM_2018a	PWY-5667	62	0	8	4
ThomasAM_2018a	PWY0-1319	62	0	8	4
ThomasAM_2018a	FASYN-INITIAL-PWY	5	0	1	6
ThomasAM_2018a	PWY-724	27	0	5	10
ThomasAM_2018a	PWY-5188	24	0	5	6
ThomasAM_2018a	GLUTORN-PWY	47	0	7	5
ThomasAM_2018a	GLYCOCAT-PWY	5	0	2	8
ThomasAM_2018a	GLUCONEO-PWY	6	0	1	13
ThomasAM_2018a	PWY-7013	4	0	0	5
ThomasAM_2018a	PWY-6163	61	0	7	5
ThomasAM_2018a	TCA	2	0	1	11
ThomasAM_2018a	GLYCOGENSYNTH-PWY	34	0	8	4
ThomasAM_2018a	PANTOSYN-PWY	53	0	2	9
ThomasAM_2018a	PWY0-1261	2	0	1	12
ThomasAM_2018a	DAPLYSINESYN-PWY	6	0	4	9
ThomasAM_2018a	SER-GLYSYN-PWY	60	0	11	4
ThomasAM_2018a	PWY-6700	87	0	6	4
ThomasAM_2018a	PWY-6519	3	0	1	11
ThomasAM_2018a	PWY4LZ-257	2	0	1	9
ThomasAM_2018a	PWY-6305	7	0	2	4
ThomasAM_2018a	PWY-6285	1	0	1	53
ThomasAM_2018a	HEXITOLDEGSUPER-PWY	1	0	1	19
ThomasAM_2018a	PWY-5723	2	0	1	10
ThomasAM_2018a	BIOTIN-BIOSYNTHESIS-PWY	2	0	1	16
ThomasAM_2018a	P461-PWY	3	0	1	20
ThomasAM_2018a	PHOSLIPSYN-PWY	4	0	1	10
ThomasAM_2018a	P441-PWY	1	0	1	21
ThomasAM_2018a	FAO-PWY	3	0	2	7
ThomasAM_2018a	SALVADEHYPOX-PWY	8	0	2	5
ThomasAM_2018a	P161-PWY	3	0	1	5
ThomasAM_2018a	DTDPRHAMSYN-PWY	85	0	9	4
ThomasAM_2018a	GLYCOLYSIS-TCA-GLYOX-BYPASS	1	0	1	26
ThomasAM_2018a	PWY-6588	3	0	1	5
ThomasAM_2018a	PWY4FS-7	6	0	1	6
ThomasAM_2018a	PWY4FS-8	6	0	1	6
ThomasAM_2018a	TRPSYN-PWY	34	0	3	7
ThomasAM_2018a	FERMENTATION-PWY	2	0	1	17
ThomasAM_2018a	PWY-6123	58	0	7	6
ThomasAM_2018a	GALACTARDEG-PWY	3	0	1	4
ThomasAM_2018a	GLUCARGALACTSUPER-PWY	3	0	1	4
ThomasAM_2018a	UDPNAGSYN-PWY	28	0	5	5
ThomasAM_2018a	PWY0-1061	8	0	3	6
ThomasAM_2018a	PWY0-1297	6	0	1	7
ThomasAM_2018a	HISTSYN-PWY	59	0	9	11
ThomasAM_2018a	HOMOSER-METSYN-PWY	6	0	1	5
ThomasAM_2018a	PWY-4041	8	0	1	6
ThomasAM_2018a	PWY-6124	58	0	9	5
ThomasAM_2018a	RIBOSYN2-PWY	54	0	6	9
ThomasAM_2018a	PWY-6629	1	0	1	14
ThomasAM_2018a	PWY-6353	6	0	1	11
ThomasAM_2018a	FUCCAT-PWY	4	0	1	4
ThomasAM_2018a	PWY-5989	6	0	1	6
ThomasAM_2018a	PWY0-781	1	0	1	25
ThomasAM_2018a	P4-PWY	1	0	1	18
ThomasAM_2018a	PYRIDNUCSYN-PWY	37	0	1	6
ThomasAM_2018a	DENOVOPURINE2-PWY	1	0	1	27
ThomasAM_2018a	SULFATE-CYS-PWY	2	0	1	9
ThomasAM_2018a	HSERMETANA-PWY	31	0	5	4
ThomasAM_2018a	PWY-6901	1	0	1	17
ThomasAM_2018a	PWY-6284	1	0	1	20
ThomasAM_2018a	THISYN-PWY	7	0	1	12
ThomasAM_2018a	GLCMANNANAUT-PWY	6	0	2	5
ThomasAM_2018a	PWY-841	1	0	1	21
ThomasAM_2018a	PWY-6703	43	0	7	4
ThomasAM_2018a	GLYCOLYSIS-E-D	1	0	1	16
ThomasAM_2018a	TCA-GLYOX-BYPASS	2	0	1	13
ThomasAM_2018a	PWY-1269	13	0	1	5
ThomasAM_2018a	PWY-5838	2	0	1	10
ThomasAM_2018a	PWY-6151	64	0	7	4
ThomasAM_2018a	PWY-7357	36	0	2	6
ThomasAM_2018a	PRPP-PWY	1	0	1	49
ThomasAM_2018a	PWY-5897	2	0	1	10
ThomasAM_2018a	PWY-5898	2	0	1	10
ThomasAM_2018a	PWY-5899	2	0	1	10
ThomasAM_2018a	PWY-6628	2	0	1	10
ThomasAM_2018a	PWY0-1479	4	0	1	10
ThomasAM_2018a	PWY-6969	2	0	1	10
ThomasAM_2018a	COBALSYN-PWY	15	0	2	9
ThomasAM_2018a	PWY0-845	12	0	1	11
ThomasAM_2018a	PWY-6892	23	0	3	8
ThomasAM_2018a	ARG+POLYAMINE-SYN	1	0	1	17
ThomasAM_2018a	PWY-6895	2	0	1	11
ThomasAM_2018a	PWY-7187	2	0	1	7
ThomasAM_2018a	PWY-5136	3	0	2	5
ThomasAM_2018a	RHAMCAT-PWY	24	0	3	5
ThomasAM_2018a	PWY-6897	16	0	2	5
ThomasAM_2018a	PWY0-1298	2	0	1	6
ThomasAM_2018a	COLANSYN-PWY	1	0	1	12
ThomasAM_2018a	PWY-5913	2	0	1	9
ThomasAM_2018a	PWY0-166	6	0	1	14
ThomasAM_2018a	PWY-6527	23	0	2	7
ThomasAM_2018a	PWY-5840	2	0	1	10
ThomasAM_2018a	PWY-5845	2	0	1	10
ThomasAM_2018a	PWY-5850	2	0	1	10
ThomasAM_2018a	PWY-5896	2	0	1	10
ThomasAM_2018a	P105-PWY	2	0	1	10
ThomasAM_2018a	SO4ASSIM-PWY	2	0	1	4
ThomasAM_2018a	PWY0-162	6	0	1	9
ThomasAM_2018a	ORNDEG-PWY	1	0	0	9
ThomasAM_2018a	PWY66-409	1	0	1	17
ThomasAM_2018a	FUC-RHAMCAT-PWY	2	0	1	12
ThomasAM_2018a	NAGLIPASYN-PWY	7	0	1	6
ThomasAM_2018a	PWY-561	1	0	1	15
ThomasAM_2018a	PWY-5690	2	0	1	10
ThomasAM_2018a	PWY-6125	26	0	2	8
ThomasAM_2018a	GLUCOSE1PMETAB-PWY	5	0	3	5
ThomasAM_2018a	GALACT-GLUCUROCAT-PWY	2	0	2	11
ThomasAM_2018a	PWY-6891	2	0	1	7
ThomasAM_2018a	PWY-6471	1	0	0	16
ThomasAM_2018a	PYRIDNUCSAL-PWY	1	0	1	7
ThomasAM_2018a	PWY-7234	13	0	3	6
ThomasAM_2018a	PWY-6168	25	0	3	9
ThomasAM_2018a	PENTOSE-P-PWY	7	0	1	8
ThomasAM_2018a	PYRIDOXSYN-PWY	17	0	1	7
ThomasAM_2018a	PWY-7117	2	0	1	14
ThomasAM_2018a	PWY-7282	7	0	1	10
ThomasAM_2018a	PWY-5138	5	0	1	5
ThomasAM_2018a	PWY-5861	2	0	1	9
ThomasAM_2018a	PWY-5659	17	0	1	4
ThomasAM_2018a	PWY-7228	28	0	2	6
ThomasAM_2018a	ENTBACSYN-PWY	2	0	1	11
ThomasAM_2018a	PWY-7003	1	0	0	16
ThomasAM_2018a	PWY-7254	1	0	1	10
ThomasAM_2018a	OANTIGEN-PWY	3	0	1	10
ThomasAM_2018a	GLUCUROCAT-PWY	4	0	2	7
ThomasAM_2018a	PWY-7237	39	0	4	10
ThomasAM_2018a	PWY-5860	2	0	1	9
ThomasAM_2018a	PWY-5862	2	0	1	9
ThomasAM_2018a	PWY-6317	19	0	2	5
ThomasAM_2018a	HEMESYN2-PWY	3	0	1	4
ThomasAM_2018a	PWY0-1241	6	0	1	5
ThomasAM_2018a	HEME-BIOSYNTHESIS-II	1	0	1	4
ThomasAM_2018a	GLUCARDEG-PWY	2	0	1	4
ThomasAM_2018a	PWY-5918	1	0	1	10
ThomasAM_2018a	PWY-6606	7	0	2	4
ThomasAM_2018a	PWY-7094	1	0	1	6
ThomasAM_2018a	PWY-7184	7	0	1	9
ThomasAM_2018a	THISYNARA-PWY	26	0	1	7
ThomasAM_2018a	PWY-7315	3	0	1	4
ThomasAM_2018a	POLYISOPRENSYN-PWY	2	0	1	6
ThomasAM_2018a	PWY-6803	2	0	1	4
ThomasAM_2018a	PWY-5384	7	0	2	4
ThomasAM_2018a	KETOGLUCONMET-PWY	2	0	1	8
ThomasAM_2018a	POLYAMSYN-PWY	2	0	1	8
ThomasAM_2018a	PWY0-1415	1	0	1	6
ThomasAM_2018a	PWY-5675	1	0	1	4
ThomasAM_2018a	PWY0-1277	1	0	1	9
ThomasAM_2018a	PWY-6147	23	0	2	5
ThomasAM_2018a	GOLPDLCAT-PWY	4	0	0	4
ThomasAM_2018a	NAD-BIOSYNTHESIS-II	3	0	1	5
ThomasAM_2018a	PWY-7323	2	0	1	6
ThomasAM_2018a	PWY-5837	2	0	1	7
ThomasAM_2018a	PPGPPMET-PWY	3	0	1	6
ThomasAM_2018a	PWY-5367	3	0	1	6
ThomasAM_2018a	PWY-7385	1	0	0	9
ThomasAM_2018a	PWY-5920	1	0	1	8
ThomasAM_2018a	PWY-6531	2	0	1	5
ThomasAM_2018a	PWY-5863	2	0	1	16
ThomasAM_2018a	HCAMHPDEG-PWY	1	0	1	5
ThomasAM_2018a	PWY-6690	1	0	1	5
ThomasAM_2018a	PWY-6630	2	0	1	10
ThomasAM_2018a	PWY-5189	3	0	1	4
ThomasAM_2018a	CITRULBIO-PWY	5	0	1	8
ThomasAM_2018a	PWY-7204	1	0	1	9
ThomasAM_2018a	PWY-4702	2	0	1	14
ThomasAM_2018a	PWY-2941	5	0	0	9
ThomasAM_2018a	P185-PWY	1	0	0	12
ThomasAM_2018a	UBISYN-PWY	2	0	0	13
ThomasAM_2018a	PWY0-42	2	0	1	5
ThomasAM_2018a	ECASYN-PWY	2	0	0	10
ThomasAM_2018a	P164-PWY	3	0	0	15
ThomasAM_2018a	PWY-1861	1	0	0	9
ThomasAM_2018a	PWY-5855	2	0	0	8
ThomasAM_2018a	PWY-5856	2	0	0	8
ThomasAM_2018a	PWY-5857	2	0	0	8
ThomasAM_2018a	PWY-6708	2	0	0	8
ThomasAM_2018a	PWY-5747	2	0	1	6
ThomasAM_2018a	METHGLYUT-PWY	1	0	1	8
ThomasAM_2018a	AST-PWY	2	0	1	5
ThomasAM_2018a	HISDEG-PWY	35	0	3	4
ThomasAM_2018a	PWY-6859	2	0	1	4
ThomasAM_2018a	P122-PWY	1	0	0	18
ThomasAM_2018a	PWY-7446	2	0	1	5
ThomasAM_2018a	PWY-6837	1	0	1	5
ThomasAM_2018a	PWY-4984	3	0	0	5
ThomasAM_2018a	GLYCOL-GLYOXDEG-PWY	2	0	1	4
ThomasAM_2018a	ARGDEG-PWY	1	0	0	11
ThomasAM_2018a	ORNARGDEG-PWY	1	0	0	11
ThomasAM_2018a	ARGININE-SYN4-PWY	27	0	3	4
ThomasAM_2018a	LPSSYN-PWY	1	0	1	26
ThomasAM_2018a	PWY-5656	1	0	1	4
ThomasAM_2018a	PWY0-1338	2	0	0	6
ThomasAM_2018a	FOLSYN-PWY	1	0	1	12
ThomasAM_2018a	PWY-5030	19	0	1	6
ThomasAM_2018a	PWY-6876	1	0	0	5
ThomasAM_2018a	KDO-NAGLIPASYN-PWY	1	0	1	17
ThomasAM_2018a	AEROBACTINSYN-PWY	1	0	1	4
ThomasAM_2018a	PWY-6731	1	0	1	4
ThomasAM_2018a	PWY-6612	1	0	1	10
ThomasAM_2018a	PWY-6823	1	0	1	6
ThomasAM_2018a	PWY-5705	2	0	0	4
ThomasAM_2018a	PWY-6749	2	0	0	10
ThomasAM_2018a	PWY0-41	2	0	1	8
ThomasAM_2018a	PWY0-1533	2	0	0	4
ThomasAM_2018a	P162-PWY	1	0	0	10
ThomasAM_2018a	PWY-6595	1	0	0	6
ThomasAM_2018a	P163-PWY	1	0	1	10
ThomasAM_2018a	NONMEVIPP-PWY	3	0	1	9
ThomasAM_2018a	PWY-7316	2	0	0	4
ThomasAM_2018a	PWY-7198	3	0	0	7
ThomasAM_2018a	PWYG-321	5	0	1	205
ThomasAM_2018a	P124-PWY	3	0	1	15
ThomasAM_2018a	PWY-6545	2	0	0	9
ThomasAM_2018a	PWY-5941	3	0	0	6
ThomasAM_2018a	PWY-6143	1	0	0	6
ThomasAM_2018a	PWY-7371	2	0	0	5
ThomasAM_2018a	PWY-7312	2	0	0	4
ThomasAM_2018a	PWY-7328	1	0	1	6
ThomasAM_2018a	METH-ACETATE-PWY	4	0	0	6
ThomasAM_2018a	3-HYDROXYPHENYLACETATE-DEGRADATION-PWY	2	0	0	8
ThomasAM_2018a	PWY-7269	2	0	0	5
ThomasAM_2018a	LACTOSECAT-PWY	1	0	0	4
ThomasAM_2018a	PWY66-389	2	0	1	4
ThomasAM_2018a	P221-PWY	1	0	1	5
ThomasAM_2018a	PWY-7039	1	0	0	5
ThomasAM_2018a	PWY-7456	1	0	0	7
ThomasAM_2018a	PWY-7211	1	0	0	18
ThomasAM_2018a	PWY0-881	1	0	0	17
ThomasAM_2018a	PWY-7210	1	0	0	8
ThomasAM_2018a	PWY-7209	1	0	0	5
ThomasAM_2018a	REDCITCYC	1	0	0	10
ThomasAM_2018a	PWY-6071	1	0	1	12
ThomasAM_2018a	PWY0-321	1	0	1	10
ThomasAM_2018a	PWY-5692	2	0	0	4
ThomasAM_2018a	URDEGR-PWY	2	0	0	4
ThomasAM_2018a	P125-PWY	1	0	0	5
ThomasAM_2018a	PWY-6572	1	0	0	8
ThomasAM_2018a	PWY-6478	1	0	0	4
ThomasAM_2018a	PWY-5005	1	0	0	8
ThomasAM_2018b	PWY-1042	70	0	5	10
ThomasAM_2018b	ILEUSYN-PWY	84	0	3	7
ThomasAM_2018b	PWY-7111	133	0	8	5
ThomasAM_2018b	VALSYN-PWY	127	0	8	4
ThomasAM_2018b	PWY-5686	110	0	6	6
ThomasAM_2018b	PWY-6163	76	0	5	5
ThomasAM_2018b	PWY-6609	111	0	5	4
ThomasAM_2018b	PWY-6386	97	0	4	8
ThomasAM_2018b	PWY-7221	119	0	7	4
ThomasAM_2018b	PWY-6387	113	0	4	8
ThomasAM_2018b	ARO-PWY	51	0	0	7
ThomasAM_2018b	TRNA-CHARGING-PWY	57	0	4	21
ThomasAM_2018b	PEPTIDOGLYCANSYN-PWY	110	0	4	10
ThomasAM_2018b	DTDPRHAMSYN-PWY	105	0	2	4
ThomasAM_2018b	PWY-6700	102	0	6	4
ThomasAM_2018b	BRANCHED-CHAIN-AA-SYN-PWY	83	0	3	19
ThomasAM_2018b	CALVIN-PWY	29	0	1	13
ThomasAM_2018b	PWY-6385	88	0	4	14
ThomasAM_2018b	COA-PWY-1	116	0	3	5
ThomasAM_2018b	COMPLETE-ARO-PWY	43	0	0	17
ThomasAM_2018b	PWY-6151	91	0	4	4
ThomasAM_2018b	PWY-5103	83	0	3	7
ThomasAM_2018b	PWY-5667	75	0	2	4
ThomasAM_2018b	PWY0-1319	75	0	2	4
ThomasAM_2018b	PWY-5097	88	0	6	7
ThomasAM_2018b	PWY-6121	117	0	5	5
ThomasAM_2018b	PWY-3841	84	0	5	11
ThomasAM_2018b	ARGSYN-PWY	59	0	3	9
ThomasAM_2018b	PWY-7400	58	0	2	14
ThomasAM_2018b	RIBOSYN2-PWY	63	0	2	9
ThomasAM_2018b	ARGSYNBSUB-PWY	70	0	3	9
ThomasAM_2018b	PWY-6122	135	0	9	5
ThomasAM_2018b	PWY-6277	135	0	9	5
ThomasAM_2018b	1CMET2-PWY	71	0	4	9
ThomasAM_2018b	PWY-2942	88	0	5	8
ThomasAM_2018b	PANTOSYN-PWY	59	0	3	9
ThomasAM_2018b	PANTO-PWY	73	0	4	4
ThomasAM_2018b	COA-PWY	99	0	4	4
ThomasAM_2018b	PWY-5695	73	0	3	4
ThomasAM_2018b	PWY-7229	31	0	2	8
ThomasAM_2018b	PWY0-1586	48	0	2	12
ThomasAM_2018b	PWY-6168	33	0	2	9
ThomasAM_2018b	PWY-724	33	0	1	10
ThomasAM_2018b	ANAGLYCOLYSIS-PWY	26	0	0	11
ThomasAM_2018b	PWY-6123	68	0	4	6
ThomasAM_2018b	PWY-6126	31	0	2	8
ThomasAM_2018b	GLUTORN-PWY	60	0	4	5
ThomasAM_2018b	HISTSYN-PWY	63	0	6	11
ThomasAM_2018b	PWY-3001	32	0	2	13
ThomasAM_2018b	PWY-6124	69	0	6	5
ThomasAM_2018b	PWY-7220	61	0	6	4
ThomasAM_2018b	PWY-7222	61	0	6	4
ThomasAM_2018b	GLYCOGENSYNTH-PWY	49	0	0	4
ThomasAM_2018b	PWY-5973	27	0	2	5
ThomasAM_2018b	THRESYN-PWY	43	0	4	6
ThomasAM_2018b	PYRIDNUCSYN-PWY	36	0	3	6
ThomasAM_2018b	PWY-6317	30	0	1	5
ThomasAM_2018b	ANAEROFRUCAT-PWY	2	0	0	14
ThomasAM_2018b	NONOXIPENT-PWY	46	0	3	5
ThomasAM_2018b	PWY-6527	31	0	1	7
ThomasAM_2018b	PWY-6703	58	0	5	4
ThomasAM_2018b	SER-GLYSYN-PWY	68	0	4	4
ThomasAM_2018b	PWY-7357	48	0	3	6
ThomasAM_2018b	PWY-5154	8	0	0	9
ThomasAM_2018b	PWY-6936	59	0	4	5
ThomasAM_2018b	HSERMETANA-PWY	44	0	0	4
ThomasAM_2018b	OANTIGEN-PWY	12	0	1	10
ThomasAM_2018b	PWY-6897	18	0	0	5
ThomasAM_2018b	PWY-7237	47	0	4	10
ThomasAM_2018b	THISYN-PWY	7	0	0	12
ThomasAM_2018b	COBALSYN-PWY	18	0	1	9
ThomasAM_2018b	THISYNARA-PWY	31	0	5	7
ThomasAM_2018b	GLYCOLYSIS	5	0	0	12
ThomasAM_2018b	TRPSYN-PWY	42	0	1	7
ThomasAM_2018b	GLUCONEO-PWY	4	0	0	13
ThomasAM_2018b	PWY-5971	1	0	0	31
ThomasAM_2018b	PWYG-321	4	0	0	205
ThomasAM_2018b	PWY-7664	5	0	0	14
ThomasAM_2018b	PWY-6892	28	0	2	8
ThomasAM_2018b	ARGININE-SYN4-PWY	25	0	1	4
ThomasAM_2018b	DENOVOPURINE2-PWY	5	0	0	27
ThomasAM_2018b	PWY-5484	5	0	0	11
ThomasAM_2018b	PWY-841	2	0	0	21
ThomasAM_2018b	PWY0-862	6	0	0	6
ThomasAM_2018b	BIOTIN-BIOSYNTHESIS-PWY	3	0	0	16
ThomasAM_2018b	PWY-6282	5	0	0	9
ThomasAM_2018b	FASYN-INITIAL-PWY	4	0	1	6
ThomasAM_2018b	PWY-6519	3	0	0	11
ThomasAM_2018b	PHOSLIPSYN-PWY	4	0	0	10
ThomasAM_2018b	UDPNAGSYN-PWY	43	0	1	5
ThomasAM_2018b	PWY-5989	4	0	0	6
ThomasAM_2018b	PWY0-162	6	0	0	9
ThomasAM_2018b	MET-SAM-PWY	6	0	0	9
ThomasAM_2018b	PWY-6305	7	0	0	4
ThomasAM_2018b	PWY-5347	4	0	0	9
ThomasAM_2018b	ARG+POLYAMINE-SYN	1	0	0	17
ThomasAM_2018b	METSYN-PWY	6	0	0	8
ThomasAM_2018b	PWY-7187	6	0	0	7
ThomasAM_2018b	PWY0-166	8	0	0	14
ThomasAM_2018b	PWY-6895	1	0	0	11
ThomasAM_2018b	PWY-6353	5	0	0	11
ThomasAM_2018b	PWY-6125	31	0	3	8
ThomasAM_2018b	HEXITOLDEGSUPER-PWY	1	0	0	19
ThomasAM_2018b	PWY-7228	34	0	5	6
ThomasAM_2018b	PWY66-409	5	0	0	17
ThomasAM_2018b	PWY4FS-7	10	0	0	6
ThomasAM_2018b	PWY4FS-8	10	0	0	6
ThomasAM_2018b	PRPP-PWY	1	0	0	49
ThomasAM_2018b	RHAMCAT-PWY	21	0	0	5
ThomasAM_2018b	CITRULBIO-PWY	4	0	0	8
ThomasAM_2018b	PWY-5188	23	0	1	6
ThomasAM_2018b	GLCMANNANAUT-PWY	7	0	0	5
ThomasAM_2018b	SALVADEHYPOX-PWY	6	0	0	5
ThomasAM_2018b	PWY0-1261	1	0	0	12
ThomasAM_2018b	PWY-6901	1	0	0	17
ThomasAM_2018b	COLANSYN-PWY	2	0	0	12
ThomasAM_2018b	P441-PWY	1	0	0	21
ThomasAM_2018b	PWY-4984	3	0	0	5
ThomasAM_2018b	DAPLYSINESYN-PWY	6	0	0	9
ThomasAM_2018b	PWY-7282	8	0	0	10
ThomasAM_2018b	PWY-5104	13	0	0	6
ThomasAM_2018b	POLYAMSYN-PWY	1	0	0	8
ThomasAM_2018b	PWY-7184	9	0	0	9
ThomasAM_2018b	METH-ACETATE-PWY	4	0	0	6
ThomasAM_2018b	PWY-6545	3	0	0	9
ThomasAM_2018b	HOMOSER-METSYN-PWY	6	0	0	5
ThomasAM_2018b	PWY-4041	13	0	0	6
ThomasAM_2018b	PWY-5659	22	0	1	4
ThomasAM_2018b	PWY-7323	2	0	0	6
ThomasAM_2018b	PWY-7234	23	0	3	6
ThomasAM_2018b	PWY-6628	1	0	0	10
ThomasAM_2018b	GLUCUROCAT-PWY	3	0	0	7
ThomasAM_2018b	PWY-7456	4	0	0	7
ThomasAM_2018b	TCA	1	0	0	11
ThomasAM_2018b	P461-PWY	2	0	0	20
ThomasAM_2018b	PWY-2941	16	0	1	9
ThomasAM_2018b	PWY0-1061	8	0	0	6
ThomasAM_2018b	GALACT-GLUCUROCAT-PWY	1	0	0	11
ThomasAM_2018b	SULFATE-CYS-PWY	1	0	0	9
ThomasAM_2018b	PWY-6606	5	0	0	4
ThomasAM_2018b	PWY-6629	1	0	0	14
ThomasAM_2018b	PYRIDNUCSAL-PWY	2	0	0	7
ThomasAM_2018b	FERMENTATION-PWY	1	0	0	17
ThomasAM_2018b	PWY-6969	1	0	0	10
ThomasAM_2018b	PWY0-1297	10	0	0	7
ThomasAM_2018b	FAO-PWY	1	0	0	7
ThomasAM_2018b	PWY0-781	1	0	0	25
ThomasAM_2018b	GLYCOLYSIS-E-D	1	0	0	16
ThomasAM_2018b	PENTOSE-P-PWY	6	0	0	8
ThomasAM_2018b	PWY-5136	1	0	0	5
ThomasAM_2018b	P4-PWY	1	0	0	18
ThomasAM_2018b	PWY0-845	15	0	2	11
ThomasAM_2018b	PWY-6284	1	0	0	20
ThomasAM_2018b	PWY-6147	25	0	3	5
ThomasAM_2018b	PWY-6285	1	0	0	53
ThomasAM_2018b	PWY-5690	1	0	0	10
ThomasAM_2018b	PWY-1269	13	0	1	5
ThomasAM_2018b	FUC-RHAMCAT-PWY	1	0	0	12
ThomasAM_2018b	PWY-1861	3	0	0	9
ThomasAM_2018b	PYRIDOXSYN-PWY	17	0	2	7
ThomasAM_2018b	LACTOSECAT-PWY	13	0	0	4
ThomasAM_2018b	GLYCOLYSIS-TCA-GLYOX-BYPASS	1	0	0	26
ThomasAM_2018b	PWY-7117	1	0	0	14
ThomasAM_2018b	HISDEG-PWY	35	0	4	4
ThomasAM_2018b	PWY-6891	4	0	0	7
ThomasAM_2018b	PWY-5838	1	0	0	10
ThomasAM_2018b	PWY-5913	1	0	0	9
ThomasAM_2018b	GLYCOCAT-PWY	7	0	0	8
ThomasAM_2018b	ENTBACSYN-PWY	1	0	0	11
ThomasAM_2018b	PWY-5897	1	0	0	10
ThomasAM_2018b	PWY-5898	1	0	0	10
ThomasAM_2018b	PWY-5899	1	0	0	10
ThomasAM_2018b	PWY-5030	23	0	5	6
ThomasAM_2018b	FUCCAT-PWY	3	0	0	4
ThomasAM_2018b	FOLSYN-PWY	1	0	0	12
ThomasAM_2018b	PWY-5723	1	0	0	10
ThomasAM_2018b	PWY-6630	1	0	0	10
ThomasAM_2018b	SO4ASSIM-PWY	1	0	0	4
ThomasAM_2018b	TEICHOICACID-PWY	3	0	1	12
ThomasAM_2018b	POLYISOPRENSYN-PWY	1	0	0	6
ThomasAM_2018b	PWY0-1479	1	0	0	10
ThomasAM_2018b	HEMESYN2-PWY	1	0	0	4
ThomasAM_2018b	P105-PWY	1	0	0	10
ThomasAM_2018b	KETOGLUCONMET-PWY	1	0	0	8
ThomasAM_2018b	PWY-5861	1	0	0	9
ThomasAM_2018b	NAGLIPASYN-PWY	6	0	0	6
ThomasAM_2018b	TCA-GLYOX-BYPASS	1	0	0	13
ThomasAM_2018b	PWY-5845	1	0	0	10
ThomasAM_2018b	PWY-7254	1	0	0	10
ThomasAM_2018b	PWY-6731	1	0	1	4
ThomasAM_2018b	PWY-6612	1	0	0	10
ThomasAM_2018b	PWY-7328	1	0	0	6
ThomasAM_2018b	PWY-561	1	0	0	15
ThomasAM_2018b	GALACTARDEG-PWY	2	0	0	4
ThomasAM_2018b	GLUCARGALACTSUPER-PWY	2	0	0	4
ThomasAM_2018b	PWY-5918	1	0	0	10
ThomasAM_2018b	PWY-7013	5	0	0	5
ThomasAM_2018b	GOLPDLCAT-PWY	5	0	0	4
ThomasAM_2018b	PWY-5840	1	0	0	10
ThomasAM_2018b	PWY-5850	1	0	0	10
ThomasAM_2018b	PWY-5896	1	0	0	10
ThomasAM_2018b	PWY-6803	1	0	0	4
ThomasAM_2018b	PWY-5384	8	0	0	4
ThomasAM_2018b	GLUCOSE1PMETAB-PWY	7	0	0	5
ThomasAM_2018b	PWY-4702	1	0	0	14
ThomasAM_2018b	PWY0-1298	1	0	0	6
ThomasAM_2018b	PWY-5367	2	0	0	6
ThomasAM_2018b	HEME-BIOSYNTHESIS-II	3	0	0	4
ThomasAM_2018b	METHGLYUT-PWY	1	0	0	8
ThomasAM_2018b	PWY-7315	5	0	0	4
ThomasAM_2018b	GLUCARDEG-PWY	1	0	0	4
ThomasAM_2018b	PWY-6531	1	0	0	5
ThomasAM_2018b	PWY-5862	1	0	0	9
ThomasAM_2018b	NAD-BIOSYNTHESIS-II	2	0	0	5
ThomasAM_2018b	PWY-5863	1	0	0	16
ThomasAM_2018b	PWY-5189	1	0	0	4
ThomasAM_2018b	PWY-5837	1	0	0	7
ThomasAM_2018b	PWY-5675	1	0	0	4
ThomasAM_2018b	PWY-5860	1	0	0	9
ThomasAM_2018b	PWY-6588	3	0	0	5
ThomasAM_2018b	PWY-7204	1	0	0	9
ThomasAM_2018b	PWY0-1415	1	0	0	6
ThomasAM_2018b	PWY4LZ-257	1	0	0	9
ThomasAM_2018b	PWY0-1241	5	0	0	5
ThomasAM_2018b	PWY-5656	1	0	0	4
ThomasAM_2018b	PWY-5920	1	0	0	8
ThomasAM_2018b	P161-PWY	2	0	0	5
ThomasAM_2018b	PWY-7312	2	0	0	4
ThomasAM_2018b	PWY0-42	1	0	0	5
ThomasAM_2018b	PWY-5747	1	0	0	6
ThomasAM_2018b	PWY-7094	1	0	0	6
ThomasAM_2018b	AST-PWY	1	0	0	5
ThomasAM_2018b	P125-PWY	4	0	0	5
ThomasAM_2018b	PWY-5941	4	0	0	6
ThomasAM_2018b	P122-PWY	1	0	0	18
ThomasAM_2018b	PWY-5138	2	0	0	5
ThomasAM_2018b	PWY-7446	1	0	0	5
ThomasAM_2018b	GLYCOL-GLYOXDEG-PWY	1	0	0	4
ThomasAM_2018b	PWY-6823	1	0	0	6
ThomasAM_2018b	UBISYN-PWY	1	0	0	13
ThomasAM_2018b	PWY-5705	1	0	1	4
ThomasAM_2018b	KDO-NAGLIPASYN-PWY	1	0	0	17
ThomasAM_2018b	PWY-5855	1	0	0	8
ThomasAM_2018b	PWY-5856	1	0	0	8
ThomasAM_2018b	PWY-5857	1	0	0	8
ThomasAM_2018b	PWY-6708	1	0	0	8
ThomasAM_2018b	PWY0-41	1	0	0	8
ThomasAM_2018b	PWY-6837	1	0	1	5
ThomasAM_2018b	PWY-6471	2	0	0	16
ThomasAM_2018b	NONMEVIPP-PWY	5	0	0	9
ThomasAM_2018b	PWY-6167	2	0	2	10
ThomasAM_2018b	PWY-5101	2	0	2	8
ThomasAM_2018b	P124-PWY	2	0	0	15
ThomasAM_2018b	PWY-5005	1	0	0	8
ThomasAM_2018b	METHANOGENESIS-PWY	2	0	2	6
ThomasAM_2018b	PWY-7316	2	0	0	4
ThomasAM_2018b	PWY-6349	2	0	2	6
ThomasAM_2018b	PWY-5198	2	0	2	6
ThomasAM_2018b	PWY-6749	1	0	0	10
ThomasAM_2018b	AEROBACTINSYN-PWY	1	0	0	4
ThomasAM_2018b	PWY-6859	1	0	0	4
ThomasAM_2018b	PWY-6876	1	0	0	5
ThomasAM_2018b	PWY-6572	1	0	0	8
ThomasAM_2018b	ORNDEG-PWY	1	0	0	9
ThomasAM_2018b	ARGDEG-PWY	1	0	1	11
ThomasAM_2018b	ORNARGDEG-PWY	1	0	1	11
ThomasAM_2018b	PPGPPMET-PWY	1	0	0	6
ThomasAM_2018b	PWY0-1277	1	0	0	9
ThomasAM_2018b	PWY66-389	1	0	0	4
ThomasAM_2018b	ECASYN-PWY	1	0	0	10
ThomasAM_2018b	HCAMHPDEG-PWY	1	0	0	5
ThomasAM_2018b	PWY-6690	1	0	0	5
ThomasAM_2018b	PWY-7269	1	0	0	5
ThomasAM_2018b	LPSSYN-PWY	1	0	0	26
ThomasAM_2018b	PWY0-1338	1	0	0	6
ThomasAM_2018b	PWY-7371	3	0	0	5
ThomasAM_2018b	PWY-6953	1	0	0	5
ThomasAM_2018b	PWY-6478	1	0	0	4
ThomasAM_2018b	PWY-7198	2	0	0	7
ThomasAM_2018b	PWY-6143	1	0	0	6
ThomasAM_2019_c	ILEUSYN-PWY	85	0	3	7
ThomasAM_2019_c	PWY-7111	138	0	9	5
ThomasAM_2019_c	VALSYN-PWY	141	0	12	4
ThomasAM_2019_c	PWY-1042	81	0	7	10
ThomasAM_2019_c	TRNA-CHARGING-PWY	59	0	4	21
ThomasAM_2019_c	PWY-5686	123	0	5	6
ThomasAM_2019_c	PWY-7229	39	0	3	8
ThomasAM_2019_c	CALVIN-PWY	37	0	0	13
ThomasAM_2019_c	PWY-6387	127	0	6	8
ThomasAM_2019_c	PEPTIDOGLYCANSYN-PWY	120	0	7	10
ThomasAM_2019_c	PWY-6386	110	0	5	8
ThomasAM_2019_c	PWY-6385	102	0	7	14
ThomasAM_2019_c	PWY-6609	123	0	6	4
ThomasAM_2019_c	PWY0-1586	55	0	2	12
ThomasAM_2019_c	PWY-6126	39	0	3	8
ThomasAM_2019_c	PWY-5695	77	0	4	4
ThomasAM_2019_c	PWY-7221	129	0	7	4
ThomasAM_2019_c	PWY-6122	144	0	13	5
ThomasAM_2019_c	PWY-6277	144	0	13	5
ThomasAM_2019_c	DTDPRHAMSYN-PWY	101	0	7	4
ThomasAM_2019_c	BRANCHED-CHAIN-AA-SYN-PWY	84	0	3	19
ThomasAM_2019_c	COA-PWY-1	133	0	8	5
ThomasAM_2019_c	PWY0-1319	88	0	4	4
ThomasAM_2019_c	PWY-5667	86	0	4	4
ThomasAM_2019_c	ARO-PWY	61	0	2	7
ThomasAM_2019_c	PWY-3841	94	0	5	11
ThomasAM_2019_c	PWY-6163	89	0	5	5
ThomasAM_2019_c	PWY-6121	127	0	8	5
ThomasAM_2019_c	COMPLETE-ARO-PWY	51	0	2	17
ThomasAM_2019_c	PWY-5103	84	0	3	7
ThomasAM_2019_c	1CMET2-PWY	87	0	4	9
ThomasAM_2019_c	COA-PWY	117	0	7	4
ThomasAM_2019_c	ANAGLYCOLYSIS-PWY	26	0	1	11
ThomasAM_2019_c	PWY-5097	98	0	10	7
ThomasAM_2019_c	PWY-2942	99	0	7	8
ThomasAM_2019_c	PWY-7220	72	0	7	4
ThomasAM_2019_c	PWY-7222	72	0	7	4
ThomasAM_2019_c	NONOXIPENT-PWY	54	0	4	5
ThomasAM_2019_c	PWY-7400	62	0	4	14
ThomasAM_2019_c	ARGSYN-PWY	63	0	4	9
ThomasAM_2019_c	PWY-3001	39	0	0	13
ThomasAM_2019_c	ARGSYNBSUB-PWY	75	0	4	9
ThomasAM_2019_c	PWY-6151	94	0	6	4
ThomasAM_2019_c	PWY-6700	120	0	5	4
ThomasAM_2019_c	ANAEROFRUCAT-PWY	1	0	0	14
ThomasAM_2019_c	PWY-724	39	0	3	10
ThomasAM_2019_c	GLYCOLYSIS	7	0	0	12
ThomasAM_2019_c	HISTSYN-PWY	70	0	4	11
ThomasAM_2019_c	PWY-5973	29	0	4	5
ThomasAM_2019_c	PANTOSYN-PWY	61	0	2	9
ThomasAM_2019_c	GLUTORN-PWY	66	0	2	5
ThomasAM_2019_c	RIBOSYN2-PWY	77	0	4	9
ThomasAM_2019_c	THRESYN-PWY	51	0	1	6
ThomasAM_2019_c	PWY-5484	6	0	0	11
ThomasAM_2019_c	PYRIDNUCSYN-PWY	39	0	1	6
ThomasAM_2019_c	PANTO-PWY	72	0	2	4
ThomasAM_2019_c	PHOSLIPSYN-PWY	8	0	0	10
ThomasAM_2019_c	GLUCONEO-PWY	4	0	0	13
ThomasAM_2019_c	DENOVOPURINE2-PWY	6	0	0	27
ThomasAM_2019_c	PWY-841	2	0	0	21
ThomasAM_2019_c	HSERMETANA-PWY	49	0	6	4
ThomasAM_2019_c	SALVADEHYPOX-PWY	13	0	0	5
ThomasAM_2019_c	PWY-6123	74	0	5	6
ThomasAM_2019_c	SER-GLYSYN-PWY	71	0	4	4
ThomasAM_2019_c	OANTIGEN-PWY	12	0	0	10
ThomasAM_2019_c	PWY-6936	64	0	3	5
ThomasAM_2019_c	PWYG-321	4	0	0	205
ThomasAM_2019_c	PWY-6168	45	0	1	9
ThomasAM_2019_c	PWY-5971	1	0	0	31
ThomasAM_2019_c	PWY-7664	7	0	0	14
ThomasAM_2019_c	PWY-6124	74	0	4	5
ThomasAM_2019_c	TRPSYN-PWY	50	0	2	7
ThomasAM_2019_c	PWY-6527	35	0	1	7
ThomasAM_2019_c	THISYN-PWY	7	0	0	12
ThomasAM_2019_c	PWY-6125	38	0	2	8
ThomasAM_2019_c	PWY0-166	14	0	2	14
ThomasAM_2019_c	PWY0-862	10	0	0	6
ThomasAM_2019_c	PWY-6317	38	0	2	5
ThomasAM_2019_c	PWY-6282	7	0	0	9
ThomasAM_2019_c	PWY-7187	8	0	1	7
ThomasAM_2019_c	PWY-5154	10	0	0	9
ThomasAM_2019_c	FASYN-INITIAL-PWY	6	0	0	6
ThomasAM_2019_c	PWY-7228	40	0	3	6
ThomasAM_2019_c	PWY-6895	1	0	0	11
ThomasAM_2019_c	GLYCOGENSYNTH-PWY	51	0	2	4
ThomasAM_2019_c	HEXITOLDEGSUPER-PWY	1	0	0	19
ThomasAM_2019_c	PWY-6629	1	0	0	14
ThomasAM_2019_c	PWY4FS-7	13	0	0	6
ThomasAM_2019_c	PWY4FS-8	13	0	0	6
ThomasAM_2019_c	PWY-6897	22	0	0	5
ThomasAM_2019_c	UDPNAGSYN-PWY	53	0	4	5
ThomasAM_2019_c	PWY0-1261	5	0	0	12
ThomasAM_2019_c	PRPP-PWY	1	0	0	49
ThomasAM_2019_c	PWY-6901	1	0	0	17
ThomasAM_2019_c	ARG+POLYAMINE-SYN	1	0	0	17
ThomasAM_2019_c	MET-SAM-PWY	9	0	0	9
ThomasAM_2019_c	PWY-5989	6	0	0	6
ThomasAM_2019_c	PWY-6703	64	0	6	4
ThomasAM_2019_c	PWY-7357	52	0	3	6
ThomasAM_2019_c	PWY-5347	8	0	0	9
ThomasAM_2019_c	PWY0-162	6	0	0	9
ThomasAM_2019_c	METSYN-PWY	11	0	0	8
ThomasAM_2019_c	P461-PWY	4	0	0	20
ThomasAM_2019_c	PWY-6353	6	0	0	11
ThomasAM_2019_c	PWY-1269	14	0	1	5
ThomasAM_2019_c	GLYCOLYSIS-E-D	1	0	0	16
ThomasAM_2019_c	P441-PWY	1	0	0	21
ThomasAM_2019_c	PWY-7184	15	0	2	9
ThomasAM_2019_c	TCA	2	0	0	11
ThomasAM_2019_c	PENTOSE-P-PWY	13	0	0	8
ThomasAM_2019_c	PWY-7282	12	0	0	10
ThomasAM_2019_c	THISYNARA-PWY	30	0	0	7
ThomasAM_2019_c	PWY-6519	4	0	0	11
ThomasAM_2019_c	BIOTIN-BIOSYNTHESIS-PWY	3	0	0	16
ThomasAM_2019_c	SULFATE-CYS-PWY	3	0	0	9
ThomasAM_2019_c	GLYCOLYSIS-TCA-GLYOX-BYPASS	1	0	0	26
ThomasAM_2019_c	PWY-6628	1	0	0	10
ThomasAM_2019_c	PWY66-409	4	0	2	17
ThomasAM_2019_c	PWY-7234	22	0	0	6
ThomasAM_2019_c	COLANSYN-PWY	2	0	0	12
ThomasAM_2019_c	POLYAMSYN-PWY	2	0	0	8
ThomasAM_2019_c	PWY0-781	1	0	0	25
ThomasAM_2019_c	PWY-5104	15	0	0	6
ThomasAM_2019_c	DAPLYSINESYN-PWY	8	0	0	9
ThomasAM_2019_c	PWY-6892	28	0	3	8
ThomasAM_2019_c	PWY0-1297	13	0	0	7
ThomasAM_2019_c	PWY-5723	2	0	0	10
ThomasAM_2019_c	PWY-6305	11	0	2	4
ThomasAM_2019_c	P4-PWY	1	0	0	18
ThomasAM_2019_c	PWY-6630	1	0	0	10
ThomasAM_2019_c	PWY0-1479	4	0	1	10
ThomasAM_2019_c	PWY-7323	2	0	0	6
ThomasAM_2019_c	PWY-5913	6	0	1	9
ThomasAM_2019_c	PWY-5659	25	0	0	4
ThomasAM_2019_c	PWY-7117	4	0	0	14
ThomasAM_2019_c	CITRULBIO-PWY	4	0	0	8
ThomasAM_2019_c	FAO-PWY	4	0	0	7
ThomasAM_2019_c	PWY-6471	3	0	0	16
ThomasAM_2019_c	PWY-6891	3	0	0	7
ThomasAM_2019_c	PWY-7237	49	0	1	10
ThomasAM_2019_c	SO4ASSIM-PWY	4	0	0	4
ThomasAM_2019_c	PWY-6147	29	0	1	5
ThomasAM_2019_c	PWY0-845	15	0	1	11
ThomasAM_2019_c	PWY-6285	1	0	0	53
ThomasAM_2019_c	PWY-2941	15	0	1	9
ThomasAM_2019_c	GALACT-GLUCUROCAT-PWY	1	0	0	11
ThomasAM_2019_c	PWY-6969	2	0	0	10
ThomasAM_2019_c	GLCMANNANAUT-PWY	14	0	0	5
ThomasAM_2019_c	HISDEG-PWY	39	0	2	4
ThomasAM_2019_c	PWY-4041	17	0	2	6
ThomasAM_2019_c	HOMOSER-METSYN-PWY	11	0	0	5
ThomasAM_2019_c	PWY0-1298	6	0	0	6
ThomasAM_2019_c	PWY-5188	32	0	2	6
ThomasAM_2019_c	NAGLIPASYN-PWY	8	0	1	6
ThomasAM_2019_c	GLUCUROCAT-PWY	3	0	0	7
ThomasAM_2019_c	RHAMCAT-PWY	23	0	2	5
ThomasAM_2019_c	PWY4LZ-257	2	0	0	9
ThomasAM_2019_c	TCA-GLYOX-BYPASS	2	0	0	13
ThomasAM_2019_c	PWY-4984	3	0	0	5
ThomasAM_2019_c	PWY-6545	3	0	1	9
ThomasAM_2019_c	FERMENTATION-PWY	3	0	0	17
ThomasAM_2019_c	PWY-5136	3	0	0	5
ThomasAM_2019_c	PWY-5838	2	0	0	10
ThomasAM_2019_c	P161-PWY	7	0	0	5
ThomasAM_2019_c	COBALSYN-PWY	17	0	0	9
ThomasAM_2019_c	PWY-7456	2	0	0	7
ThomasAM_2019_c	PWY-5675	2	0	0	4
ThomasAM_2019_c	PYRIDOXSYN-PWY	18	0	2	7
ThomasAM_2019_c	FUC-RHAMCAT-PWY	1	0	0	12
ThomasAM_2019_c	PWY-5897	2	0	0	10
ThomasAM_2019_c	PWY-5898	2	0	0	10
ThomasAM_2019_c	PWY-5899	2	0	0	10
ThomasAM_2019_c	ARGININE-SYN4-PWY	25	0	1	4
ThomasAM_2019_c	GLUCOSE1PMETAB-PWY	6	0	0	5
ThomasAM_2019_c	PWY-6606	11	0	0	4
ThomasAM_2019_c	PWY-4702	2	0	0	14
ThomasAM_2019_c	FUCCAT-PWY	4	0	0	4
ThomasAM_2019_c	PWY-5030	22	0	0	6
ThomasAM_2019_c	GLYCOCAT-PWY	6	0	0	8
ThomasAM_2019_c	PWY-6284	1	0	0	20
ThomasAM_2019_c	PWY-6876	1	0	0	5
ThomasAM_2019_c	PWY-5861	2	0	0	9
ThomasAM_2019_c	ENTBACSYN-PWY	1	0	0	11
ThomasAM_2019_c	POLYISOPRENSYN-PWY	2	0	0	6
ThomasAM_2019_c	PWY-5840	2	0	0	10
ThomasAM_2019_c	PWY-5845	2	0	0	10
ThomasAM_2019_c	PWY-5850	2	0	0	10
ThomasAM_2019_c	PWY-5896	2	0	0	10
ThomasAM_2019_c	ORNDEG-PWY	1	0	0	9
ThomasAM_2019_c	GALACTARDEG-PWY	5	0	0	4
ThomasAM_2019_c	GLUCARGALACTSUPER-PWY	5	0	0	4
ThomasAM_2019_c	PWY0-1061	10	0	0	6
ThomasAM_2019_c	PWY-561	1	0	0	15
ThomasAM_2019_c	PWY-6531	1	0	0	5
ThomasAM_2019_c	ARGDEG-PWY	1	0	0	11
ThomasAM_2019_c	ORNARGDEG-PWY	1	0	0	11
ThomasAM_2019_c	PWY-5918	1	0	0	10
ThomasAM_2019_c	P105-PWY	2	0	0	10
ThomasAM_2019_c	PWY-5189	1	0	0	4
ThomasAM_2019_c	P164-PWY	6	0	0	15
ThomasAM_2019_c	PWY-5384	10	0	0	4
ThomasAM_2019_c	FOLSYN-PWY	3	0	0	12
ThomasAM_2019_c	PWY-5860	2	0	0	9
ThomasAM_2019_c	PWY-5862	2	0	0	9
ThomasAM_2019_c	HEMESYN2-PWY	3	0	1	4
ThomasAM_2019_c	PWY-7315	4	0	0	4
ThomasAM_2019_c	PWY-6803	2	0	0	4
ThomasAM_2019_c	PWY-7328	1	0	0	6
ThomasAM_2019_c	PWY0-1277	1	0	0	9
ThomasAM_2019_c	PWY-6731	1	0	0	4
ThomasAM_2019_c	PWY-5690	2	0	0	10
ThomasAM_2019_c	PWY-7254	2	0	0	10
ThomasAM_2019_c	PWY-5656	1	0	0	4
ThomasAM_2019_c	PWY-7204	2	0	0	9
ThomasAM_2019_c	PWY-6859	2	0	0	4
ThomasAM_2019_c	GLUCARDEG-PWY	4	0	0	4
ThomasAM_2019_c	METHGLYUT-PWY	1	0	0	8
ThomasAM_2019_c	PWY-5837	6	0	0	7
ThomasAM_2019_c	HEME-BIOSYNTHESIS-II	6	0	0	4
ThomasAM_2019_c	NAD-BIOSYNTHESIS-II	6	0	0	5
ThomasAM_2019_c	PWY-6612	3	0	0	10
ThomasAM_2019_c	PWY0-1415	2	0	0	6
ThomasAM_2019_c	PWY-5863	4	0	0	16
ThomasAM_2019_c	HCAMHPDEG-PWY	1	0	0	5
ThomasAM_2019_c	PWY-6690	1	0	0	5
ThomasAM_2019_c	PPGPPMET-PWY	4	0	0	6
ThomasAM_2019_c	3-HYDROXYPHENYLACETATE-DEGRADATION-PWY	1	0	0	8
ThomasAM_2019_c	PWY-5941	3	0	0	6
ThomasAM_2019_c	PWY0-1241	12	0	0	5
ThomasAM_2019_c	PWY-5367	6	0	0	6
ThomasAM_2019_c	LACTOSECAT-PWY	8	0	0	4
ThomasAM_2019_c	PWY-7094	1	0	0	6
ThomasAM_2019_c	PWY0-42	1	0	0	5
ThomasAM_2019_c	PWY-7269	2	0	0	5
ThomasAM_2019_c	PWY-5747	1	0	0	6
ThomasAM_2019_c	AST-PWY	2	0	0	5
ThomasAM_2019_c	LPSSYN-PWY	1	0	0	26
ThomasAM_2019_c	PWY-5138	5	0	0	5
ThomasAM_2019_c	PWY-7371	4	0	0	5
ThomasAM_2019_c	PWY-7446	2	0	0	5
ThomasAM_2019_c	PWY-6595	3	0	0	6
ThomasAM_2019_c	PWY66-389	2	0	0	4
ThomasAM_2019_c	METH-ACETATE-PWY	5	0	0	6
ThomasAM_2019_c	KDO-NAGLIPASYN-PWY	1	0	0	17
ThomasAM_2019_c	GOLPDLCAT-PWY	5	0	0	4
ThomasAM_2019_c	UBISYN-PWY	1	0	0	13
ThomasAM_2019_c	ECASYN-PWY	2	0	0	10
ThomasAM_2019_c	GLYCOL-GLYOXDEG-PWY	2	0	0	4
ThomasAM_2019_c	PWY-7013	9	0	0	5
ThomasAM_2019_c	PWY-5855	1	0	0	8
ThomasAM_2019_c	PWY-5856	1	0	0	8
ThomasAM_2019_c	PWY-5857	1	0	0	8
ThomasAM_2019_c	PWY-6708	1	0	0	8
ThomasAM_2019_c	PWY-6588	3	0	1	5
ThomasAM_2019_c	PWY-6823	1	0	0	6
ThomasAM_2019_c	KETOGLUCONMET-PWY	2	0	0	8
ThomasAM_2019_c	P221-PWY	1	0	0	5
ThomasAM_2019_c	PWY0-1338	2	0	0	6
ThomasAM_2019_c	PWY-7209	1	0	0	5
ThomasAM_2019_c	PWY-6837	2	0	0	5
ThomasAM_2019_c	PWY-6572	1	0	0	8
ThomasAM_2019_c	P124-PWY	3	0	0	15
ThomasAM_2019_c	PWY0-41	1	0	0	8
ThomasAM_2019_c	P163-PWY	2	0	1	10
ThomasAM_2019_c	PWY-5705	1	0	0	4
ThomasAM_2019_c	P125-PWY	4	0	1	5
ThomasAM_2019_c	PWY-6478	1	0	0	4
ThomasAM_2019_c	PWY-5005	5	0	0	8
ThomasAM_2019_c	PYRIDNUCSAL-PWY	1	0	0	7
ThomasAM_2019_c	PWY-1861	3	0	0	9
ThomasAM_2019_c	PWY-7385	1	0	0	9
ThomasAM_2019_c	TEICHOICACID-PWY	2	0	0	12
ThomasAM_2019_c	PWY-5920	1	0	0	8
ThomasAM_2019_c	NONMEVIPP-PWY	6	0	0	9
ThomasAM_2019_c	P122-PWY	1	0	0	18
ThomasAM_2019_c	P162-PWY	1	0	0	10
ThomasAM_2019_c	PWY-7316	2	0	0	4
ThomasAM_2019_c	PWY-7198	3	0	1	7
ThomasAM_2019_c	PWY-7312	2	0	0	4
ThomasAM_2019_c	METHANOGENESIS-PWY	2	0	2	6
ThomasAM_2019_c	PWY-7210	1	0	1	8
ThomasAM_2019_c	PWY-6143	1	0	0	6
ThomasAM_2019_c	PWY-6749	1	0	0	10
ThomasAM_2019_c	PWY0-1533	1	0	0	4
ThomasAM_2019_c	REDCITCYC	1	0	0	10
ThomasAM_2019_c	AEROBACTINSYN-PWY	1	0	0	4
ThomasAM_2019_c	PWY-6953	1	0	0	5
ThomasAM_2019_c	PWY-5692	1	0	0	4
ThomasAM_2019_c	URDEGR-PWY	1	0	0	4
ThomasAM_2019_c	PWY-7560	1	0	0	9
ThomasAM_2019_c	PWY-6270	1	0	0	10
VogtmannE_2016	DTDPRHAMSYN-PWY	110	0	13	4
VogtmannE_2016	PWY-1042	77	0	7	10
VogtmannE_2016	PWY-6609	123	0	14	4
VogtmannE_2016	PWY-5686	119	0	10	6
VogtmannE_2016	ILEUSYN-PWY	81	0	7	7
VogtmannE_2016	PWY-7111	136	0	13	5
VogtmannE_2016	VALSYN-PWY	138	0	11	4
VogtmannE_2016	TRNA-CHARGING-PWY	61	0	8	21
VogtmannE_2016	PWY-6386	105	0	11	8
VogtmannE_2016	PWY-7221	126	0	11	4
VogtmannE_2016	PEPTIDOGLYCANSYN-PWY	119	0	11	10
VogtmannE_2016	PWY-6387	123	0	12	8
VogtmannE_2016	PWY-6385	100	0	10	14
VogtmannE_2016	COA-PWY-1	132	0	9	5
VogtmannE_2016	PWY-6700	118	0	9	4
VogtmannE_2016	PWY-5667	90	0	9	4
VogtmannE_2016	PWY0-1319	90	0	9	4
VogtmannE_2016	PWY-6163	86	0	9	5
VogtmannE_2016	PWY-5695	77	0	7	4
VogtmannE_2016	ARO-PWY	59	0	5	7
VogtmannE_2016	PWY-3841	91	0	7	11
VogtmannE_2016	PWY-6151	91	0	10	4
VogtmannE_2016	ANAGLYCOLYSIS-PWY	22	0	2	11
VogtmannE_2016	CALVIN-PWY	39	0	5	13
VogtmannE_2016	COMPLETE-ARO-PWY	50	0	4	17
VogtmannE_2016	PWY-5097	98	0	9	7
VogtmannE_2016	1CMET2-PWY	81	0	3	9
VogtmannE_2016	COA-PWY	109	0	9	4
VogtmannE_2016	ARGSYN-PWY	66	0	6	9
VogtmannE_2016	PWY-7400	65	0	5	14
VogtmannE_2016	PWY-6121	124	0	11	5
VogtmannE_2016	HISTSYN-PWY	71	0	5	11
VogtmannE_2016	ARGSYNBSUB-PWY	80	0	7	9
VogtmannE_2016	PWY-6122	141	0	10	5
VogtmannE_2016	PWY-6277	141	0	10	5
VogtmannE_2016	PWY0-1586	43	0	6	12
VogtmannE_2016	RIBOSYN2-PWY	77	0	7	9
VogtmannE_2016	PWY-2942	95	0	9	8
VogtmannE_2016	PWY-6527	31	0	5	7
VogtmannE_2016	PWY-724	34	0	4	10
VogtmannE_2016	BRANCHED-CHAIN-AA-SYN-PWY	81	0	8	19
VogtmannE_2016	PWY-7229	33	0	5	8
VogtmannE_2016	PWY-6317	31	0	3	5
VogtmannE_2016	GLUTORN-PWY	68	0	4	5
VogtmannE_2016	PANTOSYN-PWY	69	0	3	9
VogtmannE_2016	PWY-6123	67	0	5	6
VogtmannE_2016	PWY-6124	74	0	4	5
VogtmannE_2016	PWY-5103	81	0	8	7
VogtmannE_2016	PWY-6168	42	0	4	9
VogtmannE_2016	PWY-6126	33	0	5	8
VogtmannE_2016	PWY-3001	26	0	2	13
VogtmannE_2016	PWY-5973	29	0	3	5
VogtmannE_2016	PANTO-PWY	78	0	7	4
VogtmannE_2016	PWY-7220	60	0	9	4
VogtmannE_2016	PWY-7222	60	0	9	4
VogtmannE_2016	PYRIDNUCSYN-PWY	43	0	3	6
VogtmannE_2016	PWY-7357	48	0	4	6
VogtmannE_2016	GLYCOGENSYNTH-PWY	44	0	5	4
VogtmannE_2016	SER-GLYSYN-PWY	69	0	5	4
VogtmannE_2016	PWY-7237	43	0	5	10
VogtmannE_2016	THRESYN-PWY	38	0	4	6
VogtmannE_2016	TRPSYN-PWY	49	0	4	7
VogtmannE_2016	PWY-6936	54	0	2	5
VogtmannE_2016	PWY-6125	29	0	4	8
VogtmannE_2016	NONOXIPENT-PWY	55	0	4	5
VogtmannE_2016	PWY-6897	18	0	2	5
VogtmannE_2016	PWY-7228	33	0	3	6
VogtmannE_2016	HSERMETANA-PWY	38	0	4	4
VogtmannE_2016	PWY-6703	62	0	4	4
VogtmannE_2016	THISYN-PWY	7	0	2	12
VogtmannE_2016	THISYNARA-PWY	29	0	3	7
VogtmannE_2016	PWY-5154	11	0	1	9
VogtmannE_2016	PWY0-166	10	0	1	14
VogtmannE_2016	PWY-6892	29	0	3	8
VogtmannE_2016	ARGININE-SYN4-PWY	28	0	3	4
VogtmannE_2016	PHOSLIPSYN-PWY	6	0	3	10
VogtmannE_2016	PWY-7282	9	0	2	10
VogtmannE_2016	PWY-7184	11	0	1	9
VogtmannE_2016	PWY-6147	23	0	3	5
VogtmannE_2016	COBALSYN-PWY	19	0	3	9
VogtmannE_2016	RHAMCAT-PWY	27	0	3	5
VogtmannE_2016	PWY0-845	16	0	2	11
VogtmannE_2016	PWY4FS-7	10	0	2	6
VogtmannE_2016	PWY4FS-8	10	0	2	6
VogtmannE_2016	PWY-6545	2	0	0	9
VogtmannE_2016	PENTOSE-P-PWY	13	0	1	8
VogtmannE_2016	CITRULBIO-PWY	5	0	1	8
VogtmannE_2016	PWY-2941	11	0	2	9
VogtmannE_2016	PYRIDOXSYN-PWY	18	0	2	7
VogtmannE_2016	TEICHOICACID-PWY	4	0	1	12
VogtmannE_2016	PWY-5188	30	0	2	6
VogtmannE_2016	UDPNAGSYN-PWY	40	0	2	5
VogtmannE_2016	PWY-5030	19	0	0	6
VogtmannE_2016	HISDEG-PWY	34	0	2	4
VogtmannE_2016	PWY-5659	22	0	3	4
VogtmannE_2016	GLCMANNANAUT-PWY	14	0	1	5
VogtmannE_2016	PWY-5104	16	0	1	6
VogtmannE_2016	PWY-4984	4	0	1	5
VogtmannE_2016	PWY0-1479	4	0	1	10
VogtmannE_2016	PWY-6305	7	0	1	4
VogtmannE_2016	PWY0-162	7	0	1	9
VogtmannE_2016	MET-SAM-PWY	6	0	1	9
VogtmannE_2016	PWY-5347	4	0	1	9
VogtmannE_2016	PWY-1269	13	0	3	5
VogtmannE_2016	METSYN-PWY	6	0	1	8
VogtmannE_2016	PWY-6353	5	0	1	11
VogtmannE_2016	NAGLIPASYN-PWY	10	0	2	6
VogtmannE_2016	GLUCUROCAT-PWY	4	0	1	7
VogtmannE_2016	PWYG-321	5	0	0	205
VogtmannE_2016	PWY-5941	3	0	0	6
VogtmannE_2016	PWY-6519	4	0	1	11
VogtmannE_2016	PWY-7664	8	0	1	14
VogtmannE_2016	PWY0-862	8	0	1	6
VogtmannE_2016	PWY-6282	8	0	1	9
VogtmannE_2016	PWY-5989	5	0	1	6
VogtmannE_2016	SALVADEHYPOX-PWY	11	0	1	5
VogtmannE_2016	PWY-1861	2	0	0	9
VogtmannE_2016	FASYN-INITIAL-PWY	5	0	1	6
VogtmannE_2016	P461-PWY	2	0	1	20
VogtmannE_2016	METH-ACETATE-PWY	5	0	1	6
VogtmannE_2016	HOMOSER-METSYN-PWY	6	0	1	5
VogtmannE_2016	PWY-6606	7	0	1	4
VogtmannE_2016	PWY-7234	15	0	1	6
VogtmannE_2016	PWY0-1241	10	0	2	5
VogtmannE_2016	LACTOSECAT-PWY	5	0	0	4
VogtmannE_2016	PWY-7316	2	0	0	4
VogtmannE_2016	PWY-4041	10	0	3	6
VogtmannE_2016	PWY-7013	5	0	1	5
VogtmannE_2016	GOLPDLCAT-PWY	5	0	0	4
VogtmannE_2016	PWY-6891	4	0	1	7
VogtmannE_2016	PWY-7315	6	0	1	4
VogtmannE_2016	PWY-6953	2	0	0	5
VogtmannE_2016	PWY-6588	3	0	1	5
VogtmannE_2016	PWY-6749	1	0	0	10
VogtmannE_2016	PWY-7371	2	0	0	5
VogtmannE_2016	PWY-5138	2	0	1	5
VogtmannE_2016	HEME-BIOSYNTHESIS-II	3	0	1	4
VogtmannE_2016	PWY-5101	3	0	0	8
VogtmannE_2016	PWY-6876	1	0	0	5
VogtmannE_2016	DENOVOPURINE2-PWY	2	0	1	27
VogtmannE_2016	PWY66-409	2	0	1	17
VogtmannE_2016	PWY-7187	3	0	1	7
VogtmannE_2016	PWY0-1297	10	0	1	7
VogtmannE_2016	PWY-7323	2	0	1	6
VogtmannE_2016	PWY-7456	4	0	0	7
VogtmannE_2016	PWY-7312	2	0	0	4
VogtmannE_2016	BIOTIN-BIOSYNTHESIS-PWY	3	0	1	16
VogtmannE_2016	PWY0-1061	6	0	1	6
VogtmannE_2016	FUCCAT-PWY	3	0	1	4
VogtmannE_2016	P161-PWY	3	0	1	5
VogtmannE_2016	PWY-6572	1	0	0	8
VogtmannE_2016	PWY-5367	2	0	1	6
VogtmannE_2016	PWY-6478	1	0	0	4
VogtmannE_2016	P125-PWY	1	0	0	5
VogtmannE_2016	GLUCONEO-PWY	6	0	2	13
VogtmannE_2016	GLYCOLYSIS	7	0	1	12
VogtmannE_2016	PWY-5484	7	0	1	11
VogtmannE_2016	DAPLYSINESYN-PWY	4	0	1	9
VogtmannE_2016	PWY-5384	5	0	1	4
VogtmannE_2016	PWY-6143	1	0	0	6
VogtmannE_2016	P124-PWY	1	0	0	15
VogtmannE_2016	NAD-BIOSYNTHESIS-II	3	0	1	5
VogtmannE_2016	PPGPPMET-PWY	2	0	1	6
VogtmannE_2016	NONMEVIPP-PWY	2	0	0	9
VogtmannE_2016	PWY-5005	2	0	0	8
VogtmannE_2016	FERMENTATION-PWY	2	0	1	17
VogtmannE_2016	PWY-7117	2	0	1	14
VogtmannE_2016	GLYCOCAT-PWY	3	0	1	8
VogtmannE_2016	HEMESYN2-PWY	2	0	2	4
VogtmannE_2016	PWY-5913	2	0	1	9
VogtmannE_2016	PWY-5837	2	0	1	7
VogtmannE_2016	GLUCOSE1PMETAB-PWY	3	0	1	5
VogtmannE_2016	ANAEROFRUCAT-PWY	2	0	1	14
VogtmannE_2016	PWY-841	1	0	1	21
VogtmannE_2016	OANTIGEN-PWY	7	0	1	10
VogtmannE_2016	PWY-6471	1	0	0	16
VogtmannE_2016	PWY0-1261	1	0	1	12
VogtmannE_2016	COLANSYN-PWY	1	0	1	12
VogtmannE_2016	PWY-6901	1	0	1	17
VogtmannE_2016	PWY-6895	1	0	1	11
VogtmannE_2016	ARG+POLYAMINE-SYN	1	0	1	17
VogtmannE_2016	GALACT-GLUCUROCAT-PWY	1	0	1	11
VogtmannE_2016	GLYCOLYSIS-E-D	1	0	1	16
VogtmannE_2016	HEXITOLDEGSUPER-PWY	1	0	1	19
VogtmannE_2016	PWY-5971	1	0	1	31
VogtmannE_2016	POLYISOPRENSYN-PWY	1	0	1	6
VogtmannE_2016	PWY-6969	1	0	1	10
VogtmannE_2016	TCA	1	0	1	11
VogtmannE_2016	P441-PWY	1	0	1	21
VogtmannE_2016	SULFATE-CYS-PWY	1	0	1	9
VogtmannE_2016	PWY-6629	1	0	1	14
VogtmannE_2016	FUC-RHAMCAT-PWY	1	0	1	12
VogtmannE_2016	POLYAMSYN-PWY	1	0	1	8
VogtmannE_2016	PWY-6859	1	0	1	4
VogtmannE_2016	PWY-5690	1	0	1	10
VogtmannE_2016	PWY-6628	1	0	1	10
VogtmannE_2016	FAO-PWY	2	0	1	7
VogtmannE_2016	PWY-6630	1	0	1	10
VogtmannE_2016	PWY-5136	2	0	1	5
VogtmannE_2016	PYRIDNUCSAL-PWY	1	0	1	7
VogtmannE_2016	GLYCOLYSIS-TCA-GLYOX-BYPASS	1	0	1	26
VogtmannE_2016	PWY0-1298	1	0	1	6
VogtmannE_2016	SO4ASSIM-PWY	1	0	1	4
VogtmannE_2016	PWY-5838	1	0	1	10
VogtmannE_2016	PWY-5840	1	0	1	10
VogtmannE_2016	PWY-5897	1	0	1	10
VogtmannE_2016	PWY-5898	1	0	1	10
VogtmannE_2016	PWY-5899	1	0	1	10
VogtmannE_2016	PWY-5845	1	0	1	10
VogtmannE_2016	P105-PWY	1	0	1	10
VogtmannE_2016	PWY0-781	1	0	1	25
VogtmannE_2016	PWY-5723	1	0	1	10
VogtmannE_2016	TCA-GLYOX-BYPASS	1	0	1	13
VogtmannE_2016	PWY-5861	1	0	1	9
VogtmannE_2016	P4-PWY	1	0	1	18
VogtmannE_2016	ENTBACSYN-PWY	1	0	1	11
VogtmannE_2016	GALACTARDEG-PWY	4	0	2	4
VogtmannE_2016	GLUCARGALACTSUPER-PWY	4	0	2	4
VogtmannE_2016	PWY4LZ-257	1	0	1	9
VogtmannE_2016	PWY-5862	1	0	1	9
VogtmannE_2016	PWY-7254	1	0	1	10
VogtmannE_2016	PWY-5675	1	0	1	4
VogtmannE_2016	PWY-6285	1	0	1	53
VogtmannE_2016	PWY-5918	1	0	1	10
VogtmannE_2016	METHGLYUT-PWY	1	0	1	8
VogtmannE_2016	PWY-7328	1	0	1	6
VogtmannE_2016	PWY-6531	1	0	1	5
VogtmannE_2016	PWY-5850	1	0	1	10
VogtmannE_2016	PWY-5896	1	0	1	10
VogtmannE_2016	PWY-561	1	0	1	15
VogtmannE_2016	PWY-5863	1	0	1	16
VogtmannE_2016	PWY0-1415	1	0	1	6
VogtmannE_2016	PWY-6803	1	0	1	4
VogtmannE_2016	PWY-6284	1	0	1	20
VogtmannE_2016	GLUCARDEG-PWY	3	0	1	4
VogtmannE_2016	PWY-5860	1	0	1	9
VogtmannE_2016	PWY-4702	1	0	1	14
VogtmannE_2016	PWY-5920	1	0	1	8
VogtmannE_2016	PWY-5189	1	0	1	4
VogtmannE_2016	PWY-5656	1	0	1	4
VogtmannE_2016	FOLSYN-PWY	1	0	1	12
VogtmannE_2016	PWY-7204	1	0	1	9
VogtmannE_2016	PWY0-42	1	0	1	5
VogtmannE_2016	P162-PWY	1	0	0	10
VogtmannE_2016	PWY-6612	1	0	1	10
VogtmannE_2016	PWY-5747	1	0	1	6
VogtmannE_2016	AST-PWY	1	0	1	5
VogtmannE_2016	KETOGLUCONMET-PWY	1	0	1	8
VogtmannE_2016	PWY-6823	1	0	1	6
VogtmannE_2016	KDO-NAGLIPASYN-PWY	1	0	1	17
VogtmannE_2016	GLYCOL-GLYOXDEG-PWY	1	0	1	4
VogtmannE_2016	PWY-5705	1	0	1	4
VogtmannE_2016	PWY-6837	1	0	1	5
VogtmannE_2016	PWY-7446	1	0	1	5
VogtmannE_2016	P164-PWY	6	0	1	15
VogtmannE_2016	P163-PWY	2	0	1	10
VogtmannE_2016	PWY-6167	2	0	0	10
VogtmannE_2016	METHANOGENESIS-PWY	2	0	0	6
VogtmannE_2016	PWY-6349	2	0	0	6
VogtmannE_2016	PWY-5198	2	0	0	6
VogtmannE_2016	ORNDEG-PWY	1	0	1	9
VogtmannE_2016	ARGDEG-PWY	1	0	1	11
VogtmannE_2016	ORNARGDEG-PWY	1	0	1	11
VogtmannE_2016	PWY0-1277	1	0	1	9
VogtmannE_2016	HCAMHPDEG-PWY	1	0	1	5
VogtmannE_2016	PWY-6690	1	0	1	5
VogtmannE_2016	PWY66-389	1	0	1	4
VogtmannE_2016	ECASYN-PWY	1	0	1	10
VogtmannE_2016	PWY-7269	1	0	1	5
VogtmannE_2016	PWY0-41	1	0	1	8
VogtmannE_2016	P221-PWY	1	0	1	5
VogtmannE_2016	PWY-6731	1	0	1	4
VogtmannE_2016	PWY0-881	1	0	1	17
VogtmannE_2016	LPSSYN-PWY	1	0	1	26
VogtmannE_2016	PWY0-1338	1	0	1	6
VogtmannE_2016	UBISYN-PWY	1	0	1	13
VogtmannE_2016	PWY-5855	1	0	1	8
VogtmannE_2016	PWY-5856	1	0	1	8
VogtmannE_2016	PWY-5857	1	0	1	8
VogtmannE_2016	PWY-6708	1	0	1	8
VogtmannE_2016	PWY-6595	2	0	0	6
VogtmannE_2016	PWY-7198	2	0	0	7
VogtmannE_2016	REDCITCYC	1	0	1	10
VogtmannE_2016	PWY-7209	1	0	0	5
YuJ_2015	PWY0-1586	49	12	17	12
YuJ_2015	TRNA-CHARGING-PWY	65	9	17	21
YuJ_2015	PWY-1042	86	20	34	10
YuJ_2015	ILEUSYN-PWY	82	14	23	7
YuJ_2015	PWY-7111	140	24	40	5
YuJ_2015	VALSYN-PWY	141	29	42	4
YuJ_2015	PWY-6387	127	26	39	8
YuJ_2015	PEPTIDOGLYCANSYN-PWY	120	23	37	10
YuJ_2015	PWY-6385	97	19	28	14
YuJ_2015	CALVIN-PWY	42	16	24	13
YuJ_2015	PWY-6386	106	20	30	8
YuJ_2015	PWY-7229	34	7	13	8
YuJ_2015	PWY-5686	117	25	38	6
YuJ_2015	PWY-7221	129	27	44	4
YuJ_2015	PWY-6126	34	7	12	8
YuJ_2015	PWY-6700	119	27	38	4
YuJ_2015	PWY-6609	121	21	37	4
YuJ_2015	PWY-3841	98	16	26	11
YuJ_2015	ARGSYNBSUB-PWY	78	17	27	9
YuJ_2015	COA-PWY-1	133	25	41	5
YuJ_2015	BRANCHED-CHAIN-AA-SYN-PWY	82	14	19	19
YuJ_2015	PWY-6122	144	28	42	5
YuJ_2015	PWY-6277	144	28	42	5
YuJ_2015	NONOXIPENT-PWY	54	17	21	5
YuJ_2015	ARGSYN-PWY	64	13	24	9
YuJ_2015	PWY-7220	75	17	23	4
YuJ_2015	PWY-7222	75	17	23	4
YuJ_2015	PWY-7400	63	14	24	14
YuJ_2015	PWY-6121	128	27	36	5
YuJ_2015	ANAGLYCOLYSIS-PWY	25	1	2	11
YuJ_2015	PWY-5695	78	17	25	4
YuJ_2015	PWY-5103	82	14	21	7
YuJ_2015	PWY-5097	100	19	25	7
YuJ_2015	PWY-2942	97	20	25	8
YuJ_2015	GLYCOLYSIS	13	0	1	12
YuJ_2015	ARO-PWY	65	11	24	7
YuJ_2015	1CMET2-PWY	85	9	19	9
YuJ_2015	PWY-6163	91	16	28	5
YuJ_2015	COMPLETE-ARO-PWY	52	8	18	17
YuJ_2015	PWY-5484	12	0	1	11
YuJ_2015	PWY0-1319	90	18	34	4
YuJ_2015	PWY-5667	90	18	34	4
YuJ_2015	PWY-3001	32	4	5	13
YuJ_2015	COA-PWY	115	24	32	4
YuJ_2015	DTDPRHAMSYN-PWY	103	21	33	4
YuJ_2015	PWY-6151	85	22	31	4
YuJ_2015	GLYCOGENSYNTH-PWY	48	13	18	4
YuJ_2015	PWY-724	38	9	14	10
YuJ_2015	GLUTORN-PWY	67	14	25	5
YuJ_2015	PANTO-PWY	79	13	19	4
YuJ_2015	THRESYN-PWY	48	7	10	6
YuJ_2015	PWY-6936	60	17	25	5
YuJ_2015	PANTOSYN-PWY	66	9	16	9
YuJ_2015	ANAEROFRUCAT-PWY	2	0	0	14
YuJ_2015	HEXITOLDEGSUPER-PWY	2	0	0	19
YuJ_2015	RIBOSYN2-PWY	80	14	25	9
YuJ_2015	SALVADEHYPOX-PWY	12	6	7	5
YuJ_2015	P461-PWY	7	0	0	20
YuJ_2015	GLUCONEO-PWY	10	0	2	13
YuJ_2015	PWY-6123	80	11	14	6
YuJ_2015	UDPNAGSYN-PWY	52	6	10	5
YuJ_2015	PHOSLIPSYN-PWY	7	1	1	10
YuJ_2015	FASYN-INITIAL-PWY	10	0	0	6
YuJ_2015	HSERMETANA-PWY	38	9	14	4
YuJ_2015	DENOVOPURINE2-PWY	4	0	0	27
YuJ_2015	PWYG-321	5	0	0	205
YuJ_2015	PWY-841	3	0	0	21
YuJ_2015	PWY-5154	12	2	5	9
YuJ_2015	PWY-6124	84	11	17	5
YuJ_2015	PWY-6168	46	9	17	9
YuJ_2015	PWY-5973	33	1	7	5
YuJ_2015	MET-SAM-PWY	11	2	4	9
YuJ_2015	PYRIDNUCSYN-PWY	42	10	15	6
YuJ_2015	PWY-7664	12	0	0	14
YuJ_2015	PWY-5971	2	0	0	31
YuJ_2015	SER-GLYSYN-PWY	70	13	19	4
YuJ_2015	HISTSYN-PWY	72	12	18	11
YuJ_2015	PWY4FS-7	10	3	4	6
YuJ_2015	PWY4FS-8	10	3	4	6
YuJ_2015	PWY0-1261	7	0	1	12
YuJ_2015	PWY0-862	12	0	0	6
YuJ_2015	PWY0-166	11	1	1	14
YuJ_2015	PWY-6527	34	7	14	7
YuJ_2015	PWY-6282	12	0	0	9
YuJ_2015	THISYN-PWY	7	0	2	12
YuJ_2015	PWY-5347	8	1	2	9
YuJ_2015	METSYN-PWY	11	3	4	8
YuJ_2015	PWY-5188	30	4	6	6
YuJ_2015	ARG+POLYAMINE-SYN	4	0	0	17
YuJ_2015	PWY-7187	4	0	0	7
YuJ_2015	PWY-6892	31	8	13	8
YuJ_2015	GLYCOLYSIS-TCA-GLYOX-BYPASS	2	0	0	26
YuJ_2015	PWY0-162	8	2	3	9
YuJ_2015	PWY-6901	2	0	0	17
YuJ_2015	PWY0-1479	8	1	2	10
YuJ_2015	PWY-6125	32	2	5	8
YuJ_2015	TCA	5	0	0	11
YuJ_2015	PWY-6353	7	5	5	11
YuJ_2015	PWY-7357	54	13	21	6
YuJ_2015	PWY-6317	30	7	12	5
YuJ_2015	OANTIGEN-PWY	10	1	2	10
YuJ_2015	PWY-6895	2	0	0	11
YuJ_2015	PWY-7228	35	3	6	6
YuJ_2015	PWY-6703	65	4	8	4
YuJ_2015	PWY-5989	9	0	0	6
YuJ_2015	P441-PWY	2	0	0	21
YuJ_2015	PWY-6629	2	0	0	14
YuJ_2015	PWY-6897	22	2	4	5
YuJ_2015	FERMENTATION-PWY	6	0	0	17
YuJ_2015	DAPLYSINESYN-PWY	11	0	1	9
YuJ_2015	FAO-PWY	5	0	0	7
YuJ_2015	TRPSYN-PWY	49	8	17	7
YuJ_2015	PWY-6305	10	3	4	4
YuJ_2015	PWY-5723	3	0	0	10
YuJ_2015	BIOTIN-BIOSYNTHESIS-PWY	5	0	0	16
YuJ_2015	PWY-6519	6	0	1	11
YuJ_2015	PWY0-781	2	0	0	25
YuJ_2015	PWY-1269	16	0	0	5
YuJ_2015	GLYCOLYSIS-E-D	2	0	0	16
YuJ_2015	PWY-5913	6	0	0	9
YuJ_2015	PWY-5104	16	5	6	6
YuJ_2015	SULFATE-CYS-PWY	3	0	0	9
YuJ_2015	P4-PWY	3	0	0	18
YuJ_2015	PENTOSE-P-PWY	13	4	4	8
YuJ_2015	PYRIDOXSYN-PWY	21	2	3	7
YuJ_2015	PWY-7211	2	0	0	18
YuJ_2015	PRPP-PWY	2	0	0	49
YuJ_2015	PWY66-409	3	0	0	17
YuJ_2015	PYRIDNUCSAL-PWY	2	0	0	7
YuJ_2015	PWY-7184	13	1	1	9
YuJ_2015	PWY-6628	3	0	0	10
YuJ_2015	TCA-GLYOX-BYPASS	5	0	0	13
YuJ_2015	PWY-6285	2	0	0	53
YuJ_2015	THISYNARA-PWY	34	7	9	7
YuJ_2015	POLYAMSYN-PWY	5	0	0	8
YuJ_2015	PWY-7117	6	0	0	14
YuJ_2015	PWY0-1297	14	2	5	7
YuJ_2015	PWY-7282	10	0	1	10
YuJ_2015	PWY-5136	4	0	0	5
YuJ_2015	PWY-4041	16	0	0	6
YuJ_2015	ENTBACSYN-PWY	2	0	0	11
YuJ_2015	PWY-7234	26	1	1	6
YuJ_2015	NAGLIPASYN-PWY	13	1	2	6
YuJ_2015	COBALSYN-PWY	20	4	7	9
YuJ_2015	CITRULBIO-PWY	7	0	0	8
YuJ_2015	PWY-6891	3	0	0	7
YuJ_2015	ORNDEG-PWY	4	0	0	9
YuJ_2015	HOMOSER-METSYN-PWY	11	3	4	5
YuJ_2015	RHAMCAT-PWY	28	4	6	5
YuJ_2015	FUCCAT-PWY	7	1	2	4
YuJ_2015	PWY-6545	4	0	0	9
YuJ_2015	GLYCOCAT-PWY	6	0	0	8
YuJ_2015	PWY-7237	49	14	19	10
YuJ_2015	GLCMANNANAUT-PWY	10	1	2	5
YuJ_2015	PWY-5675	4	0	0	4
YuJ_2015	PWY-6969	2	0	0	10
YuJ_2015	SO4ASSIM-PWY	5	0	0	4
YuJ_2015	PWY-561	2	0	0	15
YuJ_2015	P105-PWY	2	0	0	10
YuJ_2015	PWY4LZ-257	2	0	0	9
YuJ_2015	PWY0-1298	6	1	1	6
YuJ_2015	PWY-6147	23	1	4	5
YuJ_2015	PWY-6606	11	7	7	4
YuJ_2015	PWY0-845	17	1	2	11
YuJ_2015	PWY-6284	2	0	0	20
YuJ_2015	PWY-5838	2	0	0	10
YuJ_2015	PWY-5897	2	0	0	10
YuJ_2015	PWY-5898	2	0	0	10
YuJ_2015	PWY-5899	2	0	0	10
YuJ_2015	P161-PWY	8	2	2	5
YuJ_2015	COLANSYN-PWY	2	0	0	12
YuJ_2015	PWY-7210	2	0	0	8
YuJ_2015	PWY-5690	2	0	0	10
YuJ_2015	PWY-7198	3	0	0	7
YuJ_2015	FUC-RHAMCAT-PWY	3	0	0	12
YuJ_2015	GALACTARDEG-PWY	6	1	2	4
YuJ_2015	GLUCARGALACTSUPER-PWY	6	1	2	4
YuJ_2015	PWY0-1241	14	0	0	5
YuJ_2015	PWY-7254	2	0	0	10
YuJ_2015	ARGININE-SYN4-PWY	28	3	5	4
YuJ_2015	PWY0-1061	10	2	3	6
YuJ_2015	PWY-5659	23	7	11	4
YuJ_2015	PWY-5840	2	0	0	10
YuJ_2015	PWY-5845	2	0	0	10
YuJ_2015	PWY-5850	2	0	0	10
YuJ_2015	PWY-5896	2	0	0	10
YuJ_2015	PWY-5918	2	0	0	10
YuJ_2015	PWY-6531	2	0	0	5
YuJ_2015	GLUCOSE1PMETAB-PWY	7	0	0	5
YuJ_2015	GALACT-GLUCUROCAT-PWY	2	0	0	11
YuJ_2015	PWY-5861	2	0	0	9
YuJ_2015	PWY0-881	2	0	0	17
YuJ_2015	PWY-4702	2	0	0	14
YuJ_2015	PWY-5384	6	0	1	4
YuJ_2015	GLUCARDEG-PWY	5	2	2	4
YuJ_2015	PWY-5189	2	0	0	4
YuJ_2015	PWY-7323	4	0	1	6
YuJ_2015	PWY-7328	2	0	0	6
YuJ_2015	PWY-2941	14	3	4	9
YuJ_2015	ARGDEG-PWY	2	0	0	11
YuJ_2015	ORNARGDEG-PWY	2	0	0	11
YuJ_2015	GLUCUROCAT-PWY	4	1	2	7
YuJ_2015	FOLSYN-PWY	2	0	0	12
YuJ_2015	PWY-5860	2	0	0	9
YuJ_2015	PWY-5862	2	0	0	9
YuJ_2015	PWY-1861	6	0	0	9
YuJ_2015	METHGLYUT-PWY	1	0	0	8
YuJ_2015	HISDEG-PWY	40	4	6	4
YuJ_2015	PWY-6731	2	0	0	4
YuJ_2015	PWY-6803	5	0	0	4
YuJ_2015	PWY-6630	4	0	0	10
YuJ_2015	POLYISOPRENSYN-PWY	2	0	0	6
YuJ_2015	HEMESYN2-PWY	4	0	0	4
YuJ_2015	HEME-BIOSYNTHESIS-II	8	0	0	4
YuJ_2015	PWY-5747	2	0	0	6
YuJ_2015	PWY-7204	2	0	0	9
YuJ_2015	PWY0-42	2	0	0	5
YuJ_2015	PWY-5837	6	0	0	7
YuJ_2015	PWY0-1415	2	0	0	6
YuJ_2015	PWY-6612	2	0	0	10
YuJ_2015	PWY0-1277	2	0	0	9
YuJ_2015	PWY-5367	3	0	1	6
YuJ_2015	KETOGLUCONMET-PWY	4	0	0	8
YuJ_2015	PWY-5863	4	0	0	16
YuJ_2015	THREOCAT-PWY	2	0	0	19
YuJ_2015	LACTOSECAT-PWY	8	0	1	4
YuJ_2015	PWY-7315	10	1	2	4
YuJ_2015	PPGPPMET-PWY	5	0	1	6
YuJ_2015	HCAMHPDEG-PWY	3	0	0	5
YuJ_2015	PWY-6690	3	0	0	5
YuJ_2015	TEICHOICACID-PWY	3	0	0	12
YuJ_2015	PWY66-389	3	0	0	4
YuJ_2015	PWY-6588	4	0	0	5
YuJ_2015	PWY-5656	1	0	0	4
YuJ_2015	NAD-BIOSYNTHESIS-II	7	0	0	5
YuJ_2015	PWY-5138	6	0	0	5
YuJ_2015	LPSSYN-PWY	1	0	0	26
YuJ_2015	PWY-5920	2	0	0	8
YuJ_2015	AST-PWY	2	0	0	5
YuJ_2015	PWY-7269	3	0	0	5
YuJ_2015	METH-ACETATE-PWY	4	1	1	6
YuJ_2015	PWY-6823	2	0	0	6
YuJ_2015	P122-PWY	2	0	0	18
YuJ_2015	PWY-6859	2	0	0	4
YuJ_2015	PWY-5030	22	1	3	6
YuJ_2015	KDO-NAGLIPASYN-PWY	2	0	0	17
YuJ_2015	GLUDEG-I-PWY	1	0	0	4
YuJ_2015	REDCITCYC	2	0	0	10
YuJ_2015	GLYCOL-GLYOXDEG-PWY	2	0	0	4
YuJ_2015	ECASYN-PWY	4	0	0	10
YuJ_2015	PWY-7456	3	0	1	7
YuJ_2015	PWY0-1338	5	0	0	6
YuJ_2015	UBISYN-PWY	2	0	0	13
YuJ_2015	PWY-4984	6	0	0	5
YuJ_2015	PWY-7446	2	0	0	5
YuJ_2015	PWY-5855	3	0	0	8
YuJ_2015	PWY-5856	3	0	0	8
YuJ_2015	PWY-5857	3	0	0	8
YuJ_2015	PWY-6708	3	0	0	8
YuJ_2015	PWY-7013	9	0	0	5
YuJ_2015	PWY-7209	1	0	0	5
YuJ_2015	P221-PWY	3	0	0	5
YuJ_2015	PWY-7094	4	0	0	6
YuJ_2015	PWY-6071	2	0	0	12
YuJ_2015	PWY-7385	1	0	0	9
YuJ_2015	PWY0-321	2	0	0	10
YuJ_2015	PWY-5705	2	0	0	4
YuJ_2015	PWY0-41	2	0	0	8
YuJ_2015	P185-PWY	2	0	0	12
YuJ_2015	3-HYDROXYPHENYLACETATE-DEGRADATION-PWY	2	0	0	8
YuJ_2015	PWY-6837	4	0	0	5
YuJ_2015	GOLPDLCAT-PWY	9	2	2	4
YuJ_2015	PWY0-1533	2	0	0	4
YuJ_2015	PWY-7371	5	0	0	5
YuJ_2015	PWY-5692	2	0	0	4
YuJ_2015	URDEGR-PWY	2	0	0	4
YuJ_2015	PWY-4321	1	0	0	5
YuJ_2015	PWY-6215	1	0	0	4
YuJ_2015	PROTOCATECHUATE-ORTHO-CLEAVAGE-PWY	3	0	0	4
YuJ_2015	PWY3DJ-35471	2	0	0	10
YuJ_2015	PWY-6467	1	0	0	5
YuJ_2015	PWY-7165	2	0	0	7
YuJ_2015	PWY-7316	3	2	3	4
YuJ_2015	PWY-6953	2	0	0	5
YuJ_2015	PWY-7312	2	1	1	4
YuJ_2015	PWY-6478	1	0	0	4
YuJ_2015	PWY-5941	3	0	0	6
YuJ_2015	PWY-5022	1	0	0	7
YuJ_2015	PWY-3801	1	0	0	19
YuJ_2015	PWY-7345	1	0	0	15
YuJ_2015	PWY-7003	2	0	0	16
YuJ_2015	PWY-6471	1	0	0	16
YuJ_2015	PWY-7196	1	0	0	10
YuJ_2015	PWY-5181	2	0	0	12
YuJ_2015	NONMEVIPP-PWY	3	0	0	9
YuJ_2015	PWY-5417	2	0	0	6
YuJ_2015	PWY-5431	2	0	0	6
YuJ_2015	PWY-6182	2	0	0	7
YuJ_2015	PWY-6318	4	0	0	9
YuJ_2015	AEROBACTINSYN-PWY	2	0	0	4
YuJ_2015	PWY-6185	2	0	0	7
YuJ_2015	CATECHOL-ORTHO-CLEAVAGE-PWY	2	0	0	4
YuJ_2015	PWY-6572	1	0	0	8
YuJ_2015	PWY-1541	1	0	0	6
YuJ_2015	PWY-5005	6	0	1	8
YuJ_2015	PWY-6595	4	2	2	6
YuJ_2015	P124-PWY	2	0	0	15
YuJ_2015	METHANOGENESIS-PWY	2	0	0	6
YuJ_2015	PWY-5198	2	0	0	6
YuJ_2015	P125-PWY	2	0	0	5
YuJ_2015	PWY-6749	2	0	1	10
YuJ_2015	P164-PWY	7	3	4	15
YuJ_2015	P162-PWY	1	1	1	10
YuJ_2015	P108-PWY	2	0	0	7
YuJ_2015	PWY-6143	1	0	0	6
YuJ_2015	PWY-6876	1	0	0	5
YuJ_2015	URSIN-PWY	1	0	0	7
ZellerG_2014	PWY-1042	71	18	25	10
ZellerG_2014	PWY-6609	114	17	30	4
ZellerG_2014	TRNA-CHARGING-PWY	56	9	18	21
ZellerG_2014	PWY-5686	113	18	33	6
ZellerG_2014	ILEUSYN-PWY	82	19	26	7
ZellerG_2014	PWY-7111	128	21	31	5
ZellerG_2014	VALSYN-PWY	129	21	36	4
ZellerG_2014	PWY-6386	101	13	25	8
ZellerG_2014	PEPTIDOGLYCANSYN-PWY	111	17	30	10
ZellerG_2014	PWY-6387	116	17	29	8
ZellerG_2014	PWY-6700	111	16	31	4
ZellerG_2014	COA-PWY-1	124	21	33	5
ZellerG_2014	PWY-6385	93	13	22	14
ZellerG_2014	PWY-7221	126	14	31	4
ZellerG_2014	PWY-6163	83	14	20	5
ZellerG_2014	ARGSYNBSUB-PWY	77	16	28	9
ZellerG_2014	ARGSYN-PWY	66	18	22	9
ZellerG_2014	PWY-7400	64	18	22	14
ZellerG_2014	PWY-6122	132	23	37	5
ZellerG_2014	PWY-6277	132	23	37	5
ZellerG_2014	ARO-PWY	57	10	13	7
ZellerG_2014	PWY-5667	78	15	23	4
ZellerG_2014	PWY0-1319	78	15	23	4
ZellerG_2014	PWY-6121	120	19	29	5
ZellerG_2014	PWY-3841	87	12	18	11
ZellerG_2014	DTDPRHAMSYN-PWY	106	15	23	4
ZellerG_2014	PWY-5097	96	17	28	7
ZellerG_2014	COMPLETE-ARO-PWY	47	8	12	17
ZellerG_2014	BRANCHED-CHAIN-AA-SYN-PWY	81	18	27	19
ZellerG_2014	PWY-6151	97	15	29	4
ZellerG_2014	CALVIN-PWY	34	14	18	13
ZellerG_2014	PWY-2942	90	11	25	8
ZellerG_2014	GLYCOGENSYNTH-PWY	41	12	15	4
ZellerG_2014	PWY-7229	30	3	9	8
ZellerG_2014	PWY-5103	81	19	26	7
ZellerG_2014	1CMET2-PWY	75	13	20	9
ZellerG_2014	GLUTORN-PWY	67	18	24	5
ZellerG_2014	PWY-6126	30	3	9	8
ZellerG_2014	COA-PWY	108	16	27	4
ZellerG_2014	PWY-7237	41	9	13	10
ZellerG_2014	PWY-724	37	3	11	10
ZellerG_2014	ANAGLYCOLYSIS-PWY	26	2	9	11
ZellerG_2014	PANTOSYN-PWY	63	7	12	9
ZellerG_2014	HISTSYN-PWY	69	7	17	11
ZellerG_2014	PWY-5695	72	10	20	4
ZellerG_2014	PWY-7220	63	6	16	4
ZellerG_2014	PWY-7222	63	6	16	4
ZellerG_2014	PWY-3001	27	3	12	13
ZellerG_2014	PANTO-PWY	73	10	16	4
ZellerG_2014	RIBOSYN2-PWY	66	10	17	9
ZellerG_2014	PWY-6168	36	8	14	9
ZellerG_2014	PWY-6123	74	5	14	6
ZellerG_2014	PWY-6317	31	13	14	5
ZellerG_2014	PWY-6527	31	7	11	7
ZellerG_2014	NONOXIPENT-PWY	52	15	18	5
ZellerG_2014	PWY-7357	48	10	12	6
ZellerG_2014	PWY-6124	73	6	16	5
ZellerG_2014	TRPSYN-PWY	43	13	15	7
ZellerG_2014	PYRIDNUCSYN-PWY	41	11	13	6
ZellerG_2014	THRESYN-PWY	40	4	10	6
ZellerG_2014	HSERMETANA-PWY	41	11	16	4
ZellerG_2014	PWY-6936	55	11	18	5
ZellerG_2014	SER-GLYSYN-PWY	71	9	19	4
ZellerG_2014	PWY0-1586	43	10	13	12
ZellerG_2014	PWY-5104	12	7	8	6
ZellerG_2014	PWY-6892	29	11	14	8
ZellerG_2014	NONMEVIPP-PWY	5	0	0	9
ZellerG_2014	GLUCONEO-PWY	6	0	1	13
ZellerG_2014	GLYCOLYSIS	7	0	1	12
ZellerG_2014	UDPNAGSYN-PWY	44	3	11	5
ZellerG_2014	PWY-5973	31	1	1	5
ZellerG_2014	COBALSYN-PWY	19	6	6	9
ZellerG_2014	PWY-6703	57	7	12	4
ZellerG_2014	MET-SAM-PWY	5	1	3	9
ZellerG_2014	PWY-5484	7	0	1	11
ZellerG_2014	THISYN-PWY	7	0	0	12
ZellerG_2014	PWY-5347	3	1	1	9
ZellerG_2014	METSYN-PWY	5	1	2	8
ZellerG_2014	PWY-6897	19	1	2	5
ZellerG_2014	THISYNARA-PWY	30	3	5	7
ZellerG_2014	PWY0-166	10	0	2	14
ZellerG_2014	PWY0-162	7	1	2	9
ZellerG_2014	PWY-5188	24	7	8	6
ZellerG_2014	PWY-1861	3	1	2	9
ZellerG_2014	METH-ACETATE-PWY	5	3	3	6
ZellerG_2014	DAPLYSINESYN-PWY	6	0	2	9
ZellerG_2014	PWY-6125	32	2	9	8
ZellerG_2014	PWY-7228	34	0	8	6
ZellerG_2014	PWY-6305	6	1	2	4
ZellerG_2014	PWY-6147	26	2	4	5
ZellerG_2014	PHOSLIPSYN-PWY	5	1	1	10
ZellerG_2014	PWY-5659	20	5	11	4
ZellerG_2014	CITRULBIO-PWY	4	1	1	8
ZellerG_2014	HOMOSER-METSYN-PWY	5	1	3	5
ZellerG_2014	HISDEG-PWY	32	2	6	4
ZellerG_2014	PWY-7184	11	0	3	9
ZellerG_2014	GLUCUROCAT-PWY	3	0	0	7
ZellerG_2014	PWY-4041	14	0	3	6
ZellerG_2014	PWY-6545	2	0	0	9
ZellerG_2014	GLYCOCAT-PWY	5	0	1	8
ZellerG_2014	PWY-7234	22	0	3	6
ZellerG_2014	PWY-4984	3	1	2	5
ZellerG_2014	PWY-5030	22	0	2	6
ZellerG_2014	GLCMANNANAUT-PWY	7	0	2	5
ZellerG_2014	P461-PWY	2	1	1	20
ZellerG_2014	PWY-5154	8	3	3	9
ZellerG_2014	RHAMCAT-PWY	23	2	3	5
ZellerG_2014	PWY4FS-7	10	5	6	6
ZellerG_2014	PWY4FS-8	10	5	6	6
ZellerG_2014	PWY-7282	8	1	1	10
ZellerG_2014	ARGININE-SYN4-PWY	26	1	5	4
ZellerG_2014	PWY0-1479	4	0	0	10
ZellerG_2014	SALVADEHYPOX-PWY	8	3	3	5
ZellerG_2014	PWY-2941	16	2	8	9
ZellerG_2014	PWYG-321	4	0	0	205
ZellerG_2014	PWY0-1061	8	1	3	6
ZellerG_2014	PWY-1269	14	0	1	5
ZellerG_2014	PWY-7664	5	0	0	14
ZellerG_2014	PWY-5384	7	0	0	4
ZellerG_2014	PWY0-862	7	0	0	6
ZellerG_2014	PWY-6282	5	0	0	9
ZellerG_2014	PWY-5989	4	0	0	6
ZellerG_2014	GLUCOSE1PMETAB-PWY	5	0	0	5
ZellerG_2014	P124-PWY	2	0	1	15
ZellerG_2014	FASYN-INITIAL-PWY	5	0	1	6
ZellerG_2014	PWY0-845	16	3	5	11
ZellerG_2014	PWY-7013	5	2	4	5
ZellerG_2014	LACTOSECAT-PWY	12	2	2	4
ZellerG_2014	GOLPDLCAT-PWY	5	3	3	4
ZellerG_2014	PYRIDOXSYN-PWY	18	3	5	7
ZellerG_2014	PWY-5941	4	0	0	6
ZellerG_2014	PWY0-1241	5	0	0	5
ZellerG_2014	NAGLIPASYN-PWY	7	0	0	6
ZellerG_2014	PWY0-1297	12	0	2	7
ZellerG_2014	PWY-7316	2	0	1	4
ZellerG_2014	PWY-6353	5	3	3	11
ZellerG_2014	PENTOSE-P-PWY	10	0	2	8
ZellerG_2014	PWY-6606	6	3	3	4
ZellerG_2014	PWY-5367	4	0	0	6
ZellerG_2014	BIOTIN-BIOSYNTHESIS-PWY	3	0	0	16
ZellerG_2014	PWY-6519	3	0	1	11
ZellerG_2014	PWY-7315	5	0	0	4
ZellerG_2014	OANTIGEN-PWY	9	0	1	10
ZellerG_2014	DENOVOPURINE2-PWY	4	1	1	27
ZellerG_2014	PWY-7187	6	0	2	7
ZellerG_2014	PWY66-409	4	1	2	17
ZellerG_2014	PWY-7323	2	0	0	6
ZellerG_2014	TEICHOICACID-PWY	3	0	0	12
ZellerG_2014	PWY-6891	4	0	0	7
ZellerG_2014	FUCCAT-PWY	3	0	0	4
ZellerG_2014	NAD-BIOSYNTHESIS-II	2	0	0	5
ZellerG_2014	P125-PWY	5	0	2	5
ZellerG_2014	PWY-6478	1	0	0	4
ZellerG_2014	PWY-7312	2	0	0	4
ZellerG_2014	PWY-5005	1	0	0	8
ZellerG_2014	ANAEROFRUCAT-PWY	2	0	0	14
ZellerG_2014	PWY-841	1	0	0	21
ZellerG_2014	PWY-5971	1	0	0	31
ZellerG_2014	PWY-6901	1	0	0	17
ZellerG_2014	COLANSYN-PWY	2	0	0	12
ZellerG_2014	PWY-6471	2	1	1	16
ZellerG_2014	HEXITOLDEGSUPER-PWY	1	0	0	19
ZellerG_2014	PWY0-1261	2	0	0	12
ZellerG_2014	PWY-6629	1	0	0	14
ZellerG_2014	PWY-6895	1	0	0	11
ZellerG_2014	ARG+POLYAMINE-SYN	1	0	0	17
ZellerG_2014	P441-PWY	1	0	0	21
ZellerG_2014	SULFATE-CYS-PWY	1	0	0	9
ZellerG_2014	PRPP-PWY	1	0	0	49
ZellerG_2014	GLYCOLYSIS-E-D	1	0	0	16
ZellerG_2014	PYRIDNUCSAL-PWY	1	0	0	7
ZellerG_2014	PWY-6628	1	0	0	10
ZellerG_2014	FERMENTATION-PWY	1	0	0	17
ZellerG_2014	TCA	1	0	0	11
ZellerG_2014	FAO-PWY	1	0	0	7
ZellerG_2014	GLYCOLYSIS-TCA-GLYOX-BYPASS	1	0	0	26
ZellerG_2014	PWY-7117	2	0	0	14
ZellerG_2014	PWY-5913	2	0	0	9
ZellerG_2014	FUC-RHAMCAT-PWY	1	0	0	12
ZellerG_2014	PWY-5136	1	0	0	5
ZellerG_2014	POLYAMSYN-PWY	1	0	0	8
ZellerG_2014	GALACT-GLUCUROCAT-PWY	1	0	0	11
ZellerG_2014	PWY-5838	1	0	0	10
ZellerG_2014	SO4ASSIM-PWY	1	0	0	4
ZellerG_2014	PWY-5897	2	0	0	10
ZellerG_2014	PWY-5898	2	0	0	10
ZellerG_2014	PWY-5899	2	0	0	10
ZellerG_2014	POLYISOPRENSYN-PWY	1	0	0	6
ZellerG_2014	PWY0-781	1	0	0	25
ZellerG_2014	PWY-5723	1	0	0	10
ZellerG_2014	P4-PWY	1	0	0	18
ZellerG_2014	PWY-6630	1	0	0	10
ZellerG_2014	PWY-6285	1	0	0	53
ZellerG_2014	PWY-6969	1	0	0	10
ZellerG_2014	GALACTARDEG-PWY	2	0	1	4
ZellerG_2014	GLUCARGALACTSUPER-PWY	2	0	1	4
ZellerG_2014	PWY-5861	1	0	0	9
ZellerG_2014	PWY0-1298	2	0	0	6
ZellerG_2014	PWY-5690	1	0	0	10
ZellerG_2014	TCA-GLYOX-BYPASS	1	0	0	13
ZellerG_2014	PWY-6859	2	0	0	4
ZellerG_2014	PWY-5845	1	0	0	10
ZellerG_2014	ENTBACSYN-PWY	1	0	0	11
ZellerG_2014	PWY-7254	1	0	0	10
ZellerG_2014	PWY-5840	2	0	0	10
ZellerG_2014	PWY-5850	1	0	0	10
ZellerG_2014	PWY-5896	1	0	0	10
ZellerG_2014	P105-PWY	1	0	0	10
ZellerG_2014	KETOGLUCONMET-PWY	1	0	0	8
ZellerG_2014	PWY-7328	1	0	0	6
ZellerG_2014	PWY-5918	1	0	0	10
ZellerG_2014	PWY-561	1	0	0	15
ZellerG_2014	HEMESYN2-PWY	2	0	0	4
ZellerG_2014	METHGLYUT-PWY	1	0	0	8
ZellerG_2014	PWY-5675	1	0	0	4
ZellerG_2014	PWY-5862	1	0	0	9
ZellerG_2014	PWY-6284	1	0	0	20
ZellerG_2014	PWY-5860	1	0	0	9
ZellerG_2014	PWY-5189	1	0	0	4
ZellerG_2014	PWY-6588	2	1	1	5
ZellerG_2014	PWY-6803	2	0	0	4
ZellerG_2014	PWY-5863	1	0	0	16
ZellerG_2014	PWY-6531	1	0	0	5
ZellerG_2014	HEME-BIOSYNTHESIS-II	1	0	0	4
ZellerG_2014	PWY-5837	2	0	0	7
ZellerG_2014	PWY4LZ-257	1	0	0	9
ZellerG_2014	PPGPPMET-PWY	1	0	0	6
ZellerG_2014	PWY0-1415	1	0	0	6
ZellerG_2014	PWY-4702	1	0	0	14
ZellerG_2014	FOLSYN-PWY	1	0	0	12
ZellerG_2014	GLUCARDEG-PWY	1	0	0	4
ZellerG_2014	PWY-7204	1	0	0	9
ZellerG_2014	P161-PWY	2	0	0	5
ZellerG_2014	PWY-5656	1	0	0	4
ZellerG_2014	PWY66-389	1	0	0	4
ZellerG_2014	PWY-5920	1	0	0	8
ZellerG_2014	PWY-6612	1	0	0	10
ZellerG_2014	PWY-7094	1	0	0	6
ZellerG_2014	AST-PWY	1	0	0	5
ZellerG_2014	PWY0-42	1	0	0	5
ZellerG_2014	PWY-6823	1	0	0	6
ZellerG_2014	PWY-7446	1	0	0	5
ZellerG_2014	PWY-5747	1	0	0	6
ZellerG_2014	P122-PWY	1	0	0	18
ZellerG_2014	PWY-5138	2	1	1	5
ZellerG_2014	PWY-5692	1	0	0	4
ZellerG_2014	URDEGR-PWY	1	0	0	4
ZellerG_2014	PWY-6572	1	0	0	8
ZellerG_2014	PWY-5705	1	0	0	4
ZellerG_2014	KDO-NAGLIPASYN-PWY	1	0	0	17
ZellerG_2014	GLYCOL-GLYOXDEG-PWY	1	0	0	4
ZellerG_2014	AEROBACTINSYN-PWY	1	0	0	4
ZellerG_2014	PWY0-1533	1	0	0	4
ZellerG_2014	UBISYN-PWY	1	0	0	13
ZellerG_2014	PWY-5855	1	0	0	8
ZellerG_2014	PWY-5856	1	0	0	8
ZellerG_2014	PWY-5857	1	0	0	8
ZellerG_2014	PWY-6708	1	0	0	8
ZellerG_2014	PWY0-41	1	0	0	8
ZellerG_2014	P221-PWY	1	0	0	5
ZellerG_2014	PWY-7371	2	1	1	5
ZellerG_2014	PWY-6876	1	0	0	5
ZellerG_2014	PWY-7456	4	0	1	7
ZellerG_2014	P164-PWY	3	0	1	15
ZellerG_2014	PWY-6167	2	0	0	10
ZellerG_2014	PWY-5101	2	0	0	8
ZellerG_2014	PWY-6731	1	0	0	4
ZellerG_2014	METHANOGENESIS-PWY	2	0	0	6
ZellerG_2014	PWY-6349	2	0	0	6
ZellerG_2014	PWY-5198	2	0	0	6
ZellerG_2014	ORNDEG-PWY	1	0	0	9
ZellerG_2014	ARGDEG-PWY	1	0	0	11
ZellerG_2014	ORNARGDEG-PWY	1	0	0	11
ZellerG_2014	PWY-6595	1	0	0	6
ZellerG_2014	PWY-7209	1	0	0	5
ZellerG_2014	PWY-6749	1	0	0	10
ZellerG_2014	ECASYN-PWY	1	0	0	10
ZellerG_2014	PWY-7269	1	0	0	5
ZellerG_2014	PWY0-1338	1	0	0	6
ZellerG_2014	PWY0-1277	1	0	0	9
ZellerG_2014	HCAMHPDEG-PWY	1	0	0	5
ZellerG_2014	PWY-6690	1	0	0	5
ZellerG_2014	PWY-6837	1	0	0	5
ZellerG_2014	PWY0-881	1	0	0	17
ZellerG_2014	LPSSYN-PWY	1	0	0	26
ZellerG_2014	PWY-7198	2	0	0	7
ZellerG_2014	PWY-6953	2	0	0	5
ZellerG_2014	REDCITCYC	1	0	0	10
ZellerG_2014	PWY-6143	1	0	0	6
