cohort	pathway_id	size	hits	n_tested
FengQ_2015	PWY-1042	10	15	68
FengQ_2015	ILEUSYN-PWY	7	19	88
FengQ_2015	PWY-7111	5	26	123
FengQ_2015	VALSYN-PWY	4	26	124
FengQ_2015	ARO-PWY	7	12	54
FengQ_2015	ARGSYNBSUB-PWY	9	12	74
FengQ_2015	PWY-6163	5	17	75
FengQ_2015	PWY-5686	6	22	105
FengQ_2015	ARGSYN-PWY	9	7	60
FengQ_2015	PWY-6386	8	23	93
FengQ_2015	PWY-7400	14	7	59
FengQ_2015	DTDPRHAMSYN-PWY	4	19	99
FengQ_2015	PWY-6122	5	23	126
FengQ_2015	PWY-6277	5	23	126
FengQ_2015	PWY-6609	4	15	110
FengQ_2015	PWY-6387	8	21	109
FengQ_2015	PWY-6151	4	12	91
FengQ_2015	COMPLETE-ARO-PWY	17	10	47
FengQ_2015	GLYCOGENSYNTH-PWY	4	7	47
FengQ_2015	PWY-6121	5	19	112
FengQ_2015	PWY-7221	4	26	113
FengQ_2015	TRNA-CHARGING-PWY	21	12	53
FengQ_2015	PEPTIDOGLYCANSYN-PWY	10	23	103
FengQ_2015	COA-PWY-1	5	19	112
FengQ_2015	BRANCHED-CHAIN-AA-SYN-PWY	19	19	88
FengQ_2015	GLUTORN-PWY	5	9	63
FengQ_2015	PWY0-1319	4	16	75
FengQ_2015	PWY-5667	4	16	75
FengQ_2015	PWY-5103	7	18	88
FengQ_2015	CALVIN-PWY	13	7	31
FengQ_2015	PWY-6385	14	20	82
FengQ_2015	COA-PWY	4	16	94
FengQ_2015	PWY-3841	11	16	79
FengQ_2015	PWY-5097	7	18	88
FengQ_2015	PWY-2942	8	18	82
FengQ_2015	1CMET2-PWY	9	14	68
FengQ_2015	PWY-724	10	8	34
FengQ_2015	PWY-6700	4	20	97
FengQ_2015	PWY-7229	8	7	28
FengQ_2015	PWY-6123	6	12	71
FengQ_2015	HISTSYN-PWY	11	11	63
FengQ_2015	PWY-3001	13	7	34
FengQ_2015	PWY-6124	5	14	70
FengQ_2015	PWY-6126	8	7	28
FengQ_2015	HSERMETANA-PWY	4	11	44
FengQ_2015	PWY-6936	5	11	59
FengQ_2015	ANAGLYCOLYSIS-PWY	11	4	28
FengQ_2015	PWY-6317	5	7	31
FengQ_2015	THRESYN-PWY	6	8	44
FengQ_2015	PANTOSYN-PWY	9	9	52
FengQ_2015	PWY-6527	7	4	31
FengQ_2015	PWY-7220	4	14	57
FengQ_2015	PWY-7222	4	14	57
FengQ_2015	NONOXIPENT-PWY	5	7	45
FengQ_2015	TRPSYN-PWY	7	8	44
FengQ_2015	PWY-5695	4	14	64
FengQ_2015	PANTO-PWY	4	11	62
FengQ_2015	OANTIGEN-PWY	10	2	14
FengQ_2015	PWY-7357	6	10	48
FengQ_2015	PWY-6892	8	7	28
FengQ_2015	SER-GLYSYN-PWY	4	11	67
FengQ_2015	RIBOSYN2-PWY	9	12	57
FengQ_2015	PWY0-1586	12	10	46
FengQ_2015	PYRIDNUCSYN-PWY	6	9	36
FengQ_2015	PWY-7237	10	7	45
FengQ_2015	PWY-6168	9	9	33
FengQ_2015	MET-SAM-PWY	9	1	5
FengQ_2015	THISYNARA-PWY	7	3	27
FengQ_2015	PWY-6897	5	4	17
FengQ_2015	UDPNAGSYN-PWY	5	5	44
FengQ_2015	PWY-5347	9	1	4
FengQ_2015	METSYN-PWY	8	2	6
FengQ_2015	PWY-6703	4	7	51
FengQ_2015	PWY-2941	9	4	16
FengQ_2015	COBALSYN-PWY	9	2	19
FengQ_2015	DENOVOPURINE2-PWY	27	0	4
FengQ_2015	P461-PWY	20	1	3
FengQ_2015	PWY-7282	10	0	9
FengQ_2015	PWY-1861	9	0	4
FengQ_2015	PWY-7234	6	4	25
FengQ_2015	PHOSLIPSYN-PWY	10	1	4
FengQ_2015	PWY-5104	6	3	12
FengQ_2015	PWY66-409	17	1	5
FengQ_2015	PWY-5973	5	7	26
FengQ_2015	PWY-7187	7	2	5
FengQ_2015	PWY0-166	14	2	7
FengQ_2015	PWY-5659	4	3	21
FengQ_2015	METH-ACETATE-PWY	6	4	5
FengQ_2015	PWY-6353	11	1	5
FengQ_2015	HOMOSER-METSYN-PWY	5	1	6
FengQ_2015	PWY-6305	4	0	7
FengQ_2015	PWY0-1297	7	2	9
FengQ_2015	PWY-6125	8	11	29
FengQ_2015	GLCMANNANAUT-PWY	5	0	8
FengQ_2015	PWY-5154	9	1	9
FengQ_2015	PWY0-162	9	2	5
FengQ_2015	PWY-5188	6	4	28
FengQ_2015	DAPLYSINESYN-PWY	9	0	6
FengQ_2015	THISYN-PWY	12	1	7
FengQ_2015	PWY4FS-7	6	3	11
FengQ_2015	PWY4FS-8	6	3	11
FengQ_2015	PWY-7228	6	11	29
FengQ_2015	LACTOSECAT-PWY	4	2	12
FengQ_2015	PWY-4041	6	2	13
FengQ_2015	COLANSYN-PWY	12	1	2
FengQ_2015	SALVADEHYPOX-PWY	5	1	7
FengQ_2015	PWYG-321	205	1	4
FengQ_2015	PWY0-845	11	3	13
FengQ_2015	ARGININE-SYN4-PWY	4	6	22
FengQ_2015	PWY-7664	14	1	6
FengQ_2015	GLUCUROCAT-PWY	7	0	3
FengQ_2015	PWY-7184	9	2	8
FengQ_2015	NONMEVIPP-PWY	9	0	6
FengQ_2015	FASYN-INITIAL-PWY	6	1	5
FengQ_2015	PWY0-862	6	1	6
FengQ_2015	PWY-6606	4	1	8
FengQ_2015	PWY-6282	9	1	6
FengQ_2015	PENTOSE-P-PWY	8	3	6
FengQ_2015	PWY-5989	6	1	5
FengQ_2015	PWY-7323	6	0	2
FengQ_2015	PWY-7456	7	0	5
FengQ_2015	PYRIDOXSYN-PWY	7	2	15
FengQ_2015	P185-PWY	12	0	1
FengQ_2015	RHAMCAT-PWY	5	2	23
FengQ_2015	HISDEG-PWY	4	7	32
FengQ_2015	PWY-5030	6	5	23
FengQ_2015	GOLPDLCAT-PWY	4	1	5
FengQ_2015	PWY-6147	5	7	22
FengQ_2015	PWY-1269	5	3	13
FengQ_2015	CITRULBIO-PWY	8	2	5
FengQ_2015	GLYCOCAT-PWY	8	0	7
FengQ_2015	PWY-4984	5	0	4
FengQ_2015	PWY-5384	4	0	10
FengQ_2015	PWY-7013	5	2	6
FengQ_2015	NAD-BIOSYNTHESIS-II	5	0	2
FengQ_2015	PWY-5941	6	0	3
FengQ_2015	PWY-7312	4	0	2
FengQ_2015	NAGLIPASYN-PWY	6	1	7
FengQ_2015	FUCCAT-PWY	4	0	4
FengQ_2015	GLUCOSE1PMETAB-PWY	5	0	7
FengQ_2015	P124-PWY	15	0	2
FengQ_2015	PWY-5367	6	0	2
FengQ_2015	PWY0-1061	6	0	9
FengQ_2015	P125-PWY	5	1	3
FengQ_2015	P161-PWY	5	0	3
FengQ_2015	PWY0-1241	5	0	4
FengQ_2015	PWY-6572	8	0	1
FengQ_2015	PWY-7371	5	0	1
FengQ_2015	PWY-6891	7	0	3
FengQ_2015	PWY-6519	11	0	3
FengQ_2015	PWY-7315	4	0	3
FengQ_2015	PWY-6167	10	0	2
FengQ_2015	PWY-5101	8	0	3
FengQ_2015	METHANOGENESIS-PWY	6	0	2
FengQ_2015	PWY-7316	4	0	2
FengQ_2015	PWY-6349	6	0	2
FengQ_2015	PWY-5198	6	0	2
FengQ_2015	PWY-6478	4	0	1
FengQ_2015	GLYCOLYSIS	12	1	6
FengQ_2015	GLUCONEO-PWY	13	1	3
FengQ_2015	PWY-5484	11	1	4
FengQ_2015	TEICHOICACID-PWY	12	0	1
FengQ_2015	PWY-6588	5	1	4
FengQ_2015	HEME-BIOSYNTHESIS-II	4	0	2
FengQ_2015	PWY-6471	16	0	1
FengQ_2015	PWY-6270	10	0	1
FengQ_2015	PWY-7560	9	0	1
FengQ_2015	PWY0-1298	6	0	2
FengQ_2015	FAO-PWY	7	0	2
FengQ_2015	PWY-5136	5	0	2
FengQ_2015	SO4ASSIM-PWY	4	0	1
FengQ_2015	POLYAMSYN-PWY	8	0	2
FengQ_2015	GALACTARDEG-PWY	4	0	3
FengQ_2015	GLUCARGALACTSUPER-PWY	4	0	3
FengQ_2015	TCA	11	0	2
FengQ_2015	HEMESYN2-PWY	4	0	3
FengQ_2015	PWY-6876	5	0	1
FengQ_2015	TCA-GLYOX-BYPASS	13	0	2
FengQ_2015	PWY-5138	5	0	3
FengQ_2015	GLUCARDEG-PWY	4	0	2
FengQ_2015	PWY-4702	14	0	1
FengQ_2015	PWY-6803	4	0	2
FengQ_2015	PWY-7446	5	0	1
FengQ_2015	PWY-841	21	0	1
FengQ_2015	PWY-5913	9	0	2
FengQ_2015	PWY-7117	14	0	1
FengQ_2015	PWY-6731	4	0	1
FengQ_2015	P441-PWY	21	0	1
FengQ_2015	FERMENTATION-PWY	17	0	1
FengQ_2015	PWY0-1261	12	0	2
FengQ_2015	HEXITOLDEGSUPER-PWY	19	0	1
FengQ_2015	P4-PWY	18	0	1
FengQ_2015	ARG+POLYAMINE-SYN	17	0	1
FengQ_2015	SULFATE-CYS-PWY	9	0	1
FengQ_2015	PWY0-1479	10	0	1
FengQ_2015	PWY4LZ-257	9	0	1
FengQ_2015	PWY-6629	14	0	1
FengQ_2015	FOLSYN-PWY	12	0	1
FengQ_2015	GLYCOLYSIS-E-D	16	0	1
FengQ_2015	ORNDEG-PWY	9	0	1
FengQ_2015	PWY-6630	10	0	1
FengQ_2015	PWY-6628	10	0	1
FengQ_2015	FUC-RHAMCAT-PWY	12	0	1
FengQ_2015	PWY-6612	10	0	1
FengQ_2015	GLYCOLYSIS-TCA-GLYOX-BYPASS	26	0	1
FengQ_2015	BIOTIN-BIOSYNTHESIS-PWY	16	0	2
FengQ_2015	PWY-5971	31	0	1
FengQ_2015	PWY-6895	11	0	1
FengQ_2015	PWY-6969	10	0	1
FengQ_2015	PWY-6284	20	0	1
FengQ_2015	PWY-5189	4	0	2
FengQ_2015	PWY-5690	10	0	1
FengQ_2015	PWY-5723	10	0	2
FengQ_2015	PWY-6285	53	0	1
FengQ_2015	KETOGLUCONMET-PWY	8	0	1
FengQ_2015	P105-PWY	10	0	1
FengQ_2015	PWY-5918	10	0	1
FengQ_2015	POLYISOPRENSYN-PWY	6	0	2
FengQ_2015	PWY-6531	5	0	1
FengQ_2015	PWY-5897	10	0	1
FengQ_2015	PWY-5898	10	0	1
FengQ_2015	PWY-5899	10	0	1
FengQ_2015	PWY-5838	10	0	1
FengQ_2015	PWY-7254	10	0	1
FengQ_2015	PWY-5840	10	0	1
FengQ_2015	PWY0-1277	9	0	1
FengQ_2015	PWY-5861	9	0	1
FengQ_2015	ARGDEG-PWY	11	0	1
FengQ_2015	ORNARGDEG-PWY	11	0	1
FengQ_2015	PWY-5747	6	0	1
FengQ_2015	PWY-5675	4	0	1
FengQ_2015	PWY0-881	17	0	1
FengQ_2015	HCAMHPDEG-PWY	5	0	1
FengQ_2015	PWY-6690	5	0	1
FengQ_2015	METHGLYUT-PWY	8	0	1
FengQ_2015	PWY0-1415	6	0	1
FengQ_2015	PWY0-42	5	0	1
FengQ_2015	PWY-5845	10	0	1
FengQ_2015	PWY-5850	10	0	1
FengQ_2015	PWY-5896	10	0	1
FengQ_2015	PWY-5837	7	0	1
FengQ_2015	PWY-5863	16	0	1
FengQ_2015	PWY-5860	9	0	1
FengQ_2015	PWY-5862	9	0	1
FengQ_2015	PWY66-389	4	0	1
FengQ_2015	AST-PWY	5	0	2
FengQ_2015	PWY0-1338	6	0	1
FengQ_2015	PWY-7269	5	0	1
FengQ_2015	PWY-7204	9	0	1
FengQ_2015	PWY-5705	4	0	1
FengQ_2015	ECASYN-PWY	10	0	1
FengQ_2015	GLYCOL-GLYOXDEG-PWY	4	0	1
FengQ_2015	PWY-6749	10	0	1
FengQ_2015	PWY-6901	17	0	1
FengQ_2015	ANAEROFRUCAT-PWY	14	0	2
FengQ_2015	PWY0-781	25	0	1
FengQ_2015	PRPP-PWY	49	0	1
FengQ_2015	ENTBACSYN-PWY	11	0	1
FengQ_2015	PWY-561	15	0	1
FengQ_2015	GALACT-GLUCUROCAT-PWY	11	0	1
FengQ_2015	PWY-7209	5	0	1
FengQ_2015	PWY-5920	8	0	1
FengQ_2015	PWY-5656	4	0	1
FengQ_2015	PWY-6545	9	1	3
FengQ_2015	3-HYDROXYPHENYLACETATE-DEGRADATION-PWY	8	0	1
FengQ_2015	PPGPPMET-PWY	6	0	1
FengQ_2015	LPSSYN-PWY	26	0	1
FengQ_2015	PWY-7094	6	0	1
FengQ_2015	PWY-6859	4	0	1
FengQ_2015	UBISYN-PWY	13	0	1
FengQ_2015	PWY-5855	8	0	1
FengQ_2015	PWY-5856	8	0	1
FengQ_2015	PWY-5857	8	0	1
FengQ_2015	PWY-6708	8	0	1
FengQ_2015	PWY-6823	6	0	1
FengQ_2015	REDCITCYC	10	0	1
FengQ_2015	PWY-6837	5	0	1
FengQ_2015	P221-PWY	5	0	1
FengQ_2015	KDO-NAGLIPASYN-PWY	17	0	1
FengQ_2015	PWY-6071	12	0	1
FengQ_2015	PWY0-321	10	0	1
FengQ_2015	PWY0-41	8	0	1
FengQ_2015	PWY0-1533	4	0	1
FengQ_2015	PYRIDNUCSAL-PWY	7	0	1
FengQ_2015	PWY-7198	7	0	3
FengQ_2015	PWY-7328	6	0	1
FengQ_2015	PWY-7211	18	0	1
FengQ_2015	PWY-7210	8	0	1
FengQ_2015	PWY-5692	4	0	1
FengQ_2015	URDEGR-PWY	4	0	1
FengQ_2015	P122-PWY	18	0	1
FengQ_2015	PWY-6143	6	1	1
ThomasAM_2018a	PWY0-1586	12	0	36
ThomasAM_2018a	ILEUSYN-PWY	7	0	58
ThomasAM_2018a	PWY-7111	5	0	105
ThomasAM_2018a	VALSYN-PWY	4	0	110
ThomasAM_2018a	BRANCHED-CHAIN-AA-SYN-PWY	19	0	58
ThomasAM_2018a	PWY-5103	7	0	58
ThomasAM_2018a	PWY-1042	10	0	52
ThomasAM_2018a	NONOXIPENT-PWY	5	0	35
ThomasAM_2018a	CALVIN-PWY	13	0	27
ThomasAM_2018a	ARGSYNBSUB-PWY	9	0	55
ThomasAM_2018a	PWY-7229	8	0	24
ThomasAM_2018a	PWY-5695	4	0	64
ThomasAM_2018a	ARGSYN-PWY	9	0	44
ThomasAM_2018a	PWY-7400	14	0	43
ThomasAM_2018a	PWY-7221	4	0	98
ThomasAM_2018a	PWY-6126	8	0	24
ThomasAM_2018a	PWY-5686	6	0	93
ThomasAM_2018a	PWY-6936	5	0	39
ThomasAM_2018a	PWY-6385	14	0	71
ThomasAM_2018a	COA-PWY-1	5	0	105
ThomasAM_2018a	PWY-7220	4	0	53
ThomasAM_2018a	PWY-7222	4	0	53
ThomasAM_2018a	PWY-3001	13	0	20
ThomasAM_2018a	PWY-6387	8	0	92
ThomasAM_2018a	PWY-7664	14	0	6
ThomasAM_2018a	TRNA-CHARGING-PWY	21	0	46
ThomasAM_2018a	PWY-5971	31	0	1
ThomasAM_2018a	PWY-5097	7	0	77
ThomasAM_2018a	PWY-2942	8	0	75
ThomasAM_2018a	PEPTIDOGLYCANSYN-PWY	10	0	86
ThomasAM_2018a	PWY-6282	9	0	6
ThomasAM_2018a	PWY-6121	5	0	98
ThomasAM_2018a	ANAGLYCOLYSIS-PWY	11	0	13
ThomasAM_2018a	PWY0-862	6	0	7
ThomasAM_2018a	PWY-6122	5	0	110
ThomasAM_2018a	PWY-6277	5	0	110
ThomasAM_2018a	PWY-5973	5	0	27
ThomasAM_2018a	PWY-6609	4	0	94
ThomasAM_2018a	PWY-5104	6	0	9
ThomasAM_2018a	GLYCOLYSIS	12	0	5
ThomasAM_2018a	COMPLETE-ARO-PWY	17	0	31
ThomasAM_2018a	PWY-6386	8	0	81
ThomasAM_2018a	ARO-PWY	7	0	37
ThomasAM_2018a	1CMET2-PWY	9	0	60
ThomasAM_2018a	PWY-3841	11	0	73
ThomasAM_2018a	PANTO-PWY	4	0	65
ThomasAM_2018a	PWY-5154	9	0	6
ThomasAM_2018a	ANAEROFRUCAT-PWY	14	0	2
ThomasAM_2018a	PWY-5484	11	0	5
ThomasAM_2018a	METSYN-PWY	8	0	5
ThomasAM_2018a	PWY-5347	9	0	3
ThomasAM_2018a	THRESYN-PWY	6	0	31
ThomasAM_2018a	COA-PWY	4	0	87
ThomasAM_2018a	MET-SAM-PWY	9	0	4
ThomasAM_2018a	PWY-5667	4	0	62
ThomasAM_2018a	PWY0-1319	4	0	62
ThomasAM_2018a	FASYN-INITIAL-PWY	6	0	5
ThomasAM_2018a	PWY-724	10	0	27
ThomasAM_2018a	PWY-5188	6	0	24
ThomasAM_2018a	GLUTORN-PWY	5	0	47
ThomasAM_2018a	GLYCOCAT-PWY	8	0	5
ThomasAM_2018a	GLUCONEO-PWY	13	0	6
ThomasAM_2018a	PWY-7013	5	0	4
ThomasAM_2018a	PWY-6163	5	0	61
ThomasAM_2018a	TCA	11	0	2
ThomasAM_2018a	GLYCOGENSYNTH-PWY	4	0	34
ThomasAM_2018a	PANTOSYN-PWY	9	0	53
ThomasAM_2018a	PWY0-1261	12	0	2
ThomasAM_2018a	DAPLYSINESYN-PWY	9	0	6
ThomasAM_2018a	SER-GLYSYN-PWY	4	0	60
ThomasAM_2018a	PWY-6700	4	0	87
ThomasAM_2018a	PWY-6519	11	0	3
ThomasAM_2018a	PWY4LZ-257	9	0	2
ThomasAM_2018a	PWY-6305	4	0	7
ThomasAM_2018a	PWY-6285	53	0	1
ThomasAM_2018a	HEXITOLDEGSUPER-PWY	19	0	1
ThomasAM_2018a	PWY-5723	10	0	2
ThomasAM_2018a	BIOTIN-BIOSYNTHESIS-PWY	16	0	2
ThomasAM_2018a	P461-PWY	20	0	3
ThomasAM_2018a	PHOSLIPSYN-PWY	10	0	4
ThomasAM_2018a	P441-PWY	21	0	1
ThomasAM_2018a	FAO-PWY	7	0	3
ThomasAM_2018a	SALVADEHYPOX-PWY	5	0	8
ThomasAM_2018a	P161-PWY	5	0	3
ThomasAM_2018a	DTDPRHAMSYN-PWY	4	0	85
ThomasAM_2018a	GLYCOLYSIS-TCA-GLYOX-BYPASS	26	0	1
ThomasAM_2018a	PWY-6588	5	0	3
ThomasAM_2018a	PWY4FS-7	6	0	6
ThomasAM_2018a	PWY4FS-8	6	0	6
ThomasAM_2018a	TRPSYN-PWY	7	0	34
ThomasAM_2018a	FERMENTATION-PWY	17	0	2
ThomasAM_2018a	PWY-6123	6	0	58
ThomasAM_2018a	GALACTARDEG-PWY	4	0	3
ThomasAM_2018a	GLUCARGALACTSUPER-PWY	4	0	3
ThomasAM_2018a	UDPNAGSYN-PWY	5	0	28
ThomasAM_2018a	PWY0-1061	6	0	8
ThomasAM_2018a	PWY0-1297	7	0	6
ThomasAM_2018a	HISTSYN-PWY	11	0	59
ThomasAM_2018a	HOMOSER-METSYN-PWY	5	0	6
ThomasAM_2018a	PWY-4041	6	0	8
ThomasAM_2018a	PWY-6124	5	0	58
ThomasAM_2018a	RIBOSYN2-PWY	9	0	54
ThomasAM_2018a	PWY-6629	14	0	1
ThomasAM_2018a	PWY-6353	11	0	6
ThomasAM_2018a	FUCCAT-PWY	4	0	4
ThomasAM_2018a	PWY-5989	6	0	6
ThomasAM_2018a	PWY0-781	25	0	1
ThomasAM_2018a	P4-PWY	18	0	1
ThomasAM_2018a	PYRIDNUCSYN-PWY	6	0	37
ThomasAM_2018a	DENOVOPURINE2-PWY	27	0	1
ThomasAM_2018a	SULFATE-CYS-PWY	9	0	2
ThomasAM_2018a	HSERMETANA-PWY	4	0	31
ThomasAM_2018a	PWY-6901	17	0	1
ThomasAM_2018a	PWY-6284	20	0	1
ThomasAM_2018a	THISYN-PWY	12	0	7
ThomasAM_2018a	GLCMANNANAUT-PWY	5	0	6
ThomasAM_2018a	PWY-841	21	0	1
ThomasAM_2018a	PWY-6703	4	0	43
ThomasAM_2018a	GLYCOLYSIS-E-D	16	0	1
ThomasAM_2018a	TCA-GLYOX-BYPASS	13	0	2
ThomasAM_2018a	PWY-1269	5	0	13
ThomasAM_2018a	PWY-5838	10	0	2
ThomasAM_2018a	PWY-6151	4	0	64
ThomasAM_2018a	PWY-7357	6	0	36
ThomasAM_2018a	PRPP-PWY	49	0	1
ThomasAM_2018a	PWY-5897	10	0	2
ThomasAM_2018a	PWY-5898	10	0	2
ThomasAM_2018a	PWY-5899	10	0	2
ThomasAM_2018a	PWY-6628	10	0	2
ThomasAM_2018a	PWY0-1479	10	0	4
ThomasAM_2018a	PWY-6969	10	0	2
ThomasAM_2018a	COBALSYN-PWY	9	0	15
ThomasAM_2018a	PWY0-845	11	0	12
ThomasAM_2018a	PWY-6892	8	0	23
ThomasAM_2018a	ARG+POLYAMINE-SYN	17	0	1
ThomasAM_2018a	PWY-6895	11	0	2
ThomasAM_2018a	PWY-7187	7	0	2
ThomasAM_2018a	PWY-5136	5	0	3
ThomasAM_2018a	RHAMCAT-PWY	5	0	24
ThomasAM_2018a	PWY-6897	5	0	16
ThomasAM_2018a	PWY0-1298	6	0	2
ThomasAM_2018a	COLANSYN-PWY	12	0	1
ThomasAM_2018a	PWY-5913	9	0	2
ThomasAM_2018a	PWY0-166	14	0	6
ThomasAM_2018a	PWY-6527	7	0	23
ThomasAM_2018a	PWY-5840	10	0	2
ThomasAM_2018a	PWY-5845	10	0	2
ThomasAM_2018a	PWY-5850	10	0	2
ThomasAM_2018a	PWY-5896	10	0	2
ThomasAM_2018a	P105-PWY	10	0	2
ThomasAM_2018a	SO4ASSIM-PWY	4	0	2
ThomasAM_2018a	PWY0-162	9	0	6
ThomasAM_2018a	ORNDEG-PWY	9	0	1
ThomasAM_2018a	PWY66-409	17	0	1
ThomasAM_2018a	FUC-RHAMCAT-PWY	12	0	2
ThomasAM_2018a	NAGLIPASYN-PWY	6	0	7
ThomasAM_2018a	PWY-561	15	0	1
ThomasAM_2018a	PWY-5690	10	0	2
ThomasAM_2018a	PWY-6125	8	0	26
ThomasAM_2018a	GLUCOSE1PMETAB-PWY	5	0	5
ThomasAM_2018a	GALACT-GLUCUROCAT-PWY	11	0	2
ThomasAM_2018a	PWY-6891	7	0	2
ThomasAM_2018a	PWY-6471	16	0	1
ThomasAM_2018a	PYRIDNUCSAL-PWY	7	0	1
ThomasAM_2018a	PWY-7234	6	0	13
ThomasAM_2018a	PWY-6168	9	0	25
ThomasAM_2018a	PENTOSE-P-PWY	8	0	7
ThomasAM_2018a	PYRIDOXSYN-PWY	7	0	17
ThomasAM_2018a	PWY-7117	14	0	2
ThomasAM_2018a	PWY-7282	10	0	7
ThomasAM_2018a	PWY-5138	5	0	5
ThomasAM_2018a	PWY-5861	9	0	2
ThomasAM_2018a	PWY-5659	4	0	17
ThomasAM_2018a	PWY-7228	6	0	28
ThomasAM_2018a	ENTBACSYN-PWY	11	0	2
ThomasAM_2018a	PWY-7003	16	0	1
ThomasAM_2018a	PWY-7254	10	0	1
ThomasAM_2018a	OANTIGEN-PWY	10	0	3
ThomasAM_2018a	GLUCUROCAT-PWY	7	0	4
ThomasAM_2018a	PWY-7237	10	0	39
ThomasAM_2018a	PWY-5860	9	0	2
ThomasAM_2018a	PWY-5862	9	0	2
ThomasAM_2018a	PWY-6317	5	0	19
ThomasAM_2018a	HEMESYN2-PWY	4	0	3
ThomasAM_2018a	PWY0-1241	5	0	6
ThomasAM_2018a	HEME-BIOSYNTHESIS-II	4	0	1
ThomasAM_2018a	GLUCARDEG-PWY	4	0	2
ThomasAM_2018a	PWY-5918	10	0	1
ThomasAM_2018a	PWY-6606	4	0	7
ThomasAM_2018a	PWY-7094	6	0	1
ThomasAM_2018a	PWY-7184	9	0	7
ThomasAM_2018a	THISYNARA-PWY	7	0	26
ThomasAM_2018a	PWY-7315	4	0	3
ThomasAM_2018a	POLYISOPRENSYN-PWY	6	0	2
ThomasAM_2018a	PWY-6803	4	0	2
ThomasAM_2018a	PWY-5384	4	0	7
ThomasAM_2018a	KETOGLUCONMET-PWY	8	0	2
ThomasAM_2018a	POLYAMSYN-PWY	8	0	2
ThomasAM_2018a	PWY0-1415	6	0	1
ThomasAM_2018a	PWY-5675	4	0	1
ThomasAM_2018a	PWY0-1277	9	0	1
ThomasAM_2018a	PWY-6147	5	0	23
ThomasAM_2018a	GOLPDLCAT-PWY	4	0	4
ThomasAM_2018a	NAD-BIOSYNTHESIS-II	5	0	3
ThomasAM_2018a	PWY-7323	6	0	2
ThomasAM_2018a	PWY-5837	7	0	2
ThomasAM_2018a	PPGPPMET-PWY	6	0	3
ThomasAM_2018a	PWY-5367	6	0	3
ThomasAM_2018a	PWY-7385	9	0	1
ThomasAM_2018a	PWY-5920	8	0	1
ThomasAM_2018a	PWY-6531	5	0	2
ThomasAM_2018a	PWY-5863	16	0	2
ThomasAM_2018a	HCAMHPDEG-PWY	5	0	1
ThomasAM_2018a	PWY-6690	5	0	1
ThomasAM_2018a	PWY-6630	10	0	2
ThomasAM_2018a	PWY-5189	4	0	3
ThomasAM_2018a	CITRULBIO-PWY	8	0	5
ThomasAM_2018a	PWY-7204	9	0	1
ThomasAM_2018a	PWY-4702	14	0	2
ThomasAM_2018a	PWY-2941	9	0	5
ThomasAM_2018a	P185-PWY	12	0	1
ThomasAM_2018a	UBISYN-PWY	13	0	2
ThomasAM_2018a	PWY0-42	5	0	2
ThomasAM_2018a	ECASYN-PWY	10	0	2
ThomasAM_2018a	P164-PWY	15	0	3
ThomasAM_2018a	PWY-1861	9	0	1
ThomasAM_2018a	PWY-5855	8	0	2
ThomasAM_2018a	PWY-5856	8	0	2
ThomasAM_2018a	PWY-5857	8	0	2
ThomasAM_2018a	PWY-6708	8	0	2
ThomasAM_2018a	PWY-5747	6	0	2
ThomasAM_2018a	METHGLYUT-PWY	8	0	1
ThomasAM_2018a	AST-PWY	5	0	2
ThomasAM_2018a	HISDEG-PWY	4	0	35
ThomasAM_2018a	PWY-6859	4	0	2
ThomasAM_2018a	P122-PWY	18	0	1
ThomasAM_2018a	PWY-7446	5	0	2
ThomasAM_2018a	PWY-6837	5	0	1
ThomasAM_2018a	PWY-4984	5	0	3
ThomasAM_2018a	GLYCOL-GLYOXDEG-PWY	4	0	2
ThomasAM_2018a	ARGDEG-PWY	11	0	1
ThomasAM_2018a	ORNARGDEG-PWY	11	0	1
ThomasAM_2018a	ARGININE-SYN4-PWY	4	0	27
ThomasAM_2018a	LPSSYN-PWY	26	0	1
ThomasAM_2018a	PWY-5656	4	0	1
ThomasAM_2018a	PWY0-1338	6	0	2
ThomasAM_2018a	FOLSYN-PWY	12	0	1
ThomasAM_2018a	PWY-5030	6	0	19
ThomasAM_2018a	PWY-6876	5	0	1
ThomasAM_2018a	KDO-NAGLIPASYN-PWY	17	0	1
ThomasAM_2018a	AEROBACTINSYN-PWY	4	0	1
ThomasAM_2018a	PWY-6731	4	0	1
ThomasAM_2018a	PWY-6612	10	0	1
ThomasAM_2018a	PWY-6823	6	0	1
ThomasAM_2018a	PWY-5705	4	0	2
ThomasAM_2018a	PWY-6749	10	0	2
ThomasAM_2018a	PWY0-41	8	0	2
ThomasAM_2018a	PWY0-1533	4	0	2
ThomasAM_2018a	P162-PWY	10	0	1
ThomasAM_2018a	PWY-6595	6	0	1
ThomasAM_2018a	P163-PWY	10	0	1
ThomasAM_2018a	NONMEVIPP-PWY	9	0	3
ThomasAM_2018a	PWY-7316	4	0	2
ThomasAM_2018a	PWY-7198	7	0	3
ThomasAM_2018a	PWYG-321	205	0	5
ThomasAM_2018a	P124-PWY	15	0	3
ThomasAM_2018a	PWY-6545	9	0	2
ThomasAM_2018a	PWY-5941	6	0	3
ThomasAM_2018a	PWY-6143	6	0	1
ThomasAM_2018a	PWY-7371	5	0	2
ThomasAM_2018a	PWY-7312	4	0	2
ThomasAM_2018a	PWY-7328	6	0	1
ThomasAM_2018a	METH-ACETATE-PWY	6	0	4
ThomasAM_2018a	3-HYDROXYPHENYLACETATE-DEGRADATION-PWY	8	0	2
ThomasAM_2018a	PWY-7269	5	0	2
ThomasAM_2018a	LACTOSECAT-PWY	4	0	1
ThomasAM_2018a	PWY66-389	4	0	2
ThomasAM_2018a	P221-PWY	5	0	1
ThomasAM_2018a	PWY-7039	5	0	1
ThomasAM_2018a	PWY-7456	7	0	1
ThomasAM_2018a	PWY-7211	18	0	1
ThomasAM_2018a	PWY0-881	17	0	1
ThomasAM_2018a	PWY-7210	8	0	1
ThomasAM_2018a	PWY-7209	5	0	1
ThomasAM_2018a	REDCITCYC	10	0	1
ThomasAM_2018a	PWY-6071	12	0	1
ThomasAM_2018a	PWY0-321	10	0	1
ThomasAM_2018a	PWY-5692	4	0	2
ThomasAM_2018a	URDEGR-PWY	4	0	2
ThomasAM_2018a	P125-PWY	5	0	1
ThomasAM_2018a	PWY-6572	8	0	1
ThomasAM_2018a	PWY-6478	4	0	1
ThomasAM_2018a	PWY-5005	8	0	1
ThomasAM_2018b	PWY-1042	10	0	70
ThomasAM_2018b	ILEUSYN-PWY	7	0	84
ThomasAM_2018b	PWY-7111	5	0	133
ThomasAM_2018b	VALSYN-PWY	4	0	127
ThomasAM_2018b	PWY-5686	6	0	110
ThomasAM_2018b	PWY-6163	5	0	76
ThomasAM_2018b	PWY-6609	4	0	111
ThomasAM_2018b	PWY-6386	8	0	97
ThomasAM_2018b	PWY-7221	4	0	119
ThomasAM_2018b	PWY-6387	8	0	113
ThomasAM_2018b	ARO-PWY	7	0	51
ThomasAM_2018b	TRNA-CHARGING-PWY	21	0	57
ThomasAM_2018b	PEPTIDOGLYCANSYN-PWY	10	0	110
ThomasAM_2018b	DTDPRHAMSYN-PWY	4	0	105
ThomasAM_2018b	PWY-6700	4	0	102
ThomasAM_2018b	BRANCHED-CHAIN-AA-SYN-PWY	19	0	83
ThomasAM_2018b	CALVIN-PWY	13	0	29
ThomasAM_2018b	PWY-6385	14	0	88
ThomasAM_2018b	COA-PWY-1	5	0	116
ThomasAM_2018b	COMPLETE-ARO-PWY	17	0	43
ThomasAM_2018b	PWY-6151	4	0	91
ThomasAM_2018b	PWY-5103	7	0	83
ThomasAM_2018b	PWY-5667	4	0	75
ThomasAM_2018b	PWY0-1319	4	0	75
ThomasAM_2018b	PWY-5097	7	0	88
ThomasAM_2018b	PWY-6121	5	0	117
ThomasAM_2018b	PWY-3841	11	0	84
ThomasAM_2018b	ARGSYN-PWY	9	0	59
ThomasAM_2018b	PWY-7400	14	0	58
ThomasAM_2018b	RIBOSYN2-PWY	9	0	63
ThomasAM_2018b	ARGSYNBSUB-PWY	9	0	70
ThomasAM_2018b	PWY-6122	5	0	135
ThomasAM_2018b	PWY-6277	5	0	135
ThomasAM_2018b	1CMET2-PWY	9	0	71
ThomasAM_2018b	PWY-2942	8	0	88
ThomasAM_2018b	PANTOSYN-PWY	9	0	59
ThomasAM_2018b	PANTO-PWY	4	0	73
ThomasAM_2018b	COA-PWY	4	0	99
ThomasAM_2018b	PWY-5695	4	0	73
ThomasAM_2018b	PWY-7229	8	0	31
ThomasAM_2018b	PWY0-1586	12	0	48
ThomasAM_2018b	PWY-6168	9	0	33
ThomasAM_2018b	PWY-724	10	0	33
ThomasAM_2018b	ANAGLYCOLYSIS-PWY	11	0	26
ThomasAM_2018b	PWY-6123	6	0	68
ThomasAM_2018b	PWY-6126	8	0	31
ThomasAM_2018b	GLUTORN-PWY	5	0	60
ThomasAM_2018b	HISTSYN-PWY	11	0	63
ThomasAM_2018b	PWY-3001	13	0	32
ThomasAM_2018b	PWY-6124	5	0	69
ThomasAM_2018b	PWY-7220	4	0	61
ThomasAM_2018b	PWY-7222	4	0	61
ThomasAM_2018b	GLYCOGENSYNTH-PWY	4	0	49
ThomasAM_2018b	PWY-5973	5	0	27
ThomasAM_2018b	THRESYN-PWY	6	0	43
ThomasAM_2018b	PYRIDNUCSYN-PWY	6	0	36
ThomasAM_2018b	PWY-6317	5	0	30
ThomasAM_2018b	ANAEROFRUCAT-PWY	14	0	2
ThomasAM_2018b	NONOXIPENT-PWY	5	0	46
ThomasAM_2018b	PWY-6527	7	0	31
ThomasAM_2018b	PWY-6703	4	0	58
ThomasAM_2018b	SER-GLYSYN-PWY	4	0	68
ThomasAM_2018b	PWY-7357	6	0	48
ThomasAM_2018b	PWY-5154	9	0	8
ThomasAM_2018b	PWY-6936	5	0	59
ThomasAM_2018b	HSERMETANA-PWY	4	0	44
ThomasAM_2018b	OANTIGEN-PWY	10	0	12
ThomasAM_2018b	PWY-6897	5	0	18
ThomasAM_2018b	PWY-7237	10	0	47
ThomasAM_2018b	THISYN-PWY	12	0	7
ThomasAM_2018b	COBALSYN-PWY	9	0	18
ThomasAM_2018b	THISYNARA-PWY	7	0	31
ThomasAM_2018b	GLYCOLYSIS	12	0	5
ThomasAM_2018b	TRPSYN-PWY	7	0	42
ThomasAM_2018b	GLUCONEO-PWY	13	0	4
ThomasAM_2018b	PWY-5971	31	0	1
ThomasAM_2018b	PWYG-321	205	0	4
ThomasAM_2018b	PWY-7664	14	0	5
ThomasAM_2018b	PWY-6892	8	0	28
ThomasAM_2018b	ARGININE-SYN4-PWY	4	0	25
ThomasAM_2018b	DENOVOPURINE2-PWY	27	0	5
ThomasAM_2018b	PWY-5484	11	0	5
ThomasAM_2018b	PWY-841	21	0	2
ThomasAM_2018b	PWY0-862	6	0	6
ThomasAM_2018b	BIOTIN-BIOSYNTHESIS-PWY	16	0	3
ThomasAM_2018b	PWY-6282	9	0	5
ThomasAM_2018b	FASYN-INITIAL-PWY	6	0	4
ThomasAM_2018b	PWY-6519	11	0	3
ThomasAM_2018b	PHOSLIPSYN-PWY	10	0	4
ThomasAM_2018b	UDPNAGSYN-PWY	5	0	43
ThomasAM_2018b	PWY-5989	6	0	4
ThomasAM_2018b	PWY0-162	9	0	6
ThomasAM_2018b	MET-SAM-PWY	9	0	6
ThomasAM_2018b	PWY-6305	4	0	7
ThomasAM_2018b	PWY-5347	9	0	4
ThomasAM_2018b	ARG+POLYAMINE-SYN	17	0	1
ThomasAM_2018b	METSYN-PWY	8	0	6
ThomasAM_2018b	PWY-7187	7	0	6
ThomasAM_2018b	PWY0-166	14	0	8
ThomasAM_2018b	PWY-6895	11	0	1
ThomasAM_2018b	PWY-6353	11	0	5
ThomasAM_2018b	PWY-6125	8	0	31
ThomasAM_2018b	HEXITOLDEGSUPER-PWY	19	0	1
ThomasAM_2018b	PWY-7228	6	0	34
ThomasAM_2018b	PWY66-409	17	0	5
ThomasAM_2018b	PWY4FS-7	6	0	10
ThomasAM_2018b	PWY4FS-8	6	0	10
ThomasAM_2018b	PRPP-PWY	49	0	1
ThomasAM_2018b	RHAMCAT-PWY	5	0	21
ThomasAM_2018b	CITRULBIO-PWY	8	0	4
ThomasAM_2018b	PWY-5188	6	0	23
ThomasAM_2018b	GLCMANNANAUT-PWY	5	0	7
ThomasAM_2018b	SALVADEHYPOX-PWY	5	0	6
ThomasAM_2018b	PWY0-1261	12	0	1
ThomasAM_2018b	PWY-6901	17	0	1
ThomasAM_2018b	COLANSYN-PWY	12	0	2
ThomasAM_2018b	P441-PWY	21	0	1
ThomasAM_2018b	PWY-4984	5	0	3
ThomasAM_2018b	DAPLYSINESYN-PWY	9	0	6
ThomasAM_2018b	PWY-7282	10	0	8
ThomasAM_2018b	PWY-5104	6	0	13
ThomasAM_2018b	POLYAMSYN-PWY	8	0	1
ThomasAM_2018b	PWY-7184	9	0	9
ThomasAM_2018b	METH-ACETATE-PWY	6	0	4
ThomasAM_2018b	PWY-6545	9	0	3
ThomasAM_2018b	HOMOSER-METSYN-PWY	5	0	6
ThomasAM_2018b	PWY-4041	6	0	13
ThomasAM_2018b	PWY-5659	4	0	22
ThomasAM_2018b	PWY-7323	6	0	2
ThomasAM_2018b	PWY-7234	6	0	23
ThomasAM_2018b	PWY-6628	10	0	1
ThomasAM_2018b	GLUCUROCAT-PWY	7	0	3
ThomasAM_2018b	PWY-7456	7	0	4
ThomasAM_2018b	TCA	11	0	1
ThomasAM_2018b	P461-PWY	20	0	2
ThomasAM_2018b	PWY-2941	9	0	16
ThomasAM_2018b	PWY0-1061	6	0	8
ThomasAM_2018b	GALACT-GLUCUROCAT-PWY	11	0	1
ThomasAM_2018b	SULFATE-CYS-PWY	9	0	1
ThomasAM_2018b	PWY-6606	4	0	5
ThomasAM_2018b	PWY-6629	14	0	1
ThomasAM_2018b	PYRIDNUCSAL-PWY	7	0	2
ThomasAM_2018b	FERMENTATION-PWY	17	0	1
ThomasAM_2018b	PWY-6969	10	0	1
ThomasAM_2018b	PWY0-1297	7	0	10
ThomasAM_2018b	FAO-PWY	7	0	1
ThomasAM_2018b	PWY0-781	25	0	1
ThomasAM_2018b	GLYCOLYSIS-E-D	16	0	1
ThomasAM_2018b	PENTOSE-P-PWY	8	0	6
ThomasAM_2018b	PWY-5136	5	0	1
ThomasAM_2018b	P4-PWY	18	0	1
ThomasAM_2018b	PWY0-845	11	0	15
ThomasAM_2018b	PWY-6284	20	0	1
ThomasAM_2018b	PWY-6147	5	0	25
ThomasAM_2018b	PWY-6285	53	0	1
ThomasAM_2018b	PWY-5690	10	0	1
ThomasAM_2018b	PWY-1269	5	0	13
ThomasAM_2018b	FUC-RHAMCAT-PWY	12	0	1
ThomasAM_2018b	PWY-1861	9	0	3
ThomasAM_2018b	PYRIDOXSYN-PWY	7	0	17
ThomasAM_2018b	LACTOSECAT-PWY	4	0	13
ThomasAM_2018b	GLYCOLYSIS-TCA-GLYOX-BYPASS	26	0	1
ThomasAM_2018b	PWY-7117	14	0	1
ThomasAM_2018b	HISDEG-PWY	4	0	35
ThomasAM_2018b	PWY-6891	7	0	4
ThomasAM_2018b	PWY-5838	10	0	1
ThomasAM_2018b	PWY-5913	9	0	1
ThomasAM_2018b	GLYCOCAT-PWY	8	0	7
ThomasAM_2018b	ENTBACSYN-PWY	11	0	1
ThomasAM_2018b	PWY-5897	10	0	1
ThomasAM_2018b	PWY-5898	10	0	1
ThomasAM_2018b	PWY-5899	10	0	1
ThomasAM_2018b	PWY-5030	6	0	23
ThomasAM_2018b	FUCCAT-PWY	4	0	3
ThomasAM_2018b	FOLSYN-PWY	12	0	1
ThomasAM_2018b	PWY-5723	10	0	1
ThomasAM_2018b	PWY-6630	10	0	1
ThomasAM_2018b	SO4ASSIM-PWY	4	0	1
ThomasAM_2018b	TEICHOICACID-PWY	12	0	3
ThomasAM_2018b	POLYISOPRENSYN-PWY	6	0	1
ThomasAM_2018b	PWY0-1479	10	0	1
ThomasAM_2018b	HEMESYN2-PWY	4	0	1
ThomasAM_2018b	P105-PWY	10	0	1
ThomasAM_2018b	KETOGLUCONMET-PWY	8	0	1
ThomasAM_2018b	PWY-5861	9	0	1
ThomasAM_2018b	NAGLIPASYN-PWY	6	0	6
ThomasAM_2018b	TCA-GLYOX-BYPASS	13	0	1
ThomasAM_2018b	PWY-5845	10	0	1
ThomasAM_2018b	PWY-7254	10	0	1
ThomasAM_2018b	PWY-6731	4	0	1
ThomasAM_2018b	PWY-6612	10	0	1
ThomasAM_2018b	PWY-7328	6	0	1
ThomasAM_2018b	PWY-561	15	0	1
ThomasAM_2018b	GALACTARDEG-PWY	4	0	2
ThomasAM_2018b	GLUCARGALACTSUPER-PWY	4	0	2
ThomasAM_2018b	PWY-5918	10	0	1
ThomasAM_2018b	PWY-7013	5	0	5
ThomasAM_2018b	GOLPDLCAT-PWY	4	0	5
ThomasAM_2018b	PWY-5840	10	0	1
ThomasAM_2018b	PWY-5850	10	0	1
ThomasAM_2018b	PWY-5896	10	0	1
ThomasAM_2018b	PWY-6803	4	0	1
ThomasAM_2018b	PWY-5384	4	0	8
ThomasAM_2018b	GLUCOSE1PMETAB-PWY	5	0	7
ThomasAM_2018b	PWY-4702	14	0	1
ThomasAM_2018b	PWY0-1298	6	0	1
ThomasAM_2018b	PWY-5367	6	0	2
ThomasAM_2018b	HEME-BIOSYNTHESIS-II	4	0	3
ThomasAM_2018b	METHGLYUT-PWY	8	0	1
ThomasAM_2018b	PWY-7315	4	0	5
ThomasAM_2018b	GLUCARDEG-PWY	4	0	1
ThomasAM_2018b	PWY-6531	5	0	1
ThomasAM_2018b	PWY-5862	9	0	1
ThomasAM_2018b	NAD-BIOSYNTHESIS-II	5	0	2
ThomasAM_2018b	PWY-5863	16	0	1
ThomasAM_2018b	PWY-5189	4	0	1
ThomasAM_2018b	PWY-5837	7	0	1
ThomasAM_2018b	PWY-5675	4	0	1
ThomasAM_2018b	PWY-5860	9	0	1
ThomasAM_2018b	PWY-6588	5	0	3
ThomasAM_2018b	PWY-7204	9	0	1
ThomasAM_2018b	PWY0-1415	6	0	1
ThomasAM_2018b	PWY4LZ-257	9	0	1
ThomasAM_2018b	PWY0-1241	5	0	5
ThomasAM_2018b	PWY-5656	4	0	1
ThomasAM_2018b	PWY-5920	8	0	1
ThomasAM_2018b	P161-PWY	5	0	2
ThomasAM_2018b	PWY-7312	4	0	2
ThomasAM_2018b	PWY0-42	5	0	1
ThomasAM_2018b	PWY-5747	6	0	1
ThomasAM_2018b	PWY-7094	6	0	1
ThomasAM_2018b	AST-PWY	5	0	1
ThomasAM_2018b	P125-PWY	5	0	4
ThomasAM_2018b	PWY-5941	6	0	4
ThomasAM_2018b	P122-PWY	18	0	1
ThomasAM_2018b	PWY-5138	5	0	2
ThomasAM_2018b	PWY-7446	5	0	1
ThomasAM_2018b	GLYCOL-GLYOXDEG-PWY	4	0	1
ThomasAM_2018b	PWY-6823	6	0	1
ThomasAM_2018b	UBISYN-PWY	13	0	1
ThomasAM_2018b	PWY-5705	4	0	1
ThomasAM_2018b	KDO-NAGLIPASYN-PWY	17	0	1
ThomasAM_2018b	PWY-5855	8	0	1
ThomasAM_2018b	PWY-5856	8	0	1
ThomasAM_2018b	PWY-5857	8	0	1
ThomasAM_2018b	PWY-6708	8	0	1
ThomasAM_2018b	PWY0-41	8	0	1
ThomasAM_2018b	PWY-6837	5	0	1
ThomasAM_2018b	PWY-6471	16	0	2
ThomasAM_2018b	NONMEVIPP-PWY	9	0	5
ThomasAM_2018b	PWY-6167	10	0	2
ThomasAM_2018b	PWY-5101	8	0	2
ThomasAM_2018b	P124-PWY	15	0	2
ThomasAM_2018b	PWY-5005	8	0	1
ThomasAM_2018b	METHANOGENESIS-PWY	6	0	2
ThomasAM_2018b	PWY-7316	4	0	2
ThomasAM_2018b	PWY-6349	6	0	2
ThomasAM_2018b	PWY-5198	6	0	2
ThomasAM_2018b	PWY-6749	10	0	1
ThomasAM_2018b	AEROBACTINSYN-PWY	4	0	1
ThomasAM_2018b	PWY-6859	4	0	1
ThomasAM_2018b	PWY-6876	5	0	1
ThomasAM_2018b	PWY-6572	8	0	1
ThomasAM_2018b	ORNDEG-PWY	9	0	1
ThomasAM_2018b	ARGDEG-PWY	11	0	1
ThomasAM_2018b	ORNARGDEG-PWY	11	0	1
ThomasAM_2018b	PPGPPMET-PWY	6	0	1
ThomasAM_2018b	PWY0-1277	9	0	1
ThomasAM_2018b	PWY66-389	4	0	1
ThomasAM_2018b	ECASYN-PWY	10	0	1
ThomasAM_2018b	HCAMHPDEG-PWY	5	0	1
ThomasAM_2018b	PWY-6690	5	0	1
ThomasAM_2018b	PWY-7269	5	0	1
ThomasAM_2018b	LPSSYN-PWY	26	0	1
ThomasAM_2018b	PWY0-1338	6	0	1
ThomasAM_2018b	PWY-7371	5	0	3
ThomasAM_2018b	PWY-6953	5	0	1
ThomasAM_2018b	PWY-6478	4	0	1
ThomasAM_2018b	PWY-7198	7	0	2
ThomasAM_2018b	PWY-6143	6	0	1
ThomasAM_2019_c	ILEUSYN-PWY	7	0	85
ThomasAM_2019_c	PWY-7111	5	0	138
ThomasAM_2019_c	VALSYN-PWY	4	0	141
ThomasAM_2019_c	PWY-1042	10	0	81
ThomasAM_2019_c	TRNA-CHARGING-PWY	21	0	59
ThomasAM_2019_c	PWY-5686	6	0	123
ThomasAM_2019_c	PWY-7229	8	0	39
ThomasAM_2019_c	CALVIN-PWY	13	0	37
ThomasAM_2019_c	PWY-6387	8	0	127
ThomasAM_2019_c	PEPTIDOGLYCANSYN-PWY	10	0	120
ThomasAM_2019_c	PWY-6386	8	0	110
ThomasAM_2019_c	PWY-6385	14	0	102
ThomasAM_2019_c	PWY-6609	4	0	123
ThomasAM_2019_c	PWY0-1586	12	0	55
ThomasAM_2019_c	PWY-6126	8	0	39
ThomasAM_2019_c	PWY-5695	4	0	77
ThomasAM_2019_c	PWY-7221	4	0	129
ThomasAM_2019_c	PWY-6122	5	0	144
ThomasAM_2019_c	PWY-6277	5	0	144
ThomasAM_2019_c	DTDPRHAMSYN-PWY	4	0	101
ThomasAM_2019_c	BRANCHED-CHAIN-AA-SYN-PWY	19	0	84
ThomasAM_2019_c	COA-PWY-1	5	0	133
ThomasAM_2019_c	PWY0-1319	4	0	88
ThomasAM_2019_c	PWY-5667	4	0	86
ThomasAM_2019_c	ARO-PWY	7	0	61
ThomasAM_2019_c	PWY-3841	11	0	94
ThomasAM_2019_c	PWY-6163	5	0	89
ThomasAM_2019_c	PWY-6121	5	0	127
ThomasAM_2019_c	COMPLETE-ARO-PWY	17	0	51
ThomasAM_2019_c	PWY-5103	7	0	84
ThomasAM_2019_c	1CMET2-PWY	9	0	87
ThomasAM_2019_c	COA-PWY	4	0	117
ThomasAM_2019_c	ANAGLYCOLYSIS-PWY	11	0	26
ThomasAM_2019_c	PWY-5097	7	0	98
ThomasAM_2019_c	PWY-2942	8	0	99
ThomasAM_2019_c	PWY-7220	4	0	72
ThomasAM_2019_c	PWY-7222	4	0	72
ThomasAM_2019_c	NONOXIPENT-PWY	5	0	54
ThomasAM_2019_c	PWY-7400	14	0	62
ThomasAM_2019_c	ARGSYN-PWY	9	0	63
ThomasAM_2019_c	PWY-3001	13	0	39
ThomasAM_2019_c	ARGSYNBSUB-PWY	9	0	75
ThomasAM_2019_c	PWY-6151	4	0	94
ThomasAM_2019_c	PWY-6700	4	0	120
ThomasAM_2019_c	ANAEROFRUCAT-PWY	14	0	1
ThomasAM_2019_c	PWY-724	10	0	39
ThomasAM_2019_c	GLYCOLYSIS	12	0	7
ThomasAM_2019_c	HISTSYN-PWY	11	0	70
ThomasAM_2019_c	PWY-5973	5	0	29
ThomasAM_2019_c	PANTOSYN-PWY	9	0	61
ThomasAM_2019_c	GLUTORN-PWY	5	0	66
ThomasAM_2019_c	RIBOSYN2-PWY	9	0	77
ThomasAM_2019_c	THRESYN-PWY	6	0	51
ThomasAM_2019_c	PWY-5484	11	0	6
ThomasAM_2019_c	PYRIDNUCSYN-PWY	6	0	39
ThomasAM_2019_c	PANTO-PWY	4	0	72
ThomasAM_2019_c	PHOSLIPSYN-PWY	10	0	8
ThomasAM_2019_c	GLUCONEO-PWY	13	0	4
ThomasAM_2019_c	DENOVOPURINE2-PWY	27	0	6
ThomasAM_2019_c	PWY-841	21	0	2
ThomasAM_2019_c	HSERMETANA-PWY	4	0	49
ThomasAM_2019_c	SALVADEHYPOX-PWY	5	0	13
ThomasAM_2019_c	PWY-6123	6	0	74
ThomasAM_2019_c	SER-GLYSYN-PWY	4	0	71
ThomasAM_2019_c	OANTIGEN-PWY	10	0	12
ThomasAM_2019_c	PWY-6936	5	0	64
ThomasAM_2019_c	PWYG-321	205	0	4
ThomasAM_2019_c	PWY-6168	9	0	45
ThomasAM_2019_c	PWY-5971	31	0	1
ThomasAM_2019_c	PWY-7664	14	0	7
ThomasAM_2019_c	PWY-6124	5	0	74
ThomasAM_2019_c	TRPSYN-PWY	7	0	50
ThomasAM_2019_c	PWY-6527	7	0	35
ThomasAM_2019_c	THISYN-PWY	12	0	7
ThomasAM_2019_c	PWY-6125	8	0	38
ThomasAM_2019_c	PWY0-166	14	0	14
ThomasAM_2019_c	PWY0-862	6	0	10
ThomasAM_2019_c	PWY-6317	5	0	38
ThomasAM_2019_c	PWY-6282	9	0	7
ThomasAM_2019_c	PWY-7187	7	0	8
ThomasAM_2019_c	PWY-5154	9	0	10
ThomasAM_2019_c	FASYN-INITIAL-PWY	6	0	6
ThomasAM_2019_c	PWY-7228	6	0	40
ThomasAM_2019_c	PWY-6895	11	0	1
ThomasAM_2019_c	GLYCOGENSYNTH-PWY	4	0	51
ThomasAM_2019_c	HEXITOLDEGSUPER-PWY	19	0	1
ThomasAM_2019_c	PWY-6629	14	0	1
ThomasAM_2019_c	PWY4FS-7	6	0	13
ThomasAM_2019_c	PWY4FS-8	6	0	13
ThomasAM_2019_c	PWY-6897	5	0	22
ThomasAM_2019_c	UDPNAGSYN-PWY	5	0	53
ThomasAM_2019_c	PWY0-1261	12	0	5
ThomasAM_2019_c	PRPP-PWY	49	0	1
ThomasAM_2019_c	PWY-6901	17	0	1
ThomasAM_2019_c	ARG+POLYAMINE-SYN	17	0	1
ThomasAM_2019_c	MET-SAM-PWY	9	0	9
ThomasAM_2019_c	PWY-5989	6	0	6
ThomasAM_2019_c	PWY-6703	4	0	64
ThomasAM_2019_c	PWY-7357	6	0	52
ThomasAM_2019_c	PWY-5347	9	0	8
ThomasAM_2019_c	PWY0-162	9	0	6
ThomasAM_2019_c	METSYN-PWY	8	0	11
ThomasAM_2019_c	P461-PWY	20	0	4
ThomasAM_2019_c	PWY-6353	11	0	6
ThomasAM_2019_c	PWY-1269	5	0	14
ThomasAM_2019_c	GLYCOLYSIS-E-D	16	0	1
ThomasAM_2019_c	P441-PWY	21	0	1
ThomasAM_2019_c	PWY-7184	9	0	15
ThomasAM_2019_c	TCA	11	0	2
ThomasAM_2019_c	PENTOSE-P-PWY	8	0	13
ThomasAM_2019_c	PWY-7282	10	0	12
ThomasAM_2019_c	THISYNARA-PWY	7	0	30
ThomasAM_2019_c	PWY-6519	11	0	4
ThomasAM_2019_c	BIOTIN-BIOSYNTHESIS-PWY	16	0	3
ThomasAM_2019_c	SULFATE-CYS-PWY	9	0	3
ThomasAM_2019_c	GLYCOLYSIS-TCA-GLYOX-BYPASS	26	0	1
ThomasAM_2019_c	PWY-6628	10	0	1
ThomasAM_2019_c	PWY66-409	17	0	4
ThomasAM_2019_c	PWY-7234	6	0	22
ThomasAM_2019_c	COLANSYN-PWY	12	0	2
ThomasAM_2019_c	POLYAMSYN-PWY	8	0	2
ThomasAM_2019_c	PWY0-781	25	0	1
ThomasAM_2019_c	PWY-5104	6	0	15
ThomasAM_2019_c	DAPLYSINESYN-PWY	9	0	8
ThomasAM_2019_c	PWY-6892	8	0	28
ThomasAM_2019_c	PWY0-1297	7	0	13
ThomasAM_2019_c	PWY-5723	10	0	2
ThomasAM_2019_c	PWY-6305	4	0	11
ThomasAM_2019_c	P4-PWY	18	0	1
ThomasAM_2019_c	PWY-6630	10	0	1
ThomasAM_2019_c	PWY0-1479	10	0	4
ThomasAM_2019_c	PWY-7323	6	0	2
ThomasAM_2019_c	PWY-5913	9	0	6
ThomasAM_2019_c	PWY-5659	4	0	25
ThomasAM_2019_c	PWY-7117	14	0	4
ThomasAM_2019_c	CITRULBIO-PWY	8	0	4
ThomasAM_2019_c	FAO-PWY	7	0	4
ThomasAM_2019_c	PWY-6471	16	0	3
ThomasAM_2019_c	PWY-6891	7	0	3
ThomasAM_2019_c	PWY-7237	10	0	49
ThomasAM_2019_c	SO4ASSIM-PWY	4	0	4
ThomasAM_2019_c	PWY-6147	5	0	29
ThomasAM_2019_c	PWY0-845	11	0	15
ThomasAM_2019_c	PWY-6285	53	0	1
ThomasAM_2019_c	PWY-2941	9	0	15
ThomasAM_2019_c	GALACT-GLUCUROCAT-PWY	11	0	1
ThomasAM_2019_c	PWY-6969	10	0	2
ThomasAM_2019_c	GLCMANNANAUT-PWY	5	0	14
ThomasAM_2019_c	HISDEG-PWY	4	0	39
ThomasAM_2019_c	PWY-4041	6	0	17
ThomasAM_2019_c	HOMOSER-METSYN-PWY	5	0	11
ThomasAM_2019_c	PWY0-1298	6	0	6
ThomasAM_2019_c	PWY-5188	6	0	32
ThomasAM_2019_c	NAGLIPASYN-PWY	6	0	8
ThomasAM_2019_c	GLUCUROCAT-PWY	7	0	3
ThomasAM_2019_c	RHAMCAT-PWY	5	0	23
ThomasAM_2019_c	PWY4LZ-257	9	0	2
ThomasAM_2019_c	TCA-GLYOX-BYPASS	13	0	2
ThomasAM_2019_c	PWY-4984	5	0	3
ThomasAM_2019_c	PWY-6545	9	0	3
ThomasAM_2019_c	FERMENTATION-PWY	17	0	3
ThomasAM_2019_c	PWY-5136	5	0	3
ThomasAM_2019_c	PWY-5838	10	0	2
ThomasAM_2019_c	P161-PWY	5	0	7
ThomasAM_2019_c	COBALSYN-PWY	9	0	17
ThomasAM_2019_c	PWY-7456	7	0	2
ThomasAM_2019_c	PWY-5675	4	0	2
ThomasAM_2019_c	PYRIDOXSYN-PWY	7	0	18
ThomasAM_2019_c	FUC-RHAMCAT-PWY	12	0	1
ThomasAM_2019_c	PWY-5897	10	0	2
ThomasAM_2019_c	PWY-5898	10	0	2
ThomasAM_2019_c	PWY-5899	10	0	2
ThomasAM_2019_c	ARGININE-SYN4-PWY	4	0	25
ThomasAM_2019_c	GLUCOSE1PMETAB-PWY	5	0	6
ThomasAM_2019_c	PWY-6606	4	0	11
ThomasAM_2019_c	PWY-4702	14	0	2
ThomasAM_2019_c	FUCCAT-PWY	4	0	4
ThomasAM_2019_c	PWY-5030	6	0	22
ThomasAM_2019_c	GLYCOCAT-PWY	8	0	6
ThomasAM_2019_c	PWY-6284	20	0	1
ThomasAM_2019_c	PWY-6876	5	0	1
ThomasAM_2019_c	PWY-5861	9	0	2
ThomasAM_2019_c	ENTBACSYN-PWY	11	0	1
ThomasAM_2019_c	POLYISOPRENSYN-PWY	6	0	2
ThomasAM_2019_c	PWY-5840	10	0	2
ThomasAM_2019_c	PWY-5845	10	0	2
ThomasAM_2019_c	PWY-5850	10	0	2
ThomasAM_2019_c	PWY-5896	10	0	2
ThomasAM_2019_c	ORNDEG-PWY	9	0	1
ThomasAM_2019_c	GALACTARDEG-PWY	4	0	5
ThomasAM_2019_c	GLUCARGALACTSUPER-PWY	4	0	5
ThomasAM_2019_c	PWY0-1061	6	0	10
ThomasAM_2019_c	PWY-561	15	0	1
ThomasAM_2019_c	PWY-6531	5	0	1
ThomasAM_2019_c	ARGDEG-PWY	11	0	1
ThomasAM_2019_c	ORNARGDEG-PWY	11	0	1
ThomasAM_2019_c	PWY-5918	10	0	1
ThomasAM_2019_c	P105-PWY	10	0	2
ThomasAM_2019_c	PWY-5189	4	0	1
ThomasAM_2019_c	P164-PWY	15	0	6
ThomasAM_2019_c	PWY-5384	4	0	10
ThomasAM_2019_c	FOLSYN-PWY	12	0	3
ThomasAM_2019_c	PWY-5860	9	0	2
ThomasAM_2019_c	PWY-5862	9	0	2
ThomasAM_2019_c	HEMESYN2-PWY	4	0	3
ThomasAM_2019_c	PWY-7315	4	0	4
ThomasAM_2019_c	PWY-6803	4	0	2
ThomasAM_2019_c	PWY-7328	6	0	1
ThomasAM_2019_c	PWY0-1277	9	0	1
ThomasAM_2019_c	PWY-6731	4	0	1
ThomasAM_2019_c	PWY-5690	10	0	2
ThomasAM_2019_c	PWY-7254	10	0	2
ThomasAM_2019_c	PWY-5656	4	0	1
ThomasAM_2019_c	PWY-7204	9	0	2
ThomasAM_2019_c	PWY-6859	4	0	2
ThomasAM_2019_c	GLUCARDEG-PWY	4	0	4
ThomasAM_2019_c	METHGLYUT-PWY	8	0	1
ThomasAM_2019_c	PWY-5837	7	0	6
ThomasAM_2019_c	HEME-BIOSYNTHESIS-II	4	0	6
ThomasAM_2019_c	NAD-BIOSYNTHESIS-II	5	0	6
ThomasAM_2019_c	PWY-6612	10	0	3
ThomasAM_2019_c	PWY0-1415	6	0	2
ThomasAM_2019_c	PWY-5863	16	0	4
ThomasAM_2019_c	HCAMHPDEG-PWY	5	0	1
ThomasAM_2019_c	PWY-6690	5	0	1
ThomasAM_2019_c	PPGPPMET-PWY	6	0	4
ThomasAM_2019_c	3-HYDROXYPHENYLACETATE-DEGRADATION-PWY	8	0	1
ThomasAM_2019_c	PWY-5941	6	0	3
ThomasAM_2019_c	PWY0-1241	5	0	12
ThomasAM_2019_c	PWY-5367	6	0	6
ThomasAM_2019_c	LACTOSECAT-PWY	4	0	8
ThomasAM_2019_c	PWY-7094	6	0	1
ThomasAM_2019_c	PWY0-42	5	0	1
ThomasAM_2019_c	PWY-7269	5	0	2
ThomasAM_2019_c	PWY-5747	6	0	1
ThomasAM_2019_c	AST-PWY	5	0	2
ThomasAM_2019_c	LPSSYN-PWY	26	0	1
ThomasAM_2019_c	PWY-5138	5	0	5
ThomasAM_2019_c	PWY-7371	5	0	4
ThomasAM_2019_c	PWY-7446	5	0	2
ThomasAM_2019_c	PWY-6595	6	0	3
ThomasAM_2019_c	PWY66-389	4	0	2
ThomasAM_2019_c	METH-ACETATE-PWY	6	0	5
ThomasAM_2019_c	KDO-NAGLIPASYN-PWY	17	0	1
ThomasAM_2019_c	GOLPDLCAT-PWY	4	0	5
ThomasAM_2019_c	UBISYN-PWY	13	0	1
ThomasAM_2019_c	ECASYN-PWY	10	0	2
ThomasAM_2019_c	GLYCOL-GLYOXDEG-PWY	4	0	2
ThomasAM_2019_c	PWY-7013	5	0	9
ThomasAM_2019_c	PWY-5855	8	0	1
ThomasAM_2019_c	PWY-5856	8	0	1
ThomasAM_2019_c	PWY-5857	8	0	1
ThomasAM_2019_c	PWY-6708	8	0	1
ThomasAM_2019_c	PWY-6588	5	0	3
ThomasAM_2019_c	PWY-6823	6	0	1
ThomasAM_2019_c	KETOGLUCONMET-PWY	8	0	2
ThomasAM_2019_c	P221-PWY	5	0	1
ThomasAM_2019_c	PWY0-1338	6	0	2
ThomasAM_2019_c	PWY-7209	5	0	1
ThomasAM_2019_c	PWY-6837	5	0	2
ThomasAM_2019_c	PWY-6572	8	0	1
ThomasAM_2019_c	P124-PWY	15	0	3
ThomasAM_2019_c	PWY0-41	8	0	1
ThomasAM_2019_c	P163-PWY	10	0	2
ThomasAM_2019_c	PWY-5705	4	0	1
ThomasAM_2019_c	P125-PWY	5	0	4
ThomasAM_2019_c	PWY-6478	4	0	1
ThomasAM_2019_c	PWY-5005	8	0	5
ThomasAM_2019_c	PYRIDNUCSAL-PWY	7	0	1
ThomasAM_2019_c	PWY-1861	9	0	3
ThomasAM_2019_c	PWY-7385	9	0	1
ThomasAM_2019_c	TEICHOICACID-PWY	12	0	2
ThomasAM_2019_c	PWY-5920	8	0	1
ThomasAM_2019_c	NONMEVIPP-PWY	9	0	6
ThomasAM_2019_c	P122-PWY	18	0	1
ThomasAM_2019_c	P162-PWY	10	0	1
ThomasAM_2019_c	PWY-7316	4	0	2
ThomasAM_2019_c	PWY-7198	7	0	3
ThomasAM_2019_c	PWY-7312	4	0	2
ThomasAM_2019_c	METHANOGENESIS-PWY	6	0	2
ThomasAM_2019_c	PWY-7210	8	0	1
ThomasAM_2019_c	PWY-6143	6	0	1
ThomasAM_2019_c	PWY-6749	10	0	1
ThomasAM_2019_c	PWY0-1533	4	0	1
ThomasAM_2019_c	REDCITCYC	10	0	1
ThomasAM_2019_c	AEROBACTINSYN-PWY	4	0	1
ThomasAM_2019_c	PWY-6953	5	0	1
ThomasAM_2019_c	PWY-5692	4	0	1
ThomasAM_2019_c	URDEGR-PWY	4	0	1
ThomasAM_2019_c	PWY-7560	9	0	1
ThomasAM_2019_c	PWY-6270	10	0	1
VogtmannE_2016	DTDPRHAMSYN-PWY	4	0	110
VogtmannE_2016	PWY-1042	10	0	77
VogtmannE_2016	PWY-6609	4	0	123
VogtmannE_2016	PWY-5686	6	0	119
VogtmannE_2016	ILEUSYN-PWY	7	0	81
VogtmannE_2016	PWY-7111	5	0	136
VogtmannE_2016	VALSYN-PWY	4	0	138
VogtmannE_2016	TRNA-CHARGING-PWY	21	0	61
VogtmannE_2016	PWY-6386	8	0	105
VogtmannE_2016	PWY-7221	4	0	126
VogtmannE_2016	PEPTIDOGLYCANSYN-PWY	10	0	119
VogtmannE_2016	PWY-6387	8	0	123
VogtmannE_2016	PWY-6385	14	0	100
VogtmannE_2016	COA-PWY-1	5	0	132
VogtmannE_2016	PWY-6700	4	0	118
VogtmannE_2016	PWY-5667	4	0	90
VogtmannE_2016	PWY0-1319	4	0	90
VogtmannE_2016	PWY-6163	5	0	86
VogtmannE_2016	PWY-5695	4	0	77
VogtmannE_2016	ARO-PWY	7	0	59
VogtmannE_2016	PWY-3841	11	0	91
VogtmannE_2016	PWY-6151	4	0	91
VogtmannE_2016	ANAGLYCOLYSIS-PWY	11	0	22
VogtmannE_2016	CALVIN-PWY	13	0	39
VogtmannE_2016	COMPLETE-ARO-PWY	17	0	50
VogtmannE_2016	PWY-5097	7	0	98
VogtmannE_2016	1CMET2-PWY	9	0	81
VogtmannE_2016	COA-PWY	4	0	109
VogtmannE_2016	ARGSYN-PWY	9	0	66
VogtmannE_2016	PWY-7400	14	0	65
VogtmannE_2016	PWY-6121	5	0	124
VogtmannE_2016	HISTSYN-PWY	11	0	71
VogtmannE_2016	ARGSYNBSUB-PWY	9	0	80
VogtmannE_2016	PWY-6122	5	0	141
VogtmannE_2016	PWY-6277	5	0	141
VogtmannE_2016	PWY0-1586	12	0	43
VogtmannE_2016	RIBOSYN2-PWY	9	0	77
VogtmannE_2016	PWY-2942	8	0	95
VogtmannE_2016	PWY-6527	7	0	31
VogtmannE_2016	PWY-724	10	0	34
VogtmannE_2016	BRANCHED-CHAIN-AA-SYN-PWY	19	0	81
VogtmannE_2016	PWY-7229	8	0	33
VogtmannE_2016	PWY-6317	5	0	31
VogtmannE_2016	GLUTORN-PWY	5	0	68
VogtmannE_2016	PANTOSYN-PWY	9	0	69
VogtmannE_2016	PWY-6123	6	0	67
VogtmannE_2016	PWY-6124	5	0	74
VogtmannE_2016	PWY-5103	7	0	81
VogtmannE_2016	PWY-6168	9	0	42
VogtmannE_2016	PWY-6126	8	0	33
VogtmannE_2016	PWY-3001	13	0	26
VogtmannE_2016	PWY-5973	5	0	29
VogtmannE_2016	PANTO-PWY	4	0	78
VogtmannE_2016	PWY-7220	4	0	60
VogtmannE_2016	PWY-7222	4	0	60
VogtmannE_2016	PYRIDNUCSYN-PWY	6	0	43
VogtmannE_2016	PWY-7357	6	0	48
VogtmannE_2016	GLYCOGENSYNTH-PWY	4	0	44
VogtmannE_2016	SER-GLYSYN-PWY	4	0	69
VogtmannE_2016	PWY-7237	10	0	43
VogtmannE_2016	THRESYN-PWY	6	0	38
VogtmannE_2016	TRPSYN-PWY	7	0	49
VogtmannE_2016	PWY-6936	5	0	54
VogtmannE_2016	PWY-6125	8	0	29
VogtmannE_2016	NONOXIPENT-PWY	5	0	55
VogtmannE_2016	PWY-6897	5	0	18
VogtmannE_2016	PWY-7228	6	0	33
VogtmannE_2016	HSERMETANA-PWY	4	0	38
VogtmannE_2016	PWY-6703	4	0	62
VogtmannE_2016	THISYN-PWY	12	0	7
VogtmannE_2016	THISYNARA-PWY	7	0	29
VogtmannE_2016	PWY-5154	9	0	11
VogtmannE_2016	PWY0-166	14	0	10
VogtmannE_2016	PWY-6892	8	0	29
VogtmannE_2016	ARGININE-SYN4-PWY	4	0	28
VogtmannE_2016	PHOSLIPSYN-PWY	10	0	6
VogtmannE_2016	PWY-7282	10	0	9
VogtmannE_2016	PWY-7184	9	0	11
VogtmannE_2016	PWY-6147	5	0	23
VogtmannE_2016	COBALSYN-PWY	9	0	19
VogtmannE_2016	RHAMCAT-PWY	5	0	27
VogtmannE_2016	PWY0-845	11	0	16
VogtmannE_2016	PWY4FS-7	6	0	10
VogtmannE_2016	PWY4FS-8	6	0	10
VogtmannE_2016	PWY-6545	9	0	2
VogtmannE_2016	PENTOSE-P-PWY	8	0	13
VogtmannE_2016	CITRULBIO-PWY	8	0	5
VogtmannE_2016	PWY-2941	9	0	11
VogtmannE_2016	PYRIDOXSYN-PWY	7	0	18
VogtmannE_2016	TEICHOICACID-PWY	12	0	4
VogtmannE_2016	PWY-5188	6	0	30
VogtmannE_2016	UDPNAGSYN-PWY	5	0	40
VogtmannE_2016	PWY-5030	6	0	19
VogtmannE_2016	HISDEG-PWY	4	0	34
VogtmannE_2016	PWY-5659	4	0	22
VogtmannE_2016	GLCMANNANAUT-PWY	5	0	14
VogtmannE_2016	PWY-5104	6	0	16
VogtmannE_2016	PWY-4984	5	0	4
VogtmannE_2016	PWY0-1479	10	0	4
VogtmannE_2016	PWY-6305	4	0	7
VogtmannE_2016	PWY0-162	9	0	7
VogtmannE_2016	MET-SAM-PWY	9	0	6
VogtmannE_2016	PWY-5347	9	0	4
VogtmannE_2016	PWY-1269	5	0	13
VogtmannE_2016	METSYN-PWY	8	0	6
VogtmannE_2016	PWY-6353	11	0	5
VogtmannE_2016	NAGLIPASYN-PWY	6	0	10
VogtmannE_2016	GLUCUROCAT-PWY	7	0	4
VogtmannE_2016	PWYG-321	205	0	5
VogtmannE_2016	PWY-5941	6	0	3
VogtmannE_2016	PWY-6519	11	0	4
VogtmannE_2016	PWY-7664	14	0	8
VogtmannE_2016	PWY0-862	6	0	8
VogtmannE_2016	PWY-6282	9	0	8
VogtmannE_2016	PWY-5989	6	0	5
VogtmannE_2016	SALVADEHYPOX-PWY	5	0	11
VogtmannE_2016	PWY-1861	9	0	2
VogtmannE_2016	FASYN-INITIAL-PWY	6	0	5
VogtmannE_2016	P461-PWY	20	0	2
VogtmannE_2016	METH-ACETATE-PWY	6	0	5
VogtmannE_2016	HOMOSER-METSYN-PWY	5	0	6
VogtmannE_2016	PWY-6606	4	0	7
VogtmannE_2016	PWY-7234	6	0	15
VogtmannE_2016	PWY0-1241	5	0	10
VogtmannE_2016	LACTOSECAT-PWY	4	0	5
VogtmannE_2016	PWY-7316	4	0	2
VogtmannE_2016	PWY-4041	6	0	10
VogtmannE_2016	PWY-7013	5	0	5
VogtmannE_2016	GOLPDLCAT-PWY	4	0	5
VogtmannE_2016	PWY-6891	7	0	4
VogtmannE_2016	PWY-7315	4	0	6
VogtmannE_2016	PWY-6953	5	0	2
VogtmannE_2016	PWY-6588	5	0	3
VogtmannE_2016	PWY-6749	10	0	1
VogtmannE_2016	PWY-7371	5	0	2
VogtmannE_2016	PWY-5138	5	0	2
VogtmannE_2016	HEME-BIOSYNTHESIS-II	4	0	3
VogtmannE_2016	PWY-5101	8	0	3
VogtmannE_2016	PWY-6876	5	0	1
VogtmannE_2016	DENOVOPURINE2-PWY	27	0	2
VogtmannE_2016	PWY66-409	17	0	2
VogtmannE_2016	PWY-7187	7	0	3
VogtmannE_2016	PWY0-1297	7	0	10
VogtmannE_2016	PWY-7323	6	0	2
VogtmannE_2016	PWY-7456	7	0	4
VogtmannE_2016	PWY-7312	4	0	2
VogtmannE_2016	BIOTIN-BIOSYNTHESIS-PWY	16	0	3
VogtmannE_2016	PWY0-1061	6	0	6
VogtmannE_2016	FUCCAT-PWY	4	0	3
VogtmannE_2016	P161-PWY	5	0	3
VogtmannE_2016	PWY-6572	8	0	1
VogtmannE_2016	PWY-5367	6	0	2
VogtmannE_2016	PWY-6478	4	0	1
VogtmannE_2016	P125-PWY	5	0	1
VogtmannE_2016	GLUCONEO-PWY	13	0	6
VogtmannE_2016	GLYCOLYSIS	12	0	7
VogtmannE_2016	PWY-5484	11	0	7
VogtmannE_2016	DAPLYSINESYN-PWY	9	0	4
VogtmannE_2016	PWY-5384	4	0	5
VogtmannE_2016	PWY-6143	6	0	1
VogtmannE_2016	P124-PWY	15	0	1
VogtmannE_2016	NAD-BIOSYNTHESIS-II	5	0	3
VogtmannE_2016	PPGPPMET-PWY	6	0	2
VogtmannE_2016	NONMEVIPP-PWY	9	0	2
VogtmannE_2016	PWY-5005	8	0	2
VogtmannE_2016	FERMENTATION-PWY	17	0	2
VogtmannE_2016	PWY-7117	14	0	2
VogtmannE_2016	GLYCOCAT-PWY	8	0	3
VogtmannE_2016	HEMESYN2-PWY	4	0	2
VogtmannE_2016	PWY-5913	9	0	2
VogtmannE_2016	PWY-5837	7	0	2
VogtmannE_2016	GLUCOSE1PMETAB-PWY	5	0	3
VogtmannE_2016	ANAEROFRUCAT-PWY	14	0	2
VogtmannE_2016	PWY-841	21	0	1
VogtmannE_2016	OANTIGEN-PWY	10	0	7
VogtmannE_2016	PWY-6471	16	0	1
VogtmannE_2016	PWY0-1261	12	0	1
VogtmannE_2016	COLANSYN-PWY	12	0	1
VogtmannE_2016	PWY-6901	17	0	1
VogtmannE_2016	PWY-6895	11	0	1
VogtmannE_2016	ARG+POLYAMINE-SYN	17	0	1
VogtmannE_2016	GALACT-GLUCUROCAT-PWY	11	0	1
VogtmannE_2016	GLYCOLYSIS-E-D	16	0	1
VogtmannE_2016	HEXITOLDEGSUPER-PWY	19	0	1
VogtmannE_2016	PWY-5971	31	0	1
VogtmannE_2016	POLYISOPRENSYN-PWY	6	0	1
VogtmannE_2016	PWY-6969	10	0	1
VogtmannE_2016	TCA	11	0	1
VogtmannE_2016	P441-PWY	21	0	1
VogtmannE_2016	SULFATE-CYS-PWY	9	0	1
VogtmannE_2016	PWY-6629	14	0	1
VogtmannE_2016	FUC-RHAMCAT-PWY	12	0	1
VogtmannE_2016	POLYAMSYN-PWY	8	0	1
VogtmannE_2016	PWY-6859	4	0	1
VogtmannE_2016	PWY-5690	10	0	1
VogtmannE_2016	PWY-6628	10	0	1
VogtmannE_2016	FAO-PWY	7	0	2
VogtmannE_2016	PWY-6630	10	0	1
VogtmannE_2016	PWY-5136	5	0	2
VogtmannE_2016	PYRIDNUCSAL-PWY	7	0	1
VogtmannE_2016	GLYCOLYSIS-TCA-GLYOX-BYPASS	26	0	1
VogtmannE_2016	PWY0-1298	6	0	1
VogtmannE_2016	SO4ASSIM-PWY	4	0	1
VogtmannE_2016	PWY-5838	10	0	1
VogtmannE_2016	PWY-5840	10	0	1
VogtmannE_2016	PWY-5897	10	0	1
VogtmannE_2016	PWY-5898	10	0	1
VogtmannE_2016	PWY-5899	10	0	1
VogtmannE_2016	PWY-5845	10	0	1
VogtmannE_2016	P105-PWY	10	0	1
VogtmannE_2016	PWY0-781	25	0	1
VogtmannE_2016	PWY-5723	10	0	1
VogtmannE_2016	TCA-GLYOX-BYPASS	13	0	1
VogtmannE_2016	PWY-5861	9	0	1
VogtmannE_2016	P4-PWY	18	0	1
VogtmannE_2016	ENTBACSYN-PWY	11	0	1
VogtmannE_2016	GALACTARDEG-PWY	4	0	4
VogtmannE_2016	GLUCARGALACTSUPER-PWY	4	0	4
VogtmannE_2016	PWY4LZ-257	9	0	1
VogtmannE_2016	PWY-5862	9	0	1
VogtmannE_2016	PWY-7254	10	0	1
VogtmannE_2016	PWY-5675	4	0	1
VogtmannE_2016	PWY-6285	53	0	1
VogtmannE_2016	PWY-5918	10	0	1
VogtmannE_2016	METHGLYUT-PWY	8	0	1
VogtmannE_2016	PWY-7328	6	0	1
VogtmannE_2016	PWY-6531	5	0	1
VogtmannE_2016	PWY-5850	10	0	1
VogtmannE_2016	PWY-5896	10	0	1
VogtmannE_2016	PWY-561	15	0	1
VogtmannE_2016	PWY-5863	16	0	1
VogtmannE_2016	PWY0-1415	6	0	1
VogtmannE_2016	PWY-6803	4	0	1
VogtmannE_2016	PWY-6284	20	0	1
VogtmannE_2016	GLUCARDEG-PWY	4	0	3
VogtmannE_2016	PWY-5860	9	0	1
VogtmannE_2016	PWY-4702	14	0	1
VogtmannE_2016	PWY-5920	8	0	1
VogtmannE_2016	PWY-5189	4	0	1
VogtmannE_2016	PWY-5656	4	0	1
VogtmannE_2016	FOLSYN-PWY	12	0	1
VogtmannE_2016	PWY-7204	9	0	1
VogtmannE_2016	PWY0-42	5	0	1
VogtmannE_2016	P162-PWY	10	0	1
VogtmannE_2016	PWY-6612	10	0	1
VogtmannE_2016	PWY-5747	6	0	1
VogtmannE_2016	AST-PWY	5	0	1
VogtmannE_2016	KETOGLUCONMET-PWY	8	0	1
VogtmannE_2016	PWY-6823	6	0	1
VogtmannE_2016	KDO-NAGLIPASYN-PWY	17	0	1
VogtmannE_2016	GLYCOL-GLYOXDEG-PWY	4	0	1
VogtmannE_2016	PWY-5705	4	0	1
VogtmannE_2016	PWY-6837	5	0	1
VogtmannE_2016	PWY-7446	5	0	1
VogtmannE_2016	P164-PWY	15	0	6
VogtmannE_2016	P163-PWY	10	0	2
VogtmannE_2016	PWY-6167	10	0	2
VogtmannE_2016	METHANOGENESIS-PWY	6	0	2
VogtmannE_2016	PWY-6349	6	0	2
VogtmannE_2016	PWY-5198	6	0	2
VogtmannE_2016	ORNDEG-PWY	9	0	1
VogtmannE_2016	ARGDEG-PWY	11	0	1
VogtmannE_2016	ORNARGDEG-PWY	11	0	1
VogtmannE_2016	PWY0-1277	9	0	1
VogtmannE_2016	HCAMHPDEG-PWY	5	0	1
VogtmannE_2016	PWY-6690	5	0	1
VogtmannE_2016	PWY66-389	4	0	1
VogtmannE_2016	ECASYN-PWY	10	0	1
VogtmannE_2016	PWY-7269	5	0	1
VogtmannE_2016	PWY0-41	8	0	1
VogtmannE_2016	P221-PWY	5	0	1
VogtmannE_2016	PWY-6731	4	0	1
VogtmannE_2016	PWY0-881	17	0	1
VogtmannE_2016	LPSSYN-PWY	26	0	1
VogtmannE_2016	PWY0-1338	6	0	1
VogtmannE_2016	UBISYN-PWY	13	0	1
VogtmannE_2016	PWY-5855	8	0	1
VogtmannE_2016	PWY-5856	8	0	1
VogtmannE_2016	PWY-5857	8	0	1
VogtmannE_2016	PWY-6708	8	0	1
VogtmannE_2016	PWY-6595	6	0	2
VogtmannE_2016	PWY-7198	7	0	2
VogtmannE_2016	REDCITCYC	10	0	1
VogtmannE_2016	PWY-7209	5	0	1
YuJ_2015	PWY0-1586	12	12	49
YuJ_2015	TRNA-CHARGING-PWY	21	9	65
YuJ_2015	PWY-1042	10	20	86
YuJ_2015	ILEUSYN-PWY	7	14	82
YuJ_2015	PWY-7111	5	24	140
YuJ_2015	VALSYN-PWY	4	29	141
YuJ_2015	PWY-6387	8	26	127
YuJ_2015	PEPTIDOGLYCANSYN-PWY	10	23	120
YuJ_2015	PWY-6385	14	19	97
YuJ_2015	CALVIN-PWY	13	16	42
YuJ_2015	PWY-6386	8	20	106
YuJ_2015	PWY-7229	8	7	34
YuJ_2015	PWY-5686	6	25	117
YuJ_2015	PWY-7221	4	27	129
YuJ_2015	PWY-6126	8	7	34
YuJ_2015	PWY-6700	4	27	119
YuJ_2015	PWY-6609	4	21	121
YuJ_2015	PWY-3841	11	16	98
YuJ_2015	ARGSYNBSUB-PWY	9	17	78
YuJ_2015	COA-PWY-1	5	25	133
YuJ_2015	BRANCHED-CHAIN-AA-SYN-PWY	19	14	82
YuJ_2015	PWY-6122	5	28	144
YuJ_2015	PWY-6277	5	28	144
YuJ_2015	NONOXIPENT-PWY	5	17	54
YuJ_2015	ARGSYN-PWY	9	13	64
YuJ_2015	PWY-7220	4	17	75
YuJ_2015	PWY-7222	4	17	75
YuJ_2015	PWY-7400	14	14	63
YuJ_2015	PWY-6121	5	27	128
YuJ_2015	ANAGLYCOLYSIS-PWY	11	1	25
YuJ_2015	PWY-5695	4	17	78
YuJ_2015	PWY-5103	7	14	82
YuJ_2015	PWY-5097	7	19	100
YuJ_2015	PWY-2942	8	20	97
YuJ_2015	GLYCOLYSIS	12	0	13
YuJ_2015	ARO-PWY	7	11	65
YuJ_2015	1CMET2-PWY	9	9	85
YuJ_2015	PWY-6163	5	16	91
YuJ_2015	COMPLETE-ARO-PWY	17	8	52
YuJ_2015	PWY-5484	11	0	12
YuJ_2015	PWY0-1319	4	18	90
YuJ_2015	PWY-5667	4	18	90
YuJ_2015	PWY-3001	13	4	32
YuJ_2015	COA-PWY	4	24	115
YuJ_2015	DTDPRHAMSYN-PWY	4	21	103
YuJ_2015	PWY-6151	4	22	85
YuJ_2015	GLYCOGENSYNTH-PWY	4	13	48
YuJ_2015	PWY-724	10	9	38
YuJ_2015	GLUTORN-PWY	5	14	67
YuJ_2015	PANTO-PWY	4	13	79
YuJ_2015	THRESYN-PWY	6	7	48
YuJ_2015	PWY-6936	5	17	60
YuJ_2015	PANTOSYN-PWY	9	9	66
YuJ_2015	ANAEROFRUCAT-PWY	14	0	2
YuJ_2015	HEXITOLDEGSUPER-PWY	19	0	2
YuJ_2015	RIBOSYN2-PWY	9	14	80
YuJ_2015	SALVADEHYPOX-PWY	5	6	12
YuJ_2015	P461-PWY	20	0	7
YuJ_2015	GLUCONEO-PWY	13	0	10
YuJ_2015	PWY-6123	6	11	80
YuJ_2015	UDPNAGSYN-PWY	5	6	52
YuJ_2015	PHOSLIPSYN-PWY	10	1	7
YuJ_2015	FASYN-INITIAL-PWY	6	0	10
YuJ_2015	HSERMETANA-PWY	4	9	38
YuJ_2015	DENOVOPURINE2-PWY	27	0	4
YuJ_2015	PWYG-321	205	0	5
YuJ_2015	PWY-841	21	0	3
YuJ_2015	PWY-5154	9	2	12
YuJ_2015	PWY-6124	5	11	84
YuJ_2015	PWY-6168	9	9	46
YuJ_2015	PWY-5973	5	1	33
YuJ_2015	MET-SAM-PWY	9	2	11
YuJ_2015	PYRIDNUCSYN-PWY	6	10	42
YuJ_2015	PWY-7664	14	0	12
YuJ_2015	PWY-5971	31	0	2
YuJ_2015	SER-GLYSYN-PWY	4	13	70
YuJ_2015	HISTSYN-PWY	11	12	72
YuJ_2015	PWY4FS-7	6	3	10
YuJ_2015	PWY4FS-8	6	3	10
YuJ_2015	PWY0-1261	12	0	7
YuJ_2015	PWY0-862	6	0	12
YuJ_2015	PWY0-166	14	1	11
YuJ_2015	PWY-6527	7	7	34
YuJ_2015	PWY-6282	9	0	12
YuJ_2015	THISYN-PWY	12	0	7
YuJ_2015	PWY-5347	9	1	8
YuJ_2015	METSYN-PWY	8	3	11
YuJ_2015	PWY-5188	6	4	30
YuJ_2015	ARG+POLYAMINE-SYN	17	0	4
YuJ_2015	PWY-7187	7	0	4
YuJ_2015	PWY-6892	8	8	31
YuJ_2015	GLYCOLYSIS-TCA-GLYOX-BYPASS	26	0	2
YuJ_2015	PWY0-162	9	2	8
YuJ_2015	PWY-6901	17	0	2
YuJ_2015	PWY0-1479	10	1	8
YuJ_2015	PWY-6125	8	2	32
YuJ_2015	TCA	11	0	5
YuJ_2015	PWY-6353	11	5	7
YuJ_2015	PWY-7357	6	13	54
YuJ_2015	PWY-6317	5	7	30
YuJ_2015	OANTIGEN-PWY	10	1	10
YuJ_2015	PWY-6895	11	0	2
YuJ_2015	PWY-7228	6	3	35
YuJ_2015	PWY-6703	4	4	65
YuJ_2015	PWY-5989	6	0	9
YuJ_2015	P441-PWY	21	0	2
YuJ_2015	PWY-6629	14	0	2
YuJ_2015	PWY-6897	5	2	22
YuJ_2015	FERMENTATION-PWY	17	0	6
YuJ_2015	DAPLYSINESYN-PWY	9	0	11
YuJ_2015	FAO-PWY	7	0	5
YuJ_2015	TRPSYN-PWY	7	8	49
YuJ_2015	PWY-6305	4	3	10
YuJ_2015	PWY-5723	10	0	3
YuJ_2015	BIOTIN-BIOSYNTHESIS-PWY	16	0	5
YuJ_2015	PWY-6519	11	0	6
YuJ_2015	PWY0-781	25	0	2
YuJ_2015	PWY-1269	5	0	16
YuJ_2015	GLYCOLYSIS-E-D	16	0	2
YuJ_2015	PWY-5913	9	0	6
YuJ_2015	PWY-5104	6	5	16
YuJ_2015	SULFATE-CYS-PWY	9	0	3
YuJ_2015	P4-PWY	18	0	3
YuJ_2015	PENTOSE-P-PWY	8	4	13
YuJ_2015	PYRIDOXSYN-PWY	7	2	21
YuJ_2015	PWY-7211	18	0	2
YuJ_2015	PRPP-PWY	49	0	2
YuJ_2015	PWY66-409	17	0	3
YuJ_2015	PYRIDNUCSAL-PWY	7	0	2
YuJ_2015	PWY-7184	9	1	13
YuJ_2015	PWY-6628	10	0	3
YuJ_2015	TCA-GLYOX-BYPASS	13	0	5
YuJ_2015	PWY-6285	53	0	2
YuJ_2015	THISYNARA-PWY	7	7	34
YuJ_2015	POLYAMSYN-PWY	8	0	5
YuJ_2015	PWY-7117	14	0	6
YuJ_2015	PWY0-1297	7	2	14
YuJ_2015	PWY-7282	10	0	10
YuJ_2015	PWY-5136	5	0	4
YuJ_2015	PWY-4041	6	0	16
YuJ_2015	ENTBACSYN-PWY	11	0	2
YuJ_2015	PWY-7234	6	1	26
YuJ_2015	NAGLIPASYN-PWY	6	1	13
YuJ_2015	COBALSYN-PWY	9	4	20
YuJ_2015	CITRULBIO-PWY	8	0	7
YuJ_2015	PWY-6891	7	0	3
YuJ_2015	ORNDEG-PWY	9	0	4
YuJ_2015	HOMOSER-METSYN-PWY	5	3	11
YuJ_2015	RHAMCAT-PWY	5	4	28
YuJ_2015	FUCCAT-PWY	4	1	7
YuJ_2015	PWY-6545	9	0	4
YuJ_2015	GLYCOCAT-PWY	8	0	6
YuJ_2015	PWY-7237	10	14	49
YuJ_2015	GLCMANNANAUT-PWY	5	1	10
YuJ_2015	PWY-5675	4	0	4
YuJ_2015	PWY-6969	10	0	2
YuJ_2015	SO4ASSIM-PWY	4	0	5
YuJ_2015	PWY-561	15	0	2
YuJ_2015	P105-PWY	10	0	2
YuJ_2015	PWY4LZ-257	9	0	2
YuJ_2015	PWY0-1298	6	1	6
YuJ_2015	PWY-6147	5	1	23
YuJ_2015	PWY-6606	4	7	11
YuJ_2015	PWY0-845	11	1	17
YuJ_2015	PWY-6284	20	0	2
YuJ_2015	PWY-5838	10	0	2
YuJ_2015	PWY-5897	10	0	2
YuJ_2015	PWY-5898	10	0	2
YuJ_2015	PWY-5899	10	0	2
YuJ_2015	P161-PWY	5	2	8
YuJ_2015	COLANSYN-PWY	12	0	2
YuJ_2015	PWY-7210	8	0	2
YuJ_2015	PWY-5690	10	0	2
YuJ_2015	PWY-7198	7	0	3
YuJ_2015	FUC-RHAMCAT-PWY	12	0	3
YuJ_2015	GALACTARDEG-PWY	4	1	6
YuJ_2015	GLUCARGALACTSUPER-PWY	4	1	6
YuJ_2015	PWY0-1241	5	0	14
YuJ_2015	PWY-7254	10	0	2
YuJ_2015	ARGININE-SYN4-PWY	4	3	28
YuJ_2015	PWY0-1061	6	2	10
YuJ_2015	PWY-5659	4	7	23
YuJ_2015	PWY-5840	10	0	2
YuJ_2015	PWY-5845	10	0	2
YuJ_2015	PWY-5850	10	0	2
YuJ_2015	PWY-5896	10	0	2
YuJ_2015	PWY-5918	10	0	2
YuJ_2015	PWY-6531	5	0	2
YuJ_2015	GLUCOSE1PMETAB-PWY	5	0	7
YuJ_2015	GALACT-GLUCUROCAT-PWY	11	0	2
YuJ_2015	PWY-5861	9	0	2
YuJ_2015	PWY0-881	17	0	2
YuJ_2015	PWY-4702	14	0	2
YuJ_2015	PWY-5384	4	0	6
YuJ_2015	GLUCARDEG-PWY	4	2	5
YuJ_2015	PWY-5189	4	0	2
YuJ_2015	PWY-7323	6	0	4
YuJ_2015	PWY-7328	6	0	2
YuJ_2015	PWY-2941	9	3	14
YuJ_2015	ARGDEG-PWY	11	0	2
YuJ_2015	ORNARGDEG-PWY	11	0	2
YuJ_2015	GLUCUROCAT-PWY	7	1	4
YuJ_2015	FOLSYN-PWY	12	0	2
YuJ_2015	PWY-5860	9	0	2
YuJ_2015	PWY-5862	9	0	2
YuJ_2015	PWY-1861	9	0	6
YuJ_2015	METHGLYUT-PWY	8	0	1
YuJ_2015	HISDEG-PWY	4	4	40
YuJ_2015	PWY-6731	4	0	2
YuJ_2015	PWY-6803	4	0	5
YuJ_2015	PWY-6630	10	0	4
YuJ_2015	POLYISOPRENSYN-PWY	6	0	2
YuJ_2015	HEMESYN2-PWY	4	0	4
YuJ_2015	HEME-BIOSYNTHESIS-II	4	0	8
YuJ_2015	PWY-5747	6	0	2
YuJ_2015	PWY-7204	9	0	2
YuJ_2015	PWY0-42	5	0	2
YuJ_2015	PWY-5837	7	0	6
YuJ_2015	PWY0-1415	6	0	2
YuJ_2015	PWY-6612	10	0	2
YuJ_2015	PWY0-1277	9	0	2
YuJ_2015	PWY-5367	6	0	3
YuJ_2015	KETOGLUCONMET-PWY	8	0	4
YuJ_2015	PWY-5863	16	0	4
YuJ_2015	THREOCAT-PWY	19	0	2
YuJ_2015	LACTOSECAT-PWY	4	0	8
YuJ_2015	PWY-7315	4	1	10
YuJ_2015	PPGPPMET-PWY	6	0	5
YuJ_2015	HCAMHPDEG-PWY	5	0	3
YuJ_2015	PWY-6690	5	0	3
YuJ_2015	TEICHOICACID-PWY	12	0	3
YuJ_2015	PWY66-389	4	0	3
YuJ_2015	PWY-6588	5	0	4
YuJ_2015	PWY-5656	4	0	1
YuJ_2015	NAD-BIOSYNTHESIS-II	5	0	7
YuJ_2015	PWY-5138	5	0	6
YuJ_2015	LPSSYN-PWY	26	0	1
YuJ_2015	PWY-5920	8	0	2
YuJ_2015	AST-PWY	5	0	2
YuJ_2015	PWY-7269	5	0	3
YuJ_2015	METH-ACETATE-PWY	6	1	4
YuJ_2015	PWY-6823	6	0	2
YuJ_2015	P122-PWY	18	0	2
YuJ_2015	PWY-6859	4	0	2
YuJ_2015	PWY-5030	6	1	22
YuJ_2015	KDO-NAGLIPASYN-PWY	17	0	2
YuJ_2015	GLUDEG-I-PWY	4	0	1
YuJ_2015	REDCITCYC	10	0	2
YuJ_2015	GLYCOL-GLYOXDEG-PWY	4	0	2
YuJ_2015	ECASYN-PWY	10	0	4
YuJ_2015	PWY-7456	7	0	3
YuJ_2015	PWY0-1338	6	0	5
YuJ_2015	UBISYN-PWY	13	0	2
YuJ_2015	PWY-4984	5	0	6
YuJ_2015	PWY-7446	5	0	2
YuJ_2015	PWY-5855	8	0	3
YuJ_2015	PWY-5856	8	0	3
YuJ_2015	PWY-5857	8	0	3
YuJ_2015	PWY-6708	8	0	3
YuJ_2015	PWY-7013	5	0	9
YuJ_2015	PWY-7209	5	0	1
YuJ_2015	P221-PWY	5	0	3
YuJ_2015	PWY-7094	6	0	4
YuJ_2015	PWY-6071	12	0	2
YuJ_2015	PWY-7385	9	0	1
YuJ_2015	PWY0-321	10	0	2
YuJ_2015	PWY-5705	4	0	2
YuJ_2015	PWY0-41	8	0	2
YuJ_2015	P185-PWY	12	0	2
YuJ_2015	3-HYDROXYPHENYLACETATE-DEGRADATION-PWY	8	0	2
YuJ_2015	PWY-6837	5	0	4
YuJ_2015	GOLPDLCAT-PWY	4	2	9
YuJ_2015	PWY0-1533	4	0	2
YuJ_2015	PWY-7371	5	0	5
YuJ_2015	PWY-5692	4	0	2
YuJ_2015	URDEGR-PWY	4	0	2
YuJ_2015	PWY-4321	5	0	1
YuJ_2015	PWY-6215	4	0	1
YuJ_2015	PROTOCATECHUATE-ORTHO-CLEAVAGE-PWY	4	0	3
YuJ_2015	PWY3DJ-35471	10	0	2
YuJ_2015	PWY-6467	5	0	1
YuJ_2015	PWY-7165	7	0	2
YuJ_2015	PWY-7316	4	2	3
YuJ_2015	PWY-6953	5	0	2
YuJ_2015	PWY-7312	4	1	2
YuJ_2015	PWY-6478	4	0	1
YuJ_2015	PWY-5941	6	0	3
YuJ_2015	PWY-5022	7	0	1
YuJ_2015	PWY-3801	19	0	1
YuJ_2015	PWY-7345	15	0	1
YuJ_2015	PWY-7003	16	0	2
YuJ_2015	PWY-6471	16	0	1
YuJ_2015	PWY-7196	10	0	1
YuJ_2015	PWY-5181	12	0	2
YuJ_2015	NONMEVIPP-PWY	9	0	3
YuJ_2015	PWY-5417	6	0	2
YuJ_2015	PWY-5431	6	0	2
YuJ_2015	PWY-6182	7	0	2
YuJ_2015	PWY-6318	9	0	4
YuJ_2015	AEROBACTINSYN-PWY	4	0	2
YuJ_2015	PWY-6185	7	0	2
YuJ_2015	CATECHOL-ORTHO-CLEAVAGE-PWY	4	0	2
YuJ_2015	PWY-6572	8	0	1
YuJ_2015	PWY-1541	6	0	1
YuJ_2015	PWY-5005	8	0	6
YuJ_2015	PWY-6595	6	2	4
YuJ_2015	P124-PWY	15	0	2
YuJ_2015	METHANOGENESIS-PWY	6	0	2
YuJ_2015	PWY-5198	6	0	2
YuJ_2015	P125-PWY	5	0	2
YuJ_2015	PWY-6749	10	0	2
YuJ_2015	P164-PWY	15	3	7
YuJ_2015	P162-PWY	10	1	1
YuJ_2015	P108-PWY	7	0	2
YuJ_2015	PWY-6143	6	0	1
YuJ_2015	PWY-6876	5	0	1
YuJ_2015	URSIN-PWY	7	0	1
ZellerG_2014	PWY-1042	10	18	71
ZellerG_2014	PWY-6609	4	17	114
ZellerG_2014	TRNA-CHARGING-PWY	21	9	56
ZellerG_2014	PWY-5686	6	18	113
ZellerG_2014	ILEUSYN-PWY	7	19	82
ZellerG_2014	PWY-7111	5	21	128
ZellerG_2014	VALSYN-PWY	4	21	129
ZellerG_2014	PWY-6386	8	13	101
ZellerG_2014	PEPTIDOGLYCANSYN-PWY	10	17	111
ZellerG_2014	PWY-6387	8	17	116
ZellerG_2014	PWY-6700	4	16	111
ZellerG_2014	COA-PWY-1	5	21	124
ZellerG_2014	PWY-6385	14	13	93
ZellerG_2014	PWY-7221	4	14	126
ZellerG_2014	PWY-6163	5	14	83
ZellerG_2014	ARGSYNBSUB-PWY	9	16	77
ZellerG_2014	ARGSYN-PWY	9	18	66
ZellerG_2014	PWY-7400	14	18	64
ZellerG_2014	PWY-6122	5	23	132
ZellerG_2014	PWY-6277	5	23	132
ZellerG_2014	ARO-PWY	7	10	57
ZellerG_2014	PWY-5667	4	15	78
ZellerG_2014	PWY0-1319	4	15	78
ZellerG_2014	PWY-6121	5	19	120
ZellerG_2014	PWY-3841	11	12	87
ZellerG_2014	DTDPRHAMSYN-PWY	4	15	106
ZellerG_2014	PWY-5097	7	17	96
ZellerG_2014	COMPLETE-ARO-PWY	17	8	47
ZellerG_2014	BRANCHED-CHAIN-AA-SYN-PWY	19	18	81
ZellerG_2014	PWY-6151	4	15	97
ZellerG_2014	CALVIN-PWY	13	14	34
ZellerG_2014	PWY-2942	8	11	90
ZellerG_2014	GLYCOGENSYNTH-PWY	4	12	41
ZellerG_2014	PWY-7229	8	3	30
ZellerG_2014	PWY-5103	7	19	81
ZellerG_2014	1CMET2-PWY	9	13	75
ZellerG_2014	GLUTORN-PWY	5	18	67
ZellerG_2014	PWY-6126	8	3	30
ZellerG_2014	COA-PWY	4	16	108
ZellerG_2014	PWY-7237	10	9	41
ZellerG_2014	PWY-724	10	3	37
ZellerG_2014	ANAGLYCOLYSIS-PWY	11	2	26
ZellerG_2014	PANTOSYN-PWY	9	7	63
ZellerG_2014	HISTSYN-PWY	11	7	69
ZellerG_2014	PWY-5695	4	10	72
ZellerG_2014	PWY-7220	4	6	63
ZellerG_2014	PWY-7222	4	6	63
ZellerG_2014	PWY-3001	13	3	27
ZellerG_2014	PANTO-PWY	4	10	73
ZellerG_2014	RIBOSYN2-PWY	9	10	66
ZellerG_2014	PWY-6168	9	8	36
ZellerG_2014	PWY-6123	6	5	74
ZellerG_2014	PWY-6317	5	13	31
ZellerG_2014	PWY-6527	7	7	31
ZellerG_2014	NONOXIPENT-PWY	5	15	52
ZellerG_2014	PWY-7357	6	10	48
ZellerG_2014	PWY-6124	5	6	73
ZellerG_2014	TRPSYN-PWY	7	13	43
ZellerG_2014	PYRIDNUCSYN-PWY	6	11	41
ZellerG_2014	THRESYN-PWY	6	4	40
ZellerG_2014	HSERMETANA-PWY	4	11	41
ZellerG_2014	PWY-6936	5	11	55
ZellerG_2014	SER-GLYSYN-PWY	4	9	71
ZellerG_2014	PWY0-1586	12	10	43
ZellerG_2014	PWY-5104	6	7	12
ZellerG_2014	PWY-6892	8	11	29
ZellerG_2014	NONMEVIPP-PWY	9	0	5
ZellerG_2014	GLUCONEO-PWY	13	0	6
ZellerG_2014	GLYCOLYSIS	12	0	7
ZellerG_2014	UDPNAGSYN-PWY	5	3	44
ZellerG_2014	PWY-5973	5	1	31
ZellerG_2014	COBALSYN-PWY	9	6	19
ZellerG_2014	PWY-6703	4	7	57
ZellerG_2014	MET-SAM-PWY	9	1	5
ZellerG_2014	PWY-5484	11	0	7
ZellerG_2014	THISYN-PWY	12	0	7
ZellerG_2014	PWY-5347	9	1	3
ZellerG_2014	METSYN-PWY	8	1	5
ZellerG_2014	PWY-6897	5	1	19
ZellerG_2014	THISYNARA-PWY	7	3	30
ZellerG_2014	PWY0-166	14	0	10
ZellerG_2014	PWY0-162	9	1	7
ZellerG_2014	PWY-5188	6	7	24
ZellerG_2014	PWY-1861	9	1	3
ZellerG_2014	METH-ACETATE-PWY	6	3	5
ZellerG_2014	DAPLYSINESYN-PWY	9	0	6
ZellerG_2014	PWY-6125	8	2	32
ZellerG_2014	PWY-7228	6	0	34
ZellerG_2014	PWY-6305	4	1	6
ZellerG_2014	PWY-6147	5	2	26
ZellerG_2014	PHOSLIPSYN-PWY	10	1	5
ZellerG_2014	PWY-5659	4	5	20
ZellerG_2014	CITRULBIO-PWY	8	1	4
ZellerG_2014	HOMOSER-METSYN-PWY	5	1	5
ZellerG_2014	HISDEG-PWY	4	2	32
ZellerG_2014	PWY-7184	9	0	11
ZellerG_2014	GLUCUROCAT-PWY	7	0	3
ZellerG_2014	PWY-4041	6	0	14
ZellerG_2014	PWY-6545	9	0	2
ZellerG_2014	GLYCOCAT-PWY	8	0	5
ZellerG_2014	PWY-7234	6	0	22
ZellerG_2014	PWY-4984	5	1	3
ZellerG_2014	PWY-5030	6	0	22
ZellerG_2014	GLCMANNANAUT-PWY	5	0	7
ZellerG_2014	P461-PWY	20	1	2
ZellerG_2014	PWY-5154	9	3	8
ZellerG_2014	RHAMCAT-PWY	5	2	23
ZellerG_2014	PWY4FS-7	6	5	10
ZellerG_2014	PWY4FS-8	6	5	10
ZellerG_2014	PWY-7282	10	1	8
ZellerG_2014	ARGININE-SYN4-PWY	4	1	26
ZellerG_2014	PWY0-1479	10	0	4
ZellerG_2014	SALVADEHYPOX-PWY	5	3	8
ZellerG_2014	PWY-2941	9	2	16
ZellerG_2014	PWYG-321	205	0	4
ZellerG_2014	PWY0-1061	6	1	8
ZellerG_2014	PWY-1269	5	0	14
ZellerG_2014	PWY-7664	14	0	5
ZellerG_2014	PWY-5384	4	0	7
ZellerG_2014	PWY0-862	6	0	7
ZellerG_2014	PWY-6282	9	0	5
ZellerG_2014	PWY-5989	6	0	4
ZellerG_2014	GLUCOSE1PMETAB-PWY	5	0	5
ZellerG_2014	P124-PWY	15	0	2
ZellerG_2014	FASYN-INITIAL-PWY	6	0	5
ZellerG_2014	PWY0-845	11	3	16
ZellerG_2014	PWY-7013	5	2	5
ZellerG_2014	LACTOSECAT-PWY	4	2	12
ZellerG_2014	GOLPDLCAT-PWY	4	3	5
ZellerG_2014	PYRIDOXSYN-PWY	7	3	18
ZellerG_2014	PWY-5941	6	0	4
ZellerG_2014	PWY0-1241	5	0	5
ZellerG_2014	NAGLIPASYN-PWY	6	0	7
ZellerG_2014	PWY0-1297	7	0	12
ZellerG_2014	PWY-7316	4	0	2
ZellerG_2014	PWY-6353	11	3	5
ZellerG_2014	PENTOSE-P-PWY	8	0	10
ZellerG_2014	PWY-6606	4	3	6
ZellerG_2014	PWY-5367	6	0	4
ZellerG_2014	BIOTIN-BIOSYNTHESIS-PWY	16	0	3
ZellerG_2014	PWY-6519	11	0	3
ZellerG_2014	PWY-7315	4	0	5
ZellerG_2014	OANTIGEN-PWY	10	0	9
ZellerG_2014	DENOVOPURINE2-PWY	27	1	4
ZellerG_2014	PWY-7187	7	0	6
ZellerG_2014	PWY66-409	17	1	4
ZellerG_2014	PWY-7323	6	0	2
ZellerG_2014	TEICHOICACID-PWY	12	0	3
ZellerG_2014	PWY-6891	7	0	4
ZellerG_2014	FUCCAT-PWY	4	0	3
ZellerG_2014	NAD-BIOSYNTHESIS-II	5	0	2
ZellerG_2014	P125-PWY	5	0	5
ZellerG_2014	PWY-6478	4	0	1
ZellerG_2014	PWY-7312	4	0	2
ZellerG_2014	PWY-5005	8	0	1
ZellerG_2014	ANAEROFRUCAT-PWY	14	0	2
ZellerG_2014	PWY-841	21	0	1
ZellerG_2014	PWY-5971	31	0	1
ZellerG_2014	PWY-6901	17	0	1
ZellerG_2014	COLANSYN-PWY	12	0	2
ZellerG_2014	PWY-6471	16	1	2
ZellerG_2014	HEXITOLDEGSUPER-PWY	19	0	1
ZellerG_2014	PWY0-1261	12	0	2
ZellerG_2014	PWY-6629	14	0	1
ZellerG_2014	PWY-6895	11	0	1
ZellerG_2014	ARG+POLYAMINE-SYN	17	0	1
ZellerG_2014	P441-PWY	21	0	1
ZellerG_2014	SULFATE-CYS-PWY	9	0	1
ZellerG_2014	PRPP-PWY	49	0	1
ZellerG_2014	GLYCOLYSIS-E-D	16	0	1
ZellerG_2014	PYRIDNUCSAL-PWY	7	0	1
ZellerG_2014	PWY-6628	10	0	1
ZellerG_2014	FERMENTATION-PWY	17	0	1
ZellerG_2014	TCA	11	0	1
ZellerG_2014	FAO-PWY	7	0	1
ZellerG_2014	GLYCOLYSIS-TCA-GLYOX-BYPASS	26	0	1
ZellerG_2014	PWY-7117	14	0	2
ZellerG_2014	PWY-5913	9	0	2
ZellerG_2014	FUC-RHAMCAT-PWY	12	0	1
ZellerG_2014	PWY-5136	5	0	1
ZellerG_2014	POLYAMSYN-PWY	8	0	1
ZellerG_2014	GALACT-GLUCUROCAT-PWY	11	0	1
ZellerG_2014	PWY-5838	10	0	1
ZellerG_2014	SO4ASSIM-PWY	4	0	1
ZellerG_2014	PWY-5897	10	0	2
ZellerG_2014	PWY-5898	10	0	2
ZellerG_2014	PWY-5899	10	0	2
ZellerG_2014	POLYISOPRENSYN-PWY	6	0	1
ZellerG_2014	PWY0-781	25	0	1
ZellerG_2014	PWY-5723	10	0	1
ZellerG_2014	P4-PWY	18	0	1
ZellerG_2014	PWY-6630	10	0	1
ZellerG_2014	PWY-6285	53	0	1
ZellerG_2014	PWY-6969	10	0	1
ZellerG_2014	GALACTARDEG-PWY	4	0	2
ZellerG_2014	GLUCARGALACTSUPER-PWY	4	0	2
ZellerG_2014	PWY-5861	9	0	1
ZellerG_2014	PWY0-1298	6	0	2
ZellerG_2014	PWY-5690	10	0	1
ZellerG_2014	TCA-GLYOX-BYPASS	13	0	1
ZellerG_2014	PWY-6859	4	0	2
ZellerG_2014	PWY-5845	10	0	1
ZellerG_2014	ENTBACSYN-PWY	11	0	1
ZellerG_2014	PWY-7254	10	0	1
ZellerG_2014	PWY-5840	10	0	2
ZellerG_2014	PWY-5850	10	0	1
ZellerG_2014	PWY-5896	10	0	1
ZellerG_2014	P105-PWY	10	0	1
ZellerG_2014	KETOGLUCONMET-PWY	8	0	1
ZellerG_2014	PWY-7328	6	0	1
ZellerG_2014	PWY-5918	10	0	1
ZellerG_2014	PWY-561	15	0	1
ZellerG_2014	HEMESYN2-PWY	4	0	2
ZellerG_2014	METHGLYUT-PWY	8	0	1
ZellerG_2014	PWY-5675	4	0	1
ZellerG_2014	PWY-5862	9	0	1
ZellerG_2014	PWY-6284	20	0	1
ZellerG_2014	PWY-5860	9	0	1
ZellerG_2014	PWY-5189	4	0	1
ZellerG_2014	PWY-6588	5	1	2
ZellerG_2014	PWY-6803	4	0	2
ZellerG_2014	PWY-5863	16	0	1
ZellerG_2014	PWY-6531	5	0	1
ZellerG_2014	HEME-BIOSYNTHESIS-II	4	0	1
ZellerG_2014	PWY-5837	7	0	2
ZellerG_2014	PWY4LZ-257	9	0	1
ZellerG_2014	PPGPPMET-PWY	6	0	1
ZellerG_2014	PWY0-1415	6	0	1
ZellerG_2014	PWY-4702	14	0	1
ZellerG_2014	FOLSYN-PWY	12	0	1
ZellerG_2014	GLUCARDEG-PWY	4	0	1
ZellerG_2014	PWY-7204	9	0	1
ZellerG_2014	P161-PWY	5	0	2
ZellerG_2014	PWY-5656	4	0	1
ZellerG_2014	PWY66-389	4	0	1
ZellerG_2014	PWY-5920	8	0	1
ZellerG_2014	PWY-6612	10	0	1
ZellerG_2014	PWY-7094	6	0	1
ZellerG_2014	AST-PWY	5	0	1
ZellerG_2014	PWY0-42	5	0	1
ZellerG_2014	PWY-6823	6	0	1
ZellerG_2014	PWY-7446	5	0	1
ZellerG_2014	PWY-5747	6	0	1
ZellerG_2014	P122-PWY	18	0	1
ZellerG_2014	PWY-5138	5	1	2
ZellerG_2014	PWY-5692	4	0	1
ZellerG_2014	URDEGR-PWY	4	0	1
ZellerG_2014	PWY-6572	8	0	1
ZellerG_2014	PWY-5705	4	0	1
ZellerG_2014	KDO-NAGLIPASYN-PWY	17	0	1
ZellerG_2014	GLYCOL-GLYOXDEG-PWY	4	0	1
ZellerG_2014	AEROBACTINSYN-PWY	4	0	1
ZellerG_2014	PWY0-1533	4	0	1
ZellerG_2014	UBISYN-PWY	13	0	1
ZellerG_2014	PWY-5855	8	0	1
ZellerG_2014	PWY-5856	8	0	1
ZellerG_2014	PWY-5857	8	0	1
ZellerG_2014	PWY-6708	8	0	1
ZellerG_2014	PWY0-41	8	0	1
ZellerG_2014	P221-PWY	5	0	1
ZellerG_2014	PWY-7371	5	1	2
ZellerG_2014	PWY-6876	5	0	1
ZellerG_2014	PWY-7456	7	0	4
ZellerG_2014	P164-PWY	15	0	3
ZellerG_2014	PWY-6167	10	0	2
ZellerG_2014	PWY-5101	8	0	2
ZellerG_2014	PWY-6731	4	0	1
ZellerG_2014	METHANOGENESIS-PWY	6	0	2
ZellerG_2014	PWY-6349	6	0	2
ZellerG_2014	PWY-5198	6	0	2
ZellerG_2014	ORNDEG-PWY	9	0	1
ZellerG_2014	ARGDEG-PWY	11	0	1
ZellerG_2014	ORNARGDEG-PWY	11	0	1
ZellerG_2014	PWY-6595	6	0	1
ZellerG_2014	PWY-7209	5	0	1
ZellerG_2014	PWY-6749	10	0	1
ZellerG_2014	ECASYN-PWY	10	0	1
ZellerG_2014	PWY-7269	5	0	1
ZellerG_2014	PWY0-1338	6	0	1
ZellerG_2014	PWY0-1277	9	0	1
ZellerG_2014	HCAMHPDEG-PWY	5	0	1
ZellerG_2014	PWY-6690	5	0	1
ZellerG_2014	PWY-6837	5	0	1
ZellerG_2014	PWY0-881	17	0	1
ZellerG_2014	LPSSYN-PWY	26	0	1
ZellerG_2014	PWY-7198	7	0	2
ZellerG_2014	PWY-6953	5	0	2
ZellerG_2014	REDCITCYC	10	0	1
ZellerG_2014	PWY-6143	6	0	1
