cohort	pathway_id	size	hits	n_strata_cols
FengQ_2015	PWY-1042	10	185	185
FengQ_2015	ILEUSYN-PWY	7	189	189
FengQ_2015	PWY-7111	5	304	304
FengQ_2015	VALSYN-PWY	4	310	310
FengQ_2015	ARO-PWY	7	164	164
FengQ_2015	ARGSYNBSUB-PWY	9	190	190
FengQ_2015	PWY-6163	5	219	219
FengQ_2015	PWY-5686	6	329	329
FengQ_2015	ARGSYN-PWY	9	167	167
FengQ_2015	PWY-6386	8	311	311
FengQ_2015	PWY-7400	14	162	162
FengQ_2015	DTDPRHAMSYN-PWY	4	277	277
FengQ_2015	PWY-6122	5	376	376
FengQ_2015	PWY-6277	5	376	376
FengQ_2015	PWY-6609	4	314	314
FengQ_2015	PWY-6387	8	348	348
FengQ_2015	PWY-6151	4	264	264
FengQ_2015	COMPLETE-ARO-PWY	17	134	134
FengQ_2015	GLYCOGENSYNTH-PWY	4	118	118
FengQ_2015	PWY-6121	5	342	342
FengQ_2015	PWY-7221	4	351	351
FengQ_2015	TRNA-CHARGING-PWY	21	176	176
FengQ_2015	PEPTIDOGLYCANSYN-PWY	10	333	333
FengQ_2015	COA-PWY-1	5	376	376
FengQ_2015	BRANCHED-CHAIN-AA-SYN-PWY	19	186	186
FengQ_2015	GLUTORN-PWY	5	170	170
FengQ_2015	PWY0-1319	4	217	217
FengQ_2015	PWY-5667	4	215	215
FengQ_2015	PWY-5103	7	190	190
FengQ_2015	CALVIN-PWY	13	103	103
FengQ_2015	PWY-6385	14	268	268
FengQ_2015	COA-PWY	4	318	318
FengQ_2015	PWY-3841	11	260	260
FengQ_2015	PWY-5097	7	234	234
FengQ_2015	PWY-2942	8	248	248
FengQ_2015	1CMET2-PWY	9	180	180
FengQ_2015	PWY-724	10	101	101
FengQ_2015	PWY-6700	4	287	287
FengQ_2015	PWY-7229	8	97	97
FengQ_2015	PWY-6123	6	219	219
FengQ_2015	HISTSYN-PWY	11	194	194
FengQ_2015	PWY-3001	13	95	95
FengQ_2015	PWY-6124	5	215	215
FengQ_2015	PWY-6126	8	97	97
FengQ_2015	HSERMETANA-PWY	4	87	87
FengQ_2015	PWY-6936	5	160	160
FengQ_2015	ANAGLYCOLYSIS-PWY	11	90	90
FengQ_2015	PWY-6317	5	96	96
FengQ_2015	THRESYN-PWY	6	134	134
FengQ_2015	PANTOSYN-PWY	9	143	143
FengQ_2015	PWY-6527	7	101	101
FengQ_2015	PWY-7220	4	227	227
FengQ_2015	PWY-7222	4	227	227
FengQ_2015	NONOXIPENT-PWY	5	153	153
FengQ_2015	TRPSYN-PWY	7	128	128
FengQ_2015	PWY-5695	4	167	167
FengQ_2015	PANTO-PWY	4	186	186
FengQ_2015	OANTIGEN-PWY	10	66	66
FengQ_2015	PWY-7357	6	120	120
FengQ_2015	GLYCOLYSIS	12	39	39
FengQ_2015	PWY-6892	8	59	59
FengQ_2015	SER-GLYSYN-PWY	4	154	154
FengQ_2015	RIBOSYN2-PWY	9	192	192
FengQ_2015	PWY0-1586	12	129	129
FengQ_2015	PYRIDNUCSYN-PWY	6	94	94
FengQ_2015	PWY-7237	10	106	106
FengQ_2015	PWY-6168	9	102	102
FengQ_2015	MET-SAM-PWY	9	33	33
FengQ_2015	THISYNARA-PWY	7	74	74
FengQ_2015	PWY-6897	5	70	70
FengQ_2015	UDPNAGSYN-PWY	5	191	191
FengQ_2015	PWY-5484	11	37	37
FengQ_2015	PWY-5347	9	27	27
FengQ_2015	METSYN-PWY	8	33	33
FengQ_2015	PWY-6703	4	155	155
FengQ_2015	PWY-2941	9	63	63
FengQ_2015	COBALSYN-PWY	9	39	39
FengQ_2015	DENOVOPURINE2-PWY	27	22	22
FengQ_2015	P461-PWY	20	28	28
FengQ_2015	PWY-7282	10	28	28
FengQ_2015	PWY-841	21	22	22
FengQ_2015	PWY-1861	9	16	16
FengQ_2015	PWY-7234	6	95	95
FengQ_2015	PHOSLIPSYN-PWY	10	26	26
FengQ_2015	PWY-5104	6	46	46
FengQ_2015	PWY66-409	17	13	13
FengQ_2015	PWY-5973	5	97	97
FengQ_2015	PWY-7187	7	27	27
FengQ_2015	PWY0-166	14	54	54
FengQ_2015	PWY-5659	4	57	57
FengQ_2015	METH-ACETATE-PWY	6	7	7
FengQ_2015	PWY-6353	11	17	17
FengQ_2015	HOMOSER-METSYN-PWY	5	36	36
FengQ_2015	PWY-6305	4	33	33
FengQ_2015	PWY0-1297	7	60	60
FengQ_2015	PWY-6125	8	103	103
FengQ_2015	GLCMANNANAUT-PWY	5	55	55
FengQ_2015	PWY-5154	9	36	36
FengQ_2015	PWY0-162	9	31	31
FengQ_2015	PWY-5188	6	115	115
FengQ_2015	DAPLYSINESYN-PWY	9	39	39
FengQ_2015	THISYN-PWY	12	21	21
FengQ_2015	PWY4FS-7	6	33	33
FengQ_2015	PWY4FS-8	6	33	33
FengQ_2015	PWY-7228	6	120	120
FengQ_2015	LACTOSECAT-PWY	4	48	48
FengQ_2015	PWY-4041	6	42	42
FengQ_2015	PWY-7117	14	22	22
FengQ_2015	COLANSYN-PWY	12	8	8
FengQ_2015	SALVADEHYPOX-PWY	5	27	27
FengQ_2015	PWYG-321	205	6	6
FengQ_2015	FERMENTATION-PWY	17	18	18
FengQ_2015	PWY0-845	11	32	32
FengQ_2015	ARGININE-SYN4-PWY	4	44	44
FengQ_2015	PWY-7664	14	35	35
FengQ_2015	GLUCUROCAT-PWY	7	15	15
FengQ_2015	PWY-7184	9	56	56
FengQ_2015	NONMEVIPP-PWY	9	16	16
FengQ_2015	FASYN-INITIAL-PWY	6	29	29
FengQ_2015	PWY0-862	6	40	40
FengQ_2015	PWY-5913	9	26	26
FengQ_2015	PWY-6606	4	25	25
FengQ_2015	PWY-6282	9	35	35
FengQ_2015	PENTOSE-P-PWY	8	44	44
FengQ_2015	PWY-5989	6	30	30
FengQ_2015	PPGPPMET-PWY	6	20	20
FengQ_2015	PWY-7323	6	12	12
FengQ_2015	PWY-7456	7	5	5
FengQ_2015	PWY0-1261	12	22	22
FengQ_2015	PYRIDOXSYN-PWY	7	41	41
FengQ_2015	P185-PWY	12	17	17
FengQ_2015	RHAMCAT-PWY	5	66	66
FengQ_2015	PWY-7210	8	13	13
FengQ_2015	PWY-7198	7	27	27
FengQ_2015	HISDEG-PWY	4	102	102
FengQ_2015	PWY-5030	6	35	35
FengQ_2015	GOLPDLCAT-PWY	4	19	19
FengQ_2015	FAO-PWY	7	21	21
FengQ_2015	PWY-6147	5	73	73
FengQ_2015	PWY-5136	5	19	19
FengQ_2015	PWY-1269	5	49	49
FengQ_2015	PWY0-1479	10	21	21
FengQ_2015	CITRULBIO-PWY	8	18	18
FengQ_2015	PWY-6284	20	12	12
FengQ_2015	GLYCOCAT-PWY	8	20	20
FengQ_2015	PWY-4984	5	16	16
FengQ_2015	PWY-5384	4	32	32
FengQ_2015	PWY-7013	5	28	28
FengQ_2015	NAD-BIOSYNTHESIS-II	5	25	25
FengQ_2015	PWY-5941	6	5	5
FengQ_2015	PWY-7312	4	2	2
FengQ_2015	NAGLIPASYN-PWY	6	32	32
FengQ_2015	FUCCAT-PWY	4	22	22
FengQ_2015	PWY-6595	6	10	10
FengQ_2015	GLUCOSE1PMETAB-PWY	5	25	25
FengQ_2015	P124-PWY	15	5	5
FengQ_2015	HEMESYN2-PWY	4	17	17
FengQ_2015	PWY-5367	6	27	27
FengQ_2015	PWY0-1298	6	36	36
FengQ_2015	PWY0-1061	6	40	40
FengQ_2015	P125-PWY	5	16	16
FengQ_2015	P161-PWY	5	36	36
FengQ_2015	SO4ASSIM-PWY	4	26	26
FengQ_2015	PWY0-1241	5	34	34
FengQ_2015	PWY-5138	5	21	21
FengQ_2015	PWY-6572	8	1	1
FengQ_2015	PWY-7371	5	7	7
FengQ_2015	HEME-BIOSYNTHESIS-II	4	30	30
FengQ_2015	PWY66-389	4	13	13
FengQ_2015	P562-PWY	7	4	4
FengQ_2015	KETOGLUCONMET-PWY	8	15	15
FengQ_2015	PWY-6837	5	15	15
FengQ_2015	ANAEROFRUCAT-PWY	14	24	24
FengQ_2015	PWY-6891	7	20	20
FengQ_2015	PWY-6519	11	19	19
FengQ_2015	PWY-922	7	8	8
FengQ_2015	PWY-7315	4	26	26
FengQ_2015	PWY-6167	10	3	3
FengQ_2015	PWY-5101	8	4	4
FengQ_2015	METHANOGENESIS-PWY	6	3	3
FengQ_2015	PWY-7316	4	4	4
FengQ_2015	PWY-5837	7	19	19
FengQ_2015	PWY-6349	6	3	3
FengQ_2015	PWY-5198	6	3	3
FengQ_2015	PWY-6478	4	3	3
FengQ_2015	GLUCONEO-PWY	13	25	25
FengQ_2015	TEICHOICACID-PWY	12	10	10
FengQ_2015	PWY-6588	5	8	8
FengQ_2015	PWY-6471	16	25	25
FengQ_2015	P441-PWY	21	16	16
FengQ_2015	BIOTIN-BIOSYNTHESIS-PWY	16	16	16
FengQ_2015	PWY-6859	4	19	19
FengQ_2015	PWY1F-823	4	4	4
FengQ_2015	PYRIDNUCSAL-PWY	7	6	6
FengQ_2015	PWY-6270	10	1	1
FengQ_2015	PWY-7560	9	2	2
FengQ_2015	PWY-241	7	4	4
FengQ_2015	PWY-181	9	1	1
FengQ_2015	POLYAMSYN-PWY	8	12	12
FengQ_2015	GALACTARDEG-PWY	4	20	20
FengQ_2015	GLUCARGALACTSUPER-PWY	4	20	20
FengQ_2015	TCA	11	17	17
FengQ_2015	PWY-6531	5	7	7
FengQ_2015	PWY-6876	5	1	1
FengQ_2015	TCA-GLYOX-BYPASS	13	16	16
FengQ_2015	GLUCARDEG-PWY	4	17	17
FengQ_2015	PWY-4702	14	7	7
FengQ_2015	PWY-6803	4	16	16
FengQ_2015	AEROBACTINSYN-PWY	4	3	3
FengQ_2015	PWY-7446	5	9	9
FengQ_2015	PWY-6731	4	2	2
FengQ_2015	HEXITOLDEGSUPER-PWY	19	16	16
FengQ_2015	P4-PWY	18	13	13
FengQ_2015	ARG+POLYAMINE-SYN	17	10	10
FengQ_2015	SULFATE-CYS-PWY	9	21	21
FengQ_2015	PWY4LZ-257	9	7	7
FengQ_2015	PWY-6629	14	12	12
FengQ_2015	FOLSYN-PWY	12	7	7
FengQ_2015	GLYCOLYSIS-E-D	16	15	15
FengQ_2015	ORNDEG-PWY	9	15	15
FengQ_2015	PWY-6630	10	10	10
FengQ_2015	PWY-6628	10	13	13
FengQ_2015	FUC-RHAMCAT-PWY	12	11	11
FengQ_2015	PWY-6612	10	7	7
FengQ_2015	GLYCOLYSIS-TCA-GLYOX-BYPASS	26	15	15
FengQ_2015	PWY-5121	12	2	2
FengQ_2015	PWY-5971	31	10	10
FengQ_2015	PWY-6895	11	11	11
FengQ_2015	PWY-6969	10	5	5
FengQ_2015	PWY-5189	4	24	24
FengQ_2015	PWY-5690	10	5	5
FengQ_2015	PWY-5723	10	17	17
FengQ_2015	PWY-6285	53	7	7
FengQ_2015	P105-PWY	10	4	4
FengQ_2015	PWY-5918	10	15	15
FengQ_2015	POLYISOPRENSYN-PWY	6	16	16
FengQ_2015	PWY-5897	10	14	14
FengQ_2015	PWY-5898	10	14	14
FengQ_2015	PWY-5899	10	14	14
FengQ_2015	PWY-5838	10	13	13
FengQ_2015	PWY-7254	10	5	5
FengQ_2015	PWY-5840	10	13	13
FengQ_2015	PWY0-1277	9	10	10
FengQ_2015	PWY-5861	9	13	13
FengQ_2015	ARGDEG-PWY	11	10	10
FengQ_2015	ORNARGDEG-PWY	11	10	10
FengQ_2015	PWY-5747	6	10	10
FengQ_2015	PWY-5675	4	15	15
FengQ_2015	PWY0-881	17	2	2
FengQ_2015	HCAMHPDEG-PWY	5	10	10
FengQ_2015	PWY-6690	5	10	10
FengQ_2015	METHGLYUT-PWY	8	3	3
FengQ_2015	PWY0-1415	6	11	11
FengQ_2015	PWY0-42	5	10	10
FengQ_2015	PWY-5845	10	12	12
FengQ_2015	PWY-5850	10	12	12
FengQ_2015	PWY-5896	10	12	12
FengQ_2015	PWY-5863	16	15	15
FengQ_2015	PWY-5860	9	12	12
FengQ_2015	PWY-5862	9	12	12
FengQ_2015	AST-PWY	5	15	15
FengQ_2015	PWY0-1338	6	16	16
FengQ_2015	PWY-7269	5	9	9
FengQ_2015	PWY-7204	9	9	9
FengQ_2015	PWY-5705	4	6	6
FengQ_2015	ECASYN-PWY	10	18	18
FengQ_2015	GLYCOL-GLYOXDEG-PWY	4	7	7
FengQ_2015	P164-PWY	15	13	13
FengQ_2015	PWY-6749	10	3	3
FengQ_2015	PWY-5910	10	2	2
FengQ_2015	PWY-5677	7	1	1
FengQ_2015	PWY-7031	6	2	2
FengQ_2015	PWY-7391	8	1	1
FengQ_2015	PWY-6901	17	15	15
FengQ_2015	PWY0-781	25	9	9
FengQ_2015	PRPP-PWY	49	3	3
FengQ_2015	ENTBACSYN-PWY	11	7	7
FengQ_2015	PWY-7115	11	2	2
FengQ_2015	PWY-561	15	4	4
FengQ_2015	GALACT-GLUCUROCAT-PWY	11	10	10
FengQ_2015	PWY-7209	5	1	1
FengQ_2015	PWY-5920	8	5	5
FengQ_2015	PWY-5656	4	2	2
FengQ_2015	PWY-6545	9	17	17
FengQ_2015	3-HYDROXYPHENYLACETATE-DEGRADATION-PWY	8	6	6
FengQ_2015	P122-PWY	18	7	7
FengQ_2015	LPSSYN-PWY	26	2	2
FengQ_2015	PWY-7094	6	15	15
FengQ_2015	PWY-7039	5	3	3
FengQ_2015	UBISYN-PWY	13	12	12
FengQ_2015	PWY-5855	8	15	15
FengQ_2015	PWY-5856	8	15	15
FengQ_2015	PWY-5857	8	15	15
FengQ_2015	PWY-6708	8	15	15
FengQ_2015	PWY-6823	6	3	3
FengQ_2015	REDCITCYC	10	5	5
FengQ_2015	P221-PWY	5	7	7
FengQ_2015	KDO-NAGLIPASYN-PWY	17	7	7
FengQ_2015	PWY-6071	12	2	2
FengQ_2015	PWY0-321	10	2	2
FengQ_2015	PWY0-41	8	4	4
FengQ_2015	PWY-5005	8	8	8
FengQ_2015	PWY0-1533	4	3	3
FengQ_2015	PWY-3801	19	2	2
FengQ_2015	PWY-7345	15	2	2
FengQ_2015	PWY-3781	4	6	6
FengQ_2015	PWY-7279	4	6	6
FengQ_2015	PWY-7118	4	2	2
FengQ_2015	PWY-7328	6	4	4
FengQ_2015	PWY-7211	18	6	6
FengQ_2015	PWY-6470	17	7	7
FengQ_2015	PWY-5692	4	5	5
FengQ_2015	URDEGR-PWY	4	5	5
FengQ_2015	P163-PWY	10	4	4
FengQ_2015	P108-PWY	7	5	5
FengQ_2015	P162-PWY	10	1	1
FengQ_2015	PWY-7385	9	1	1
FengQ_2015	PWY-6143	6	1	1
FengQ_2015	RUMP-PWY	6	2	2
FengQ_2015	LYSINE-DEG1-PWY	5	1	1
FengQ_2015	PWY-7196	10	2	2
FengQ_2015	PWY3DJ-35471	10	5	5
FengQ_2015	THREOCAT-PWY	19	5	5
FengQ_2015	PWY-7003	16	3	3
FengQ_2015	PWY-5181	12	5	5
FengQ_2015	PWY-6318	9	8	8
FengQ_2015	PROTOCATECHUATE-ORTHO-CLEAVAGE-PWY	4	7	7
FengQ_2015	URSIN-PWY	7	2	2
FengQ_2015	PWY-5417	6	8	8
FengQ_2015	PWY-5431	6	8	8
FengQ_2015	PWY-6185	7	7	7
FengQ_2015	PWY-6182	7	3	3
FengQ_2015	PWY-5022	7	2	2
FengQ_2015	CATECHOL-ORTHO-CLEAVAGE-PWY	4	8	8
FengQ_2015	GLUDEG-I-PWY	4	2	2
FengQ_2015	PWY-4321	5	2	2
FengQ_2015	PWY-1541	6	1	1
FengQ_2015	PWY-7165	7	5	5
FengQ_2015	PWY-5654	4	1	1
FengQ_2015	PWY-6210	4	1	1
FengQ_2015	PWY-7268	5	5	5
FengQ_2015	UDPNACETYLGALSYN-PWY	6	3	3
FengQ_2015	PWY-7294	7	1	1
FengQ_2015	PWY-6797	7	2	2
FengQ_2015	PWY-5265	17	6	6
FengQ_2015	PWY-6215	4	1	1
FengQ_2015	PWY-7245	8	3	3
FengQ_2015	ALLANTOINDEG-PWY	7	2	2
FengQ_2015	PWY-4361	8	1	1
FengQ_2015	PWY-622	10	2	2
FengQ_2015	PWY-5028	5	7	7
FengQ_2015	PWY-6953	5	3	3
FengQ_2015	PWY-6396	9	2	2
FengQ_2015	PWY-7383	7	2	2
FengQ_2015	PWY66-399	12	1	1
FengQ_2015	P261-PWY	7	1	1
FengQ_2015	PWY-6590	9	1	1
FengQ_2015	CENTFERM-PWY	7	1	1
FengQ_2015	PWY-5345	12	1	1
FengQ_2015	P42-PWY	7	1	1
FengQ_2015	PWY-7200	9	2	2
FengQ_2015	PWY-7411	5	1	1
FengQ_2015	PWY-5870	9	1	1
FengQ_2015	PWY-5871	8	1	1
FengQ_2015	PWY-5873	8	1	1
FengQ_2015	PWY3O-19	8	1	1
FengQ_2015	PWY-5872	9	1	1
FengQ_2015	PWY-5080	4	1	1
FengQ_2015	PWY-6598	5	1	1
FengQ_2015	PWY-7619	5	1	1
FengQ_2015	PWY-6351	5	1	1
FengQ_2015	PWY-5651	5	1	1
FengQ_2015	PWY-6467	5	2	2
ThomasAM_2018a	PWY0-1586	12	113	113
ThomasAM_2018a	ILEUSYN-PWY	7	154	154
ThomasAM_2018a	PWY-7111	5	257	257
ThomasAM_2018a	VALSYN-PWY	4	259	259
ThomasAM_2018a	BRANCHED-CHAIN-AA-SYN-PWY	19	150	150
ThomasAM_2018a	PWY-5103	7	153	153
ThomasAM_2018a	PWY-1042	10	131	131
ThomasAM_2018a	NONOXIPENT-PWY	5	120	120
ThomasAM_2018a	CALVIN-PWY	13	79	79
ThomasAM_2018a	ARGSYNBSUB-PWY	9	141	141
ThomasAM_2018a	PWY-7229	8	82	82
ThomasAM_2018a	PWY-5695	4	148	148
ThomasAM_2018a	ARGSYN-PWY	9	120	120
ThomasAM_2018a	PWY-7400	14	117	117
ThomasAM_2018a	PWY-7221	4	274	274
ThomasAM_2018a	PWY-6126	8	81	81
ThomasAM_2018a	PWY-5686	6	242	242
ThomasAM_2018a	PWY-6936	5	118	118
ThomasAM_2018a	PWY-6385	14	198	198
ThomasAM_2018a	COA-PWY-1	5	279	279
ThomasAM_2018a	PWY-7220	4	170	170
ThomasAM_2018a	PWY-7222	4	170	170
ThomasAM_2018a	PWY-3001	13	73	73
ThomasAM_2018a	PWY-6387	8	251	251
ThomasAM_2018a	PWY-7664	14	37	37
ThomasAM_2018a	TRNA-CHARGING-PWY	21	129	129
ThomasAM_2018a	PWY-5971	31	9	9
ThomasAM_2018a	PWY-5097	7	167	167
ThomasAM_2018a	PWY-2942	8	186	186
ThomasAM_2018a	PEPTIDOGLYCANSYN-PWY	10	235	235
ThomasAM_2018a	PWY-6282	9	37	37
ThomasAM_2018a	PWY-6121	5	244	244
ThomasAM_2018a	ANAGLYCOLYSIS-PWY	11	55	55
ThomasAM_2018a	PWY0-862	6	41	41
ThomasAM_2018a	PWY-6122	5	274	274
ThomasAM_2018a	PWY-6277	5	274	274
ThomasAM_2018a	PWY-5973	5	79	79
ThomasAM_2018a	PWY-6609	4	239	239
ThomasAM_2018a	PWY-5104	6	31	31
ThomasAM_2018a	GLYCOLYSIS	12	32	32
ThomasAM_2018a	COMPLETE-ARO-PWY	17	94	94
ThomasAM_2018a	PWY-6386	8	214	214
ThomasAM_2018a	ARO-PWY	7	110	110
ThomasAM_2018a	1CMET2-PWY	9	157	157
ThomasAM_2018a	PWY-3841	11	196	196
ThomasAM_2018a	PANTO-PWY	4	156	156
ThomasAM_2018a	PWY-5154	9	23	23
ThomasAM_2018a	ANAEROFRUCAT-PWY	14	17	17
ThomasAM_2018a	PWY-5484	11	31	31
ThomasAM_2018a	METSYN-PWY	8	29	29
ThomasAM_2018a	PWY-5347	9	24	24
ThomasAM_2018a	THRESYN-PWY	6	98	98
ThomasAM_2018a	COA-PWY	4	244	244
ThomasAM_2018a	MET-SAM-PWY	9	28	28
ThomasAM_2018a	PWY-5667	4	165	165
ThomasAM_2018a	PWY0-1319	4	167	167
ThomasAM_2018a	FASYN-INITIAL-PWY	6	30	30
ThomasAM_2018a	PWY-724	10	71	71
ThomasAM_2018a	PWY-5188	6	81	81
ThomasAM_2018a	GLUTORN-PWY	5	125	125
ThomasAM_2018a	GLYCOCAT-PWY	8	18	18
ThomasAM_2018a	GLUCONEO-PWY	13	23	23
ThomasAM_2018a	PWY-7013	5	24	24
ThomasAM_2018a	PWY-6163	5	151	151
ThomasAM_2018a	TCA	11	18	18
ThomasAM_2018a	GLYCOGENSYNTH-PWY	4	91	91
ThomasAM_2018a	PANTOSYN-PWY	9	123	123
ThomasAM_2018a	PWY0-1261	12	24	24
ThomasAM_2018a	DAPLYSINESYN-PWY	9	30	30
ThomasAM_2018a	SER-GLYSYN-PWY	4	131	131
ThomasAM_2018a	PWY-6700	4	237	237
ThomasAM_2018a	PWY-6519	11	18	18
ThomasAM_2018a	PWY4LZ-257	9	7	7
ThomasAM_2018a	PWY-6305	4	34	34
ThomasAM_2018a	PWY-6285	53	8	8
ThomasAM_2018a	HEXITOLDEGSUPER-PWY	19	14	14
ThomasAM_2018a	PWY-5723	10	15	15
ThomasAM_2018a	BIOTIN-BIOSYNTHESIS-PWY	16	16	16
ThomasAM_2018a	P461-PWY	20	24	24
ThomasAM_2018a	PHOSLIPSYN-PWY	10	27	27
ThomasAM_2018a	P441-PWY	21	11	11
ThomasAM_2018a	FAO-PWY	7	22	22
ThomasAM_2018a	SALVADEHYPOX-PWY	5	21	21
ThomasAM_2018a	P161-PWY	5	31	31
ThomasAM_2018a	DTDPRHAMSYN-PWY	4	205	205
ThomasAM_2018a	GLYCOLYSIS-TCA-GLYOX-BYPASS	26	12	12
ThomasAM_2018a	PWY-6588	5	8	8
ThomasAM_2018a	PWY4FS-7	6	31	31
ThomasAM_2018a	PWY4FS-8	6	31	31
ThomasAM_2018a	TRPSYN-PWY	7	105	105
ThomasAM_2018a	FERMENTATION-PWY	17	19	19
ThomasAM_2018a	PWY-6123	6	163	163
ThomasAM_2018a	GALACTARDEG-PWY	4	17	17
ThomasAM_2018a	GLUCARGALACTSUPER-PWY	4	17	17
ThomasAM_2018a	UDPNAGSYN-PWY	5	133	133
ThomasAM_2018a	PWY0-1061	6	33	33
ThomasAM_2018a	PWY0-1297	7	48	48
ThomasAM_2018a	HISTSYN-PWY	11	156	156
ThomasAM_2018a	HOMOSER-METSYN-PWY	5	33	33
ThomasAM_2018a	PWY-4041	6	40	40
ThomasAM_2018a	PWY-6124	5	162	162
ThomasAM_2018a	RIBOSYN2-PWY	9	165	165
ThomasAM_2018a	PWY-6629	14	9	9
ThomasAM_2018a	PWY-6353	11	13	13
ThomasAM_2018a	FUCCAT-PWY	4	19	19
ThomasAM_2018a	PWY-5989	6	31	31
ThomasAM_2018a	PWY0-781	25	8	8
ThomasAM_2018a	P4-PWY	18	11	11
ThomasAM_2018a	PYRIDNUCSYN-PWY	6	66	66
ThomasAM_2018a	DENOVOPURINE2-PWY	27	16	16
ThomasAM_2018a	SULFATE-CYS-PWY	9	19	19
ThomasAM_2018a	HSERMETANA-PWY	4	74	74
ThomasAM_2018a	PWY-6901	17	12	12
ThomasAM_2018a	PWY-6284	20	9	9
ThomasAM_2018a	THISYN-PWY	12	18	18
ThomasAM_2018a	GLCMANNANAUT-PWY	5	40	40
ThomasAM_2018a	PWY-841	21	17	17
ThomasAM_2018a	PWY-6703	4	128	128
ThomasAM_2018a	GLYCOLYSIS-E-D	16	14	14
ThomasAM_2018a	TCA-GLYOX-BYPASS	13	14	14
ThomasAM_2018a	PWY-1269	5	48	48
ThomasAM_2018a	PWY-5838	10	11	11
ThomasAM_2018a	PWY-6151	4	190	190
ThomasAM_2018a	PWY-7357	6	91	91
ThomasAM_2018a	PRPP-PWY	49	5	5
ThomasAM_2018a	PWY-5897	10	14	14
ThomasAM_2018a	PWY-5898	10	14	14
ThomasAM_2018a	PWY-5899	10	14	14
ThomasAM_2018a	PWY-6628	10	11	11
ThomasAM_2018a	PWY0-1479	10	21	21
ThomasAM_2018a	PWY-6969	10	5	5
ThomasAM_2018a	COBALSYN-PWY	9	38	38
ThomasAM_2018a	PWY0-845	11	29	29
ThomasAM_2018a	PWY-6892	8	51	51
ThomasAM_2018a	ARG+POLYAMINE-SYN	17	8	8
ThomasAM_2018a	PWY-6895	11	9	9
ThomasAM_2018a	PWY-7187	7	16	16
ThomasAM_2018a	PWY-5136	5	17	17
ThomasAM_2018a	RHAMCAT-PWY	5	55	55
ThomasAM_2018a	PWY-6897	5	43	43
ThomasAM_2018a	PWY0-1298	6	30	30
ThomasAM_2018a	COLANSYN-PWY	12	7	7
ThomasAM_2018a	PWY-5913	9	24	24
ThomasAM_2018a	PWY0-166	14	38	38
ThomasAM_2018a	PWY-6527	7	67	67
ThomasAM_2018a	PWY-5840	10	7	7
ThomasAM_2018a	PWY-5845	10	6	6
ThomasAM_2018a	PWY-5850	10	6	6
ThomasAM_2018a	PWY-5896	10	6	6
ThomasAM_2018a	P105-PWY	10	5	5
ThomasAM_2018a	SO4ASSIM-PWY	4	21	21
ThomasAM_2018a	PWY0-162	9	22	22
ThomasAM_2018a	ORNDEG-PWY	9	14	14
ThomasAM_2018a	PWY66-409	17	14	14
ThomasAM_2018a	FUC-RHAMCAT-PWY	12	10	10
ThomasAM_2018a	NAGLIPASYN-PWY	6	28	28
ThomasAM_2018a	PWY-561	15	4	4
ThomasAM_2018a	PWY-5690	10	5	5
ThomasAM_2018a	PWY-6125	8	79	79
ThomasAM_2018a	GLUCOSE1PMETAB-PWY	5	21	21
ThomasAM_2018a	GALACT-GLUCUROCAT-PWY	11	6	6
ThomasAM_2018a	PWY-6891	7	17	17
ThomasAM_2018a	PWY-6471	16	11	11
ThomasAM_2018a	PYRIDNUCSAL-PWY	7	6	6
ThomasAM_2018a	PWY-7234	6	61	61
ThomasAM_2018a	PWY-6168	9	85	85
ThomasAM_2018a	PENTOSE-P-PWY	8	38	38
ThomasAM_2018a	PYRIDOXSYN-PWY	7	40	40
ThomasAM_2018a	PWY-7117	14	21	21
ThomasAM_2018a	PWY-7282	10	20	20
ThomasAM_2018a	PWY-5138	5	21	21
ThomasAM_2018a	PWY-5861	9	11	11
ThomasAM_2018a	PWY-5659	4	44	44
ThomasAM_2018a	PWY-7228	6	93	93
ThomasAM_2018a	ENTBACSYN-PWY	11	6	6
ThomasAM_2018a	PWY-7003	16	3	3
ThomasAM_2018a	PWY-7254	10	5	5
ThomasAM_2018a	OANTIGEN-PWY	10	38	38
ThomasAM_2018a	GLUCUROCAT-PWY	7	9	9
ThomasAM_2018a	PWY-7237	10	90	90
ThomasAM_2018a	PWY-5860	9	6	6
ThomasAM_2018a	PWY-5862	9	6	6
ThomasAM_2018a	PWY-6317	5	69	69
ThomasAM_2018a	HEMESYN2-PWY	4	20	20
ThomasAM_2018a	PWY0-1241	5	35	35
ThomasAM_2018a	HEME-BIOSYNTHESIS-II	4	25	25
ThomasAM_2018a	GLUCARDEG-PWY	4	17	17
ThomasAM_2018a	PWY-5918	10	11	11
ThomasAM_2018a	PWY-6606	4	17	17
ThomasAM_2018a	PWY-7094	6	15	15
ThomasAM_2018a	PWY-7184	9	41	41
ThomasAM_2018a	THISYNARA-PWY	7	56	56
ThomasAM_2018a	PWY-7315	4	23	23
ThomasAM_2018a	POLYISOPRENSYN-PWY	6	14	14
ThomasAM_2018a	PWY-6803	4	21	21
ThomasAM_2018a	PWY-5384	4	25	25
ThomasAM_2018a	KETOGLUCONMET-PWY	8	12	12
ThomasAM_2018a	POLYAMSYN-PWY	8	15	15
ThomasAM_2018a	PWY0-1415	6	9	9
ThomasAM_2018a	PWY-5675	4	11	11
ThomasAM_2018a	PWY0-1277	9	10	10
ThomasAM_2018a	PWY-6147	5	67	67
ThomasAM_2018a	GOLPDLCAT-PWY	4	17	17
ThomasAM_2018a	NAD-BIOSYNTHESIS-II	5	25	25
ThomasAM_2018a	PWY-7323	6	9	9
ThomasAM_2018a	PWY-5837	7	22	22
ThomasAM_2018a	PPGPPMET-PWY	6	21	21
ThomasAM_2018a	PWY-5367	6	17	17
ThomasAM_2018a	PWY-7385	9	1	1
ThomasAM_2018a	PWY-5920	8	5	5
ThomasAM_2018a	PWY-6531	5	5	5
ThomasAM_2018a	PWY-5863	16	12	12
ThomasAM_2018a	HCAMHPDEG-PWY	5	10	10
ThomasAM_2018a	PWY-6690	5	10	10
ThomasAM_2018a	PWY-6630	10	8	8
ThomasAM_2018a	PWY-5189	4	16	16
ThomasAM_2018a	CITRULBIO-PWY	8	14	14
ThomasAM_2018a	PWY-7204	9	8	8
ThomasAM_2018a	PWY-4702	14	7	7
ThomasAM_2018a	PWY-2941	9	37	37
ThomasAM_2018a	P185-PWY	12	11	11
ThomasAM_2018a	UBISYN-PWY	13	13	13
ThomasAM_2018a	PWY0-42	5	7	7
ThomasAM_2018a	ECASYN-PWY	10	14	14
ThomasAM_2018a	P164-PWY	15	10	10
ThomasAM_2018a	PWY-1861	9	9	9
ThomasAM_2018a	PWY-5855	8	21	21
ThomasAM_2018a	PWY-5856	8	21	21
ThomasAM_2018a	PWY-5857	8	21	21
ThomasAM_2018a	PWY-6708	8	21	21
ThomasAM_2018a	PWY-5747	6	7	7
ThomasAM_2018a	METHGLYUT-PWY	8	3	3
ThomasAM_2018a	AST-PWY	5	9	9
ThomasAM_2018a	HISDEG-PWY	4	84	84
ThomasAM_2018a	PWY-6859	4	14	14
ThomasAM_2018a	P122-PWY	18	6	6
ThomasAM_2018a	PWY-7446	5	6	6
ThomasAM_2018a	PWY-6837	5	15	15
ThomasAM_2018a	PWY-4984	5	14	14
ThomasAM_2018a	GLYCOL-GLYOXDEG-PWY	4	5	5
ThomasAM_2018a	ARGDEG-PWY	11	6	6
ThomasAM_2018a	ORNARGDEG-PWY	11	6	6
ThomasAM_2018a	PWY-3781	4	11	11
ThomasAM_2018a	ARGININE-SYN4-PWY	4	42	42
ThomasAM_2018a	LPSSYN-PWY	26	2	2
ThomasAM_2018a	PWY-5656	4	2	2
ThomasAM_2018a	PWY0-1338	6	18	18
ThomasAM_2018a	PWY-7279	4	9	9
ThomasAM_2018a	PWY-5677	7	1	1
ThomasAM_2018a	FOLSYN-PWY	12	4	4
ThomasAM_2018a	PWY-5030	6	31	31
ThomasAM_2018a	PWY-6876	5	1	1
ThomasAM_2018a	KDO-NAGLIPASYN-PWY	17	6	6
ThomasAM_2018a	AEROBACTINSYN-PWY	4	6	6
ThomasAM_2018a	PWY-6731	4	5	5
ThomasAM_2018a	PWY-6612	10	4	4
ThomasAM_2018a	NONMEVIPP-PWY	9	10	10
ThomasAM_2018a	PWY-6823	6	3	3
ThomasAM_2018a	PWY-5705	4	3	3
ThomasAM_2018a	PWY-6749	10	3	3
ThomasAM_2018a	LACTOSECAT-PWY	4	23	23
ThomasAM_2018a	PWY0-41	8	3	3
ThomasAM_2018a	PWY0-1533	4	2	2
ThomasAM_2018a	P162-PWY	10	1	1
ThomasAM_2018a	PWY-6595	6	6	6
ThomasAM_2018a	P163-PWY	10	3	3
ThomasAM_2018a	PWY-7316	4	3	3
ThomasAM_2018a	PWY-7198	7	17	17
ThomasAM_2018a	PWYG-321	205	7	7
ThomasAM_2018a	P124-PWY	15	4	4
ThomasAM_2018a	PWY-6953	5	2	2
ThomasAM_2018a	PWY-6545	9	14	14
ThomasAM_2018a	PWY-5941	6	5	5
ThomasAM_2018a	PWY-7456	7	4	4
ThomasAM_2018a	PWY-6143	6	1	1
ThomasAM_2018a	TEICHOICACID-PWY	12	6	6
ThomasAM_2018a	PWY-7371	5	7	7
ThomasAM_2018a	PWY-7312	4	2	2
ThomasAM_2018a	PWY-7328	6	3	3
ThomasAM_2018a	METH-ACETATE-PWY	6	5	5
ThomasAM_2018a	3-HYDROXYPHENYLACETATE-DEGRADATION-PWY	8	5	5
ThomasAM_2018a	PWY-7269	5	6	6
ThomasAM_2018a	PWY-5265	17	1	1
ThomasAM_2018a	PWY-7211	18	5	5
ThomasAM_2018a	PWY-7200	9	1	1
ThomasAM_2018a	PWY-622	10	3	3
ThomasAM_2018a	PWY-5022	7	2	2
ThomasAM_2018a	PWY66-389	4	12	12
ThomasAM_2018a	P125-PWY	5	9	9
ThomasAM_2018a	RUMP-PWY	6	2	2
ThomasAM_2018a	PWY-5005	8	5	5
ThomasAM_2018a	P221-PWY	5	6	6
ThomasAM_2018a	PWY3DJ-35471	10	5	5
ThomasAM_2018a	PWY-5910	10	2	2
ThomasAM_2018a	PWY-922	7	3	3
ThomasAM_2018a	PWY0-881	17	3	3
ThomasAM_2018a	PWY-7210	8	9	9
ThomasAM_2018a	PWY-7165	7	5	5
ThomasAM_2018a	GLUDEG-I-PWY	4	3	3
ThomasAM_2018a	PROTOCATECHUATE-ORTHO-CLEAVAGE-PWY	4	5	5
ThomasAM_2018a	PWY-4321	5	2	2
ThomasAM_2018a	CATECHOL-ORTHO-CLEAVAGE-PWY	4	5	5
ThomasAM_2018a	PWY-1541	6	1	1
ThomasAM_2018a	PWY-7039	5	2	2
ThomasAM_2018a	PWY-5505	7	2	2
ThomasAM_2018a	REDCITCYC	10	3	3
ThomasAM_2018a	THREOCAT-PWY	19	6	6
ThomasAM_2018a	PWY-5417	6	5	5
ThomasAM_2018a	PWY-5431	6	5	5
ThomasAM_2018a	PWY-6318	9	6	6
ThomasAM_2018a	PWY-6182	7	3	3
ThomasAM_2018a	PWY-6185	7	6	6
ThomasAM_2018a	PWY-5181	12	3	3
ThomasAM_2018a	PWY-7209	5	1	1
ThomasAM_2018a	PWY-6071	12	2	2
ThomasAM_2018a	PWY0-321	10	2	2
ThomasAM_2018a	PWY-5692	4	3	3
ThomasAM_2018a	URDEGR-PWY	4	3	3
ThomasAM_2018a	PWY-6572	8	1	1
ThomasAM_2018a	PWY-6467	5	1	1
ThomasAM_2018a	PWY-6478	4	2	2
ThomasAM_2018a	PWY-7290	6	1	1
ThomasAM_2018a	PWY-3801	19	1	1
ThomasAM_2018a	PWY-7345	15	1	1
ThomasAM_2018a	PWY-7196	10	2	2
ThomasAM_2018a	PWY-5654	4	1	1
ThomasAM_2018a	PWY-6210	4	1	1
ThomasAM_2018a	URSIN-PWY	7	1	1
ThomasAM_2018a	PWY5F9-12	5	1	1
ThomasAM_2018a	P562-PWY	7	2	2
ThomasAM_2018a	PWY-6215	4	1	1
ThomasAM_2018a	PWY-5345	12	1	1
ThomasAM_2018a	PWY-7560	9	1	1
ThomasAM_2018a	PWY-821	11	1	1
ThomasAM_2018a	PWY-7391	8	1	1
ThomasAM_2018a	PWY-6396	9	2	2
ThomasAM_2018a	PWY-6470	17	2	2
ThomasAM_2018a	UDPNACETYLGALSYN-PWY	6	1	1
ThomasAM_2018a	PWY-7268	5	3	3
ThomasAM_2018a	PWY-6797	7	1	1
ThomasAM_2018a	PWY-7115	11	2	2
ThomasAM_2018a	P108-PWY	7	3	3
ThomasAM_2018a	PWY-5028	5	6	6
ThomasAM_2018a	PWY-7245	8	1	1
ThomasAM_2018a	ALLANTOINDEG-PWY	7	1	1
ThomasAM_2018a	PWY-5534	7	1	1
ThomasAM_2018a	PWY-7031	6	1	1
ThomasAM_2018a	PWY-241	7	1	1
ThomasAM_2018a	PWY-6113	268	1	1
ThomasAM_2018a	PWY-4361	8	1	1
ThomasAM_2018a	PWY1F-823	4	4	4
ThomasAM_2018b	PWY-1042	10	148	148
ThomasAM_2018b	ILEUSYN-PWY	7	155	155
ThomasAM_2018b	PWY-7111	5	268	268
ThomasAM_2018b	VALSYN-PWY	4	272	272
ThomasAM_2018b	PWY-5686	6	258	258
ThomasAM_2018b	PWY-6163	5	170	170
ThomasAM_2018b	PWY-6609	4	258	258
ThomasAM_2018b	PWY-6386	8	242	242
ThomasAM_2018b	PWY-7221	4	291	291
ThomasAM_2018b	PWY-6387	8	280	280
ThomasAM_2018b	ARO-PWY	7	122	122
ThomasAM_2018b	TRNA-CHARGING-PWY	21	139	139
ThomasAM_2018b	PEPTIDOGLYCANSYN-PWY	10	269	269
ThomasAM_2018b	DTDPRHAMSYN-PWY	4	237	237
ThomasAM_2018b	PWY-6700	4	247	247
ThomasAM_2018b	BRANCHED-CHAIN-AA-SYN-PWY	19	151	151
ThomasAM_2018b	CALVIN-PWY	13	78	78
ThomasAM_2018b	PWY-6385	14	216	216
ThomasAM_2018b	COA-PWY-1	5	299	299
ThomasAM_2018b	COMPLETE-ARO-PWY	17	99	99
ThomasAM_2018b	PWY-6151	4	218	218
ThomasAM_2018b	PWY-5103	7	154	154
ThomasAM_2018b	PWY-5667	4	180	180
ThomasAM_2018b	PWY0-1319	4	182	182
ThomasAM_2018b	PWY-5097	7	197	197
ThomasAM_2018b	PWY-6121	5	274	274
ThomasAM_2018b	PWY-3841	11	214	214
ThomasAM_2018b	ARGSYN-PWY	9	130	130
ThomasAM_2018b	PWY-7400	14	128	128
ThomasAM_2018b	RIBOSYN2-PWY	9	157	157
ThomasAM_2018b	ARGSYNBSUB-PWY	9	155	155
ThomasAM_2018b	PWY-6122	5	313	313
ThomasAM_2018b	PWY-6277	5	313	313
ThomasAM_2018b	1CMET2-PWY	9	165	165
ThomasAM_2018b	PWY-2942	8	200	200
ThomasAM_2018b	PANTOSYN-PWY	9	120	120
ThomasAM_2018b	PANTO-PWY	4	152	152
ThomasAM_2018b	COA-PWY	4	259	259
ThomasAM_2018b	PWY-5695	4	150	150
ThomasAM_2018b	PWY-7229	8	71	71
ThomasAM_2018b	PWY0-1586	12	106	106
ThomasAM_2018b	PWY-6168	9	82	82
ThomasAM_2018b	PWY-724	10	80	80
ThomasAM_2018b	ANAGLYCOLYSIS-PWY	11	61	61
ThomasAM_2018b	PWY-6123	6	168	168
ThomasAM_2018b	PWY-6126	8	71	71
ThomasAM_2018b	GLUTORN-PWY	5	137	137
ThomasAM_2018b	HISTSYN-PWY	11	164	164
ThomasAM_2018b	PWY-3001	13	76	76
ThomasAM_2018b	PWY-6124	5	169	169
ThomasAM_2018b	PWY-7220	4	170	170
ThomasAM_2018b	PWY-7222	4	170	170
ThomasAM_2018b	GLYCOGENSYNTH-PWY	4	96	96
ThomasAM_2018b	PWY-5973	5	73	73
ThomasAM_2018b	THRESYN-PWY	6	107	107
ThomasAM_2018b	PYRIDNUCSYN-PWY	6	75	75
ThomasAM_2018b	PWY-6317	5	72	72
ThomasAM_2018b	ANAEROFRUCAT-PWY	14	10	10
ThomasAM_2018b	NONOXIPENT-PWY	5	123	123
ThomasAM_2018b	PWY-6527	7	78	78
ThomasAM_2018b	PWY-6703	4	130	130
ThomasAM_2018b	SER-GLYSYN-PWY	4	127	127
ThomasAM_2018b	PWY-7357	6	94	94
ThomasAM_2018b	PWY-5154	9	24	24
ThomasAM_2018b	PWY-6936	5	123	123
ThomasAM_2018b	HSERMETANA-PWY	4	77	77
ThomasAM_2018b	OANTIGEN-PWY	10	52	52
ThomasAM_2018b	PWY-6897	5	36	36
ThomasAM_2018b	PWY-7237	10	89	89
ThomasAM_2018b	THISYN-PWY	12	12	12
ThomasAM_2018b	COBALSYN-PWY	9	30	30
ThomasAM_2018b	THISYNARA-PWY	7	56	56
ThomasAM_2018b	GLYCOLYSIS	12	22	22
ThomasAM_2018b	TRPSYN-PWY	7	110	110
ThomasAM_2018b	GLUCONEO-PWY	13	13	13
ThomasAM_2018b	PWY-5971	31	5	5
ThomasAM_2018b	PWYG-321	205	6	6
ThomasAM_2018b	PWY-7664	14	26	26
ThomasAM_2018b	PWY-6892	8	42	42
ThomasAM_2018b	ARGININE-SYN4-PWY	4	42	42
ThomasAM_2018b	DENOVOPURINE2-PWY	27	14	14
ThomasAM_2018b	PWY-5484	11	21	21
ThomasAM_2018b	PWY-841	21	16	16
ThomasAM_2018b	PWY0-862	6	28	28
ThomasAM_2018b	BIOTIN-BIOSYNTHESIS-PWY	16	11	11
ThomasAM_2018b	PWY-6282	9	26	26
ThomasAM_2018b	FASYN-INITIAL-PWY	6	24	24
ThomasAM_2018b	PWY-6519	11	12	12
ThomasAM_2018b	PHOSLIPSYN-PWY	10	18	18
ThomasAM_2018b	UDPNAGSYN-PWY	5	141	141
ThomasAM_2018b	PWY-5989	6	21	21
ThomasAM_2018b	PWY0-162	9	17	17
ThomasAM_2018b	MET-SAM-PWY	9	20	20
ThomasAM_2018b	PWY-6305	4	25	25
ThomasAM_2018b	PWY-5347	9	15	15
ThomasAM_2018b	ARG+POLYAMINE-SYN	17	5	5
ThomasAM_2018b	METSYN-PWY	8	20	20
ThomasAM_2018b	PWY-7187	7	17	17
ThomasAM_2018b	PWY0-166	14	33	33
ThomasAM_2018b	PWY-6895	11	5	5
ThomasAM_2018b	PWY-6353	11	12	12
ThomasAM_2018b	PWY-6125	8	73	73
ThomasAM_2018b	HEXITOLDEGSUPER-PWY	19	8	8
ThomasAM_2018b	PWY-7228	6	84	84
ThomasAM_2018b	PWY66-409	17	10	10
ThomasAM_2018b	PWY4FS-7	6	26	26
ThomasAM_2018b	PWY4FS-8	6	25	25
ThomasAM_2018b	PRPP-PWY	49	3	3
ThomasAM_2018b	RHAMCAT-PWY	5	44	44
ThomasAM_2018b	CITRULBIO-PWY	8	11	11
ThomasAM_2018b	PWY-5188	6	79	79
ThomasAM_2018b	GLCMANNANAUT-PWY	5	40	40
ThomasAM_2018b	SALVADEHYPOX-PWY	5	21	21
ThomasAM_2018b	PWY0-1261	12	15	15
ThomasAM_2018b	PWY-6901	17	5	5
ThomasAM_2018b	COLANSYN-PWY	12	4	4
ThomasAM_2018b	P441-PWY	21	7	7
ThomasAM_2018b	PWY-4984	5	8	8
ThomasAM_2018b	DAPLYSINESYN-PWY	9	21	21
ThomasAM_2018b	PWY-7282	10	20	20
ThomasAM_2018b	PWY-5104	6	31	31
ThomasAM_2018b	POLYAMSYN-PWY	8	10	10
ThomasAM_2018b	PWY-7184	9	34	34
ThomasAM_2018b	METH-ACETATE-PWY	6	7	7
ThomasAM_2018b	PWY-6545	9	10	10
ThomasAM_2018b	HOMOSER-METSYN-PWY	5	21	21
ThomasAM_2018b	PWY-4041	6	29	29
ThomasAM_2018b	PWY-5659	4	42	42
ThomasAM_2018b	PWY-7323	6	5	5
ThomasAM_2018b	PWY-7234	6	67	67
ThomasAM_2018b	PWY-6628	10	5	5
ThomasAM_2018b	GLUCUROCAT-PWY	7	8	8
ThomasAM_2018b	PWY-7456	7	5	5
ThomasAM_2018b	TCA	11	8	8
ThomasAM_2018b	P461-PWY	20	16	16
ThomasAM_2018b	PWY-2941	9	44	44
ThomasAM_2018b	PWY0-1061	6	24	24
ThomasAM_2018b	GALACT-GLUCUROCAT-PWY	11	4	4
ThomasAM_2018b	SULFATE-CYS-PWY	9	7	7
ThomasAM_2018b	PWY-6606	4	14	14
ThomasAM_2018b	PWY-6629	14	5	5
ThomasAM_2018b	PYRIDNUCSAL-PWY	7	3	3
ThomasAM_2018b	FERMENTATION-PWY	17	11	11
ThomasAM_2018b	PWY-6969	10	4	4
ThomasAM_2018b	PWY0-1297	7	42	42
ThomasAM_2018b	FAO-PWY	7	12	12
ThomasAM_2018b	PWY0-781	25	3	3
ThomasAM_2018b	GLYCOLYSIS-E-D	16	5	5
ThomasAM_2018b	PENTOSE-P-PWY	8	27	27
ThomasAM_2018b	PWY-5136	5	10	10
ThomasAM_2018b	P4-PWY	18	5	5
ThomasAM_2018b	PWY0-845	11	25	25
ThomasAM_2018b	PWY-6284	20	7	7
ThomasAM_2018b	PWY-6147	5	53	53
ThomasAM_2018b	PWY-6285	53	5	5
ThomasAM_2018b	PWY-5690	10	5	5
ThomasAM_2018b	PWY-1269	5	39	39
ThomasAM_2018b	FUC-RHAMCAT-PWY	12	6	6
ThomasAM_2018b	PWY-1861	9	8	8
ThomasAM_2018b	PYRIDOXSYN-PWY	7	33	33
ThomasAM_2018b	LACTOSECAT-PWY	4	34	34
ThomasAM_2018b	GLYCOLYSIS-TCA-GLYOX-BYPASS	26	6	6
ThomasAM_2018b	PWY-7117	14	12	12
ThomasAM_2018b	HISDEG-PWY	4	81	81
ThomasAM_2018b	PWY-6891	7	12	12
ThomasAM_2018b	PWY-5838	10	6	6
ThomasAM_2018b	PWY-5913	9	14	14
ThomasAM_2018b	GLYCOCAT-PWY	8	11	11
ThomasAM_2018b	ENTBACSYN-PWY	11	3	3
ThomasAM_2018b	PWY-5897	10	6	6
ThomasAM_2018b	PWY-5898	10	6	6
ThomasAM_2018b	PWY-5899	10	6	6
ThomasAM_2018b	PWY-5030	6	35	35
ThomasAM_2018b	FUCCAT-PWY	4	13	13
ThomasAM_2018b	FOLSYN-PWY	12	5	5
ThomasAM_2018b	PWY-5723	10	7	7
ThomasAM_2018b	PWY-6630	10	5	5
ThomasAM_2018b	SO4ASSIM-PWY	4	16	16
ThomasAM_2018b	TEICHOICACID-PWY	12	6	6
ThomasAM_2018b	POLYISOPRENSYN-PWY	6	7	7
ThomasAM_2018b	PWY0-1479	10	13	13
ThomasAM_2018b	HEMESYN2-PWY	4	11	11
ThomasAM_2018b	P105-PWY	10	4	4
ThomasAM_2018b	KETOGLUCONMET-PWY	8	5	5
ThomasAM_2018b	PWY-5861	9	6	6
ThomasAM_2018b	NAGLIPASYN-PWY	6	21	21
ThomasAM_2018b	TCA-GLYOX-BYPASS	13	7	7
ThomasAM_2018b	PWY-5845	10	5	5
ThomasAM_2018b	PWY-7254	10	4	4
ThomasAM_2018b	PWY-6731	4	2	2
ThomasAM_2018b	PWY-6612	10	5	5
ThomasAM_2018b	PWY-7328	6	3	3
ThomasAM_2018b	PWY-561	15	4	4
ThomasAM_2018b	GALACTARDEG-PWY	4	11	11
ThomasAM_2018b	GLUCARGALACTSUPER-PWY	4	11	11
ThomasAM_2018b	PWY-5918	10	8	8
ThomasAM_2018b	PWY-7013	5	20	20
ThomasAM_2018b	GOLPDLCAT-PWY	4	16	16
ThomasAM_2018b	PWY-5840	10	5	5
ThomasAM_2018b	PWY-5850	10	5	5
ThomasAM_2018b	PWY-5896	10	5	5
ThomasAM_2018b	PWY-6803	4	9	9
ThomasAM_2018b	PWY-5384	4	25	25
ThomasAM_2018b	GLUCOSE1PMETAB-PWY	5	15	15
ThomasAM_2018b	PWY-4702	14	3	3
ThomasAM_2018b	PWY0-1298	6	20	20
ThomasAM_2018b	PWY-5367	6	14	14
ThomasAM_2018b	HEME-BIOSYNTHESIS-II	4	16	16
ThomasAM_2018b	METHGLYUT-PWY	8	1	1
ThomasAM_2018b	PWY-7315	4	18	18
ThomasAM_2018b	GLUCARDEG-PWY	4	9	9
ThomasAM_2018b	PWY-6531	5	4	4
ThomasAM_2018b	PWY-5862	9	5	5
ThomasAM_2018b	NAD-BIOSYNTHESIS-II	5	13	13
ThomasAM_2018b	PWY-5863	16	7	7
ThomasAM_2018b	PWY-5189	4	14	14
ThomasAM_2018b	PWY-5837	7	13	13
ThomasAM_2018b	PWY-5675	4	5	5
ThomasAM_2018b	PWY-5860	9	5	5
ThomasAM_2018b	PWY-6588	5	6	6
ThomasAM_2018b	PWY-7204	9	6	6
ThomasAM_2018b	PWY0-1415	6	5	5
ThomasAM_2018b	PWY4LZ-257	9	4	4
ThomasAM_2018b	PWY0-1241	5	28	28
ThomasAM_2018b	PWY-5656	4	2	2
ThomasAM_2018b	PWY-5920	8	3	3
ThomasAM_2018b	P161-PWY	5	23	23
ThomasAM_2018b	PWY-7312	4	2	2
ThomasAM_2018b	PWY0-42	5	5	5
ThomasAM_2018b	PWY-5747	6	5	5
ThomasAM_2018b	PWY-7094	6	7	7
ThomasAM_2018b	AST-PWY	5	8	8
ThomasAM_2018b	P125-PWY	5	12	12
ThomasAM_2018b	PWY-5941	6	4	4
ThomasAM_2018b	P122-PWY	18	3	3
ThomasAM_2018b	PWY-5138	5	13	13
ThomasAM_2018b	PWY-7446	5	6	6
ThomasAM_2018b	GLYCOL-GLYOXDEG-PWY	4	5	5
ThomasAM_2018b	PWY-6823	6	2	2
ThomasAM_2018b	UBISYN-PWY	13	7	7
ThomasAM_2018b	PWY-5705	4	4	4
ThomasAM_2018b	KDO-NAGLIPASYN-PWY	17	4	4
ThomasAM_2018b	PWY-5855	8	8	8
ThomasAM_2018b	PWY-5856	8	8	8
ThomasAM_2018b	PWY-5857	8	8	8
ThomasAM_2018b	PWY-6708	8	8	8
ThomasAM_2018b	PWY0-41	8	2	2
ThomasAM_2018b	PWY-6837	5	9	9
ThomasAM_2018b	PWY1F-823	4	4	4
ThomasAM_2018b	PWY-6471	16	18	18
ThomasAM_2018b	NONMEVIPP-PWY	9	11	11
ThomasAM_2018b	PWY-7198	7	15	15
ThomasAM_2018b	PWY-5121	12	2	2
ThomasAM_2018b	PWY-6167	10	2	2
ThomasAM_2018b	PWY-5265	17	3	3
ThomasAM_2018b	PWY-922	7	3	3
ThomasAM_2018b	PWY-5101	8	4	4
ThomasAM_2018b	PWY-6859	4	11	11
ThomasAM_2018b	P124-PWY	15	5	5
ThomasAM_2018b	PWY-5005	8	8	8
ThomasAM_2018b	METHANOGENESIS-PWY	6	3	3
ThomasAM_2018b	PWY-7316	4	3	3
ThomasAM_2018b	PWY-6349	6	3	3
ThomasAM_2018b	PWY-5198	6	3	3
ThomasAM_2018b	PWY-7371	5	8	8
ThomasAM_2018b	PWY-6749	10	2	2
ThomasAM_2018b	AEROBACTINSYN-PWY	4	1	1
ThomasAM_2018b	P164-PWY	15	9	9
ThomasAM_2018b	PWY-6876	5	1	1
ThomasAM_2018b	PWY-6572	8	1	1
ThomasAM_2018b	PWY-7211	18	4	4
ThomasAM_2018b	PWY-7196	10	1	1
ThomasAM_2018b	ORNDEG-PWY	9	8	8
ThomasAM_2018b	ARGDEG-PWY	11	2	2
ThomasAM_2018b	ORNARGDEG-PWY	11	2	2
ThomasAM_2018b	PPGPPMET-PWY	6	12	12
ThomasAM_2018b	PWY-7003	16	3	3
ThomasAM_2018b	PWY0-881	17	2	2
ThomasAM_2018b	PWY-7385	9	1	1
ThomasAM_2018b	P185-PWY	12	10	10
ThomasAM_2018b	PWY-3801	19	1	1
ThomasAM_2018b	THREOCAT-PWY	19	2	2
ThomasAM_2018b	PWY-7209	5	1	1
ThomasAM_2018b	PWY-7345	15	1	1
ThomasAM_2018b	P108-PWY	7	2	2
ThomasAM_2018b	GLUDEG-I-PWY	4	1	1
ThomasAM_2018b	PWY0-1277	9	5	5
ThomasAM_2018b	PWY-5022	7	1	1
ThomasAM_2018b	PWY66-389	4	8	8
ThomasAM_2018b	ECASYN-PWY	10	8	8
ThomasAM_2018b	HCAMHPDEG-PWY	5	7	7
ThomasAM_2018b	PWY-6690	5	7	7
ThomasAM_2018b	PWY-7269	5	4	4
ThomasAM_2018b	PROTOCATECHUATE-ORTHO-CLEAVAGE-PWY	4	4	4
ThomasAM_2018b	URSIN-PWY	7	1	1
ThomasAM_2018b	PWY3DJ-35471	10	2	2
ThomasAM_2018b	LPSSYN-PWY	26	1	1
ThomasAM_2018b	PWY-7165	7	2	2
ThomasAM_2018b	P221-PWY	5	3	3
ThomasAM_2018b	REDCITCYC	10	2	2
ThomasAM_2018b	PWY-5181	12	4	4
ThomasAM_2018b	PWY0-1338	6	9	9
ThomasAM_2018b	PWY-7210	8	6	6
ThomasAM_2018b	PWY-5417	6	2	2
ThomasAM_2018b	PWY-5431	6	2	2
ThomasAM_2018b	PWY-4321	5	1	1
ThomasAM_2018b	PWY-7039	5	2	2
ThomasAM_2018b	3-HYDROXYPHENYLACETATE-DEGRADATION-PWY	8	2	2
ThomasAM_2018b	PWY-6185	7	4	4
ThomasAM_2018b	PWY-6182	7	2	2
ThomasAM_2018b	CATECHOL-ORTHO-CLEAVAGE-PWY	4	2	2
ThomasAM_2018b	PWY-6071	12	2	2
ThomasAM_2018b	PWY-6318	9	5	5
ThomasAM_2018b	PWY0-321	10	2	2
ThomasAM_2018b	PWY-1541	6	1	1
ThomasAM_2018b	PWY-6595	6	4	4
ThomasAM_2018b	PWY-6215	4	1	1
ThomasAM_2018b	PWY-5692	4	2	2
ThomasAM_2018b	URDEGR-PWY	4	2	2
ThomasAM_2018b	P162-PWY	10	1	1
ThomasAM_2018b	RUMP-PWY	6	1	1
ThomasAM_2018b	PWY-6953	5	2	2
ThomasAM_2018b	P163-PWY	10	3	3
ThomasAM_2018b	PWY-6478	4	2	2
ThomasAM_2018b	PWY-241	7	1	1
ThomasAM_2018b	PWY-622	10	1	1
ThomasAM_2018b	PWY-7115	11	1	1
ThomasAM_2018b	PWY-3781	4	5	5
ThomasAM_2018b	PWY-7279	4	4	4
ThomasAM_2018b	PWY-5028	5	3	3
ThomasAM_2018b	PWY-4361	8	1	1
ThomasAM_2018b	PWY-5534	7	1	1
ThomasAM_2018b	PWY-6470	17	4	4
ThomasAM_2018b	PWY-6270	10	1	1
ThomasAM_2018b	PWY-7560	9	2	2
ThomasAM_2018b	PWY-7031	6	2	2
ThomasAM_2018b	PWY-6143	6	1	1
ThomasAM_2018b	PWY0-1533	4	1	1
ThomasAM_2018b	P261-PWY	7	1	1
ThomasAM_2018b	PWY-6396	9	3	3
ThomasAM_2018b	UDPNACETYLGALSYN-PWY	6	2	2
ThomasAM_2018b	PWY-6797	7	2	2
ThomasAM_2018b	PWY-5677	7	1	1
ThomasAM_2019_c	ILEUSYN-PWY	7	180	180
ThomasAM_2019_c	PWY-7111	5	282	282
ThomasAM_2019_c	VALSYN-PWY	4	283	283
ThomasAM_2019_c	PWY-1042	10	170	170
ThomasAM_2019_c	TRNA-CHARGING-PWY	21	158	158
ThomasAM_2019_c	PWY-5686	6	283	283
ThomasAM_2019_c	PWY-7229	8	86	86
ThomasAM_2019_c	CALVIN-PWY	13	92	92
ThomasAM_2019_c	PWY-6387	8	303	303
ThomasAM_2019_c	PEPTIDOGLYCANSYN-PWY	10	292	292
ThomasAM_2019_c	PWY-6386	8	267	267
ThomasAM_2019_c	PWY-6385	14	241	241
ThomasAM_2019_c	PWY-6609	4	285	285
ThomasAM_2019_c	PWY0-1586	12	130	130
ThomasAM_2019_c	PWY-6126	8	86	86
ThomasAM_2019_c	PWY-5695	4	177	177
ThomasAM_2019_c	PWY-7221	4	310	310
ThomasAM_2019_c	PWY-6122	5	317	317
ThomasAM_2019_c	PWY-6277	5	317	317
ThomasAM_2019_c	DTDPRHAMSYN-PWY	4	252	252
ThomasAM_2019_c	BRANCHED-CHAIN-AA-SYN-PWY	19	177	177
ThomasAM_2019_c	COA-PWY-1	5	323	323
ThomasAM_2019_c	PWY0-1319	4	202	202
ThomasAM_2019_c	PWY-5667	4	197	197
ThomasAM_2019_c	ARO-PWY	7	142	142
ThomasAM_2019_c	PWY-3841	11	234	234
ThomasAM_2019_c	PWY-6163	5	198	198
ThomasAM_2019_c	PWY-6121	5	290	290
ThomasAM_2019_c	COMPLETE-ARO-PWY	17	112	112
ThomasAM_2019_c	PWY-5103	7	179	179
ThomasAM_2019_c	1CMET2-PWY	9	176	176
ThomasAM_2019_c	COA-PWY	4	281	281
ThomasAM_2019_c	ANAGLYCOLYSIS-PWY	11	78	78
ThomasAM_2019_c	PWY-5097	7	211	211
ThomasAM_2019_c	PWY-2942	8	228	228
ThomasAM_2019_c	PWY-7220	4	197	197
ThomasAM_2019_c	PWY-7222	4	197	197
ThomasAM_2019_c	NONOXIPENT-PWY	5	139	139
ThomasAM_2019_c	PWY-7400	14	135	135
ThomasAM_2019_c	ARGSYN-PWY	9	140	140
ThomasAM_2019_c	PWY-3001	13	96	96
ThomasAM_2019_c	ARGSYNBSUB-PWY	9	155	155
ThomasAM_2019_c	PWY-6151	4	232	232
ThomasAM_2019_c	PWY-6700	4	270	270
ThomasAM_2019_c	ANAEROFRUCAT-PWY	14	26	26
ThomasAM_2019_c	PWY-724	10	91	91
ThomasAM_2019_c	GLYCOLYSIS	12	40	40
ThomasAM_2019_c	HISTSYN-PWY	11	175	175
ThomasAM_2019_c	PWY-5973	5	90	90
ThomasAM_2019_c	PANTOSYN-PWY	9	128	128
ThomasAM_2019_c	GLUTORN-PWY	5	146	146
ThomasAM_2019_c	RIBOSYN2-PWY	9	178	178
ThomasAM_2019_c	THRESYN-PWY	6	125	125
ThomasAM_2019_c	PWY-5484	11	37	37
ThomasAM_2019_c	PYRIDNUCSYN-PWY	6	84	84
ThomasAM_2019_c	PANTO-PWY	4	167	167
ThomasAM_2019_c	PHOSLIPSYN-PWY	10	34	34
ThomasAM_2019_c	GLUCONEO-PWY	13	28	28
ThomasAM_2019_c	DENOVOPURINE2-PWY	27	20	20
ThomasAM_2019_c	PWY-841	21	22	22
ThomasAM_2019_c	HSERMETANA-PWY	4	85	85
ThomasAM_2019_c	SALVADEHYPOX-PWY	5	23	23
ThomasAM_2019_c	PWY-6123	6	198	198
ThomasAM_2019_c	SER-GLYSYN-PWY	4	148	148
ThomasAM_2019_c	OANTIGEN-PWY	10	60	60
ThomasAM_2019_c	PWY-6936	5	149	149
ThomasAM_2019_c	PWYG-321	205	7	7
ThomasAM_2019_c	PWY-6168	9	100	100
ThomasAM_2019_c	PWY-5971	31	9	9
ThomasAM_2019_c	PWY-7664	14	41	41
ThomasAM_2019_c	PWY-6124	5	199	199
ThomasAM_2019_c	TRPSYN-PWY	7	118	118
ThomasAM_2019_c	PWY-6527	7	85	85
ThomasAM_2019_c	THISYN-PWY	12	22	22
ThomasAM_2019_c	PWY-6125	8	100	100
ThomasAM_2019_c	PWY0-166	14	47	47
ThomasAM_2019_c	PWY0-862	6	44	44
ThomasAM_2019_c	PWY-6317	5	91	91
ThomasAM_2019_c	PWY-6282	9	41	41
ThomasAM_2019_c	PWY-7187	7	23	23
ThomasAM_2019_c	PWY-5154	9	34	34
ThomasAM_2019_c	FASYN-INITIAL-PWY	6	32	32
ThomasAM_2019_c	PWY-7228	6	110	110
ThomasAM_2019_c	PWY-6895	11	11	11
ThomasAM_2019_c	GLYCOGENSYNTH-PWY	4	116	116
ThomasAM_2019_c	HEXITOLDEGSUPER-PWY	19	15	15
ThomasAM_2019_c	PWY-6629	14	10	10
ThomasAM_2019_c	PWY4FS-7	6	43	43
ThomasAM_2019_c	PWY4FS-8	6	41	41
ThomasAM_2019_c	PWY-6897	5	55	55
ThomasAM_2019_c	UDPNAGSYN-PWY	5	171	171
ThomasAM_2019_c	PWY0-1261	12	25	25
ThomasAM_2019_c	PRPP-PWY	49	4	4
ThomasAM_2019_c	PWY-6901	17	15	15
ThomasAM_2019_c	ARG+POLYAMINE-SYN	17	12	12
ThomasAM_2019_c	MET-SAM-PWY	9	32	32
ThomasAM_2019_c	PWY-5989	6	32	32
ThomasAM_2019_c	PWY-6703	4	153	153
ThomasAM_2019_c	PWY-7357	6	105	105
ThomasAM_2019_c	PWY-5347	9	27	27
ThomasAM_2019_c	PWY0-162	9	26	26
ThomasAM_2019_c	METSYN-PWY	8	32	32
ThomasAM_2019_c	P461-PWY	20	24	24
ThomasAM_2019_c	PWY-6353	11	14	14
ThomasAM_2019_c	PWY-1269	5	63	63
ThomasAM_2019_c	GLYCOLYSIS-E-D	16	16	16
ThomasAM_2019_c	P441-PWY	21	12	12
ThomasAM_2019_c	PWY-7184	9	50	50
ThomasAM_2019_c	TCA	11	21	21
ThomasAM_2019_c	PENTOSE-P-PWY	8	41	41
ThomasAM_2019_c	PWY-7282	10	31	31
ThomasAM_2019_c	THISYNARA-PWY	7	69	69
ThomasAM_2019_c	PWY-6519	11	24	24
ThomasAM_2019_c	BIOTIN-BIOSYNTHESIS-PWY	16	20	20
ThomasAM_2019_c	SULFATE-CYS-PWY	9	19	19
ThomasAM_2019_c	GLYCOLYSIS-TCA-GLYOX-BYPASS	26	15	15
ThomasAM_2019_c	PWY-6628	10	12	12
ThomasAM_2019_c	PWY66-409	17	12	12
ThomasAM_2019_c	PWY-7234	6	77	77
ThomasAM_2019_c	COLANSYN-PWY	12	9	9
ThomasAM_2019_c	POLYAMSYN-PWY	8	16	16
ThomasAM_2019_c	PWY0-781	25	11	11
ThomasAM_2019_c	PWY-5104	6	39	39
ThomasAM_2019_c	DAPLYSINESYN-PWY	9	38	38
ThomasAM_2019_c	PWY-6892	8	61	61
ThomasAM_2019_c	PWY0-1297	7	58	58
ThomasAM_2019_c	PWY-5723	10	16	16
ThomasAM_2019_c	PWY-6305	4	33	33
ThomasAM_2019_c	P4-PWY	18	16	16
ThomasAM_2019_c	PWY-6630	10	10	10
ThomasAM_2019_c	PWY0-1479	10	22	22
ThomasAM_2019_c	PWY-7323	6	11	11
ThomasAM_2019_c	PWY-5913	9	31	31
ThomasAM_2019_c	PWY-5659	4	57	57
ThomasAM_2019_c	PWY-7117	14	21	21
ThomasAM_2019_c	CITRULBIO-PWY	8	12	12
ThomasAM_2019_c	FAO-PWY	7	25	25
ThomasAM_2019_c	PWY-6471	16	15	15
ThomasAM_2019_c	PWY-6891	7	20	20
ThomasAM_2019_c	PWY-7237	10	107	107
ThomasAM_2019_c	SO4ASSIM-PWY	4	27	27
ThomasAM_2019_c	PWY-6147	5	73	73
ThomasAM_2019_c	PWY0-845	11	35	35
ThomasAM_2019_c	PWY-6285	53	7	7
ThomasAM_2019_c	PWY-2941	9	47	47
ThomasAM_2019_c	GALACT-GLUCUROCAT-PWY	11	9	9
ThomasAM_2019_c	PWY-6969	10	4	4
ThomasAM_2019_c	GLCMANNANAUT-PWY	5	51	51
ThomasAM_2019_c	HISDEG-PWY	4	101	101
ThomasAM_2019_c	PWY-4041	6	43	43
ThomasAM_2019_c	HOMOSER-METSYN-PWY	5	33	33
ThomasAM_2019_c	PWY0-1298	6	37	37
ThomasAM_2019_c	PWY-5188	6	101	101
ThomasAM_2019_c	NAGLIPASYN-PWY	6	31	31
ThomasAM_2019_c	GLUCUROCAT-PWY	7	12	12
ThomasAM_2019_c	RHAMCAT-PWY	5	66	66
ThomasAM_2019_c	PWY4LZ-257	9	7	7
ThomasAM_2019_c	TCA-GLYOX-BYPASS	13	19	19
ThomasAM_2019_c	PWY-4984	5	8	8
ThomasAM_2019_c	PWY-6545	9	17	17
ThomasAM_2019_c	FERMENTATION-PWY	17	27	27
ThomasAM_2019_c	PWY-5136	5	22	22
ThomasAM_2019_c	PWY-5838	10	12	12
ThomasAM_2019_c	P161-PWY	5	35	35
ThomasAM_2019_c	COBALSYN-PWY	9	42	42
ThomasAM_2019_c	PWY-7456	7	5	5
ThomasAM_2019_c	PWY-5675	4	14	14
ThomasAM_2019_c	PYRIDOXSYN-PWY	7	47	47
ThomasAM_2019_c	FUC-RHAMCAT-PWY	12	9	9
ThomasAM_2019_c	PWY-5897	10	13	13
ThomasAM_2019_c	PWY-5898	10	13	13
ThomasAM_2019_c	PWY-5899	10	13	13
ThomasAM_2019_c	ARGININE-SYN4-PWY	4	40	40
ThomasAM_2019_c	GLUCOSE1PMETAB-PWY	5	26	26
ThomasAM_2019_c	PWY-6606	4	22	22
ThomasAM_2019_c	PWY-4702	14	5	5
ThomasAM_2019_c	FUCCAT-PWY	4	22	22
ThomasAM_2019_c	PWY-5030	6	37	37
ThomasAM_2019_c	GLYCOCAT-PWY	8	20	20
ThomasAM_2019_c	PWY-6284	20	12	12
ThomasAM_2019_c	PWY-6876	5	1	1
ThomasAM_2019_c	PWY-5861	9	13	13
ThomasAM_2019_c	PWY-7211	18	7	7
ThomasAM_2019_c	ENTBACSYN-PWY	11	8	8
ThomasAM_2019_c	POLYISOPRENSYN-PWY	6	16	16
ThomasAM_2019_c	PWY-5840	10	7	7
ThomasAM_2019_c	PWY-5845	10	7	7
ThomasAM_2019_c	PWY-5850	10	7	7
ThomasAM_2019_c	PWY-5896	10	7	7
ThomasAM_2019_c	ORNDEG-PWY	9	16	16
ThomasAM_2019_c	GALACTARDEG-PWY	4	24	24
ThomasAM_2019_c	GLUCARGALACTSUPER-PWY	4	24	24
ThomasAM_2019_c	PWY0-1061	6	37	37
ThomasAM_2019_c	PWY-7198	7	21	21
ThomasAM_2019_c	PWY-561	15	4	4
ThomasAM_2019_c	PWY-6531	5	4	4
ThomasAM_2019_c	ARGDEG-PWY	11	4	4
ThomasAM_2019_c	ORNARGDEG-PWY	11	4	4
ThomasAM_2019_c	PWY-5918	10	12	12
ThomasAM_2019_c	P105-PWY	10	4	4
ThomasAM_2019_c	PWY-5189	4	19	19
ThomasAM_2019_c	P164-PWY	15	11	11
ThomasAM_2019_c	PWY-5384	4	28	28
ThomasAM_2019_c	FOLSYN-PWY	12	7	7
ThomasAM_2019_c	PWY-5860	9	7	7
ThomasAM_2019_c	PWY-5862	9	7	7
ThomasAM_2019_c	HEMESYN2-PWY	4	16	16
ThomasAM_2019_c	PWY-7315	4	30	30
ThomasAM_2019_c	PWY-6803	4	22	22
ThomasAM_2019_c	PWY-7328	6	4	4
ThomasAM_2019_c	PWY0-1277	9	9	9
ThomasAM_2019_c	PWY-6731	4	3	3
ThomasAM_2019_c	PWY-5690	10	4	4
ThomasAM_2019_c	PWY-7210	8	13	13
ThomasAM_2019_c	PWY-7254	10	5	5
ThomasAM_2019_c	PWY-5656	4	2	2
ThomasAM_2019_c	PWY-7204	9	7	7
ThomasAM_2019_c	PWY-6859	4	14	14
ThomasAM_2019_c	GLUCARDEG-PWY	4	19	19
ThomasAM_2019_c	METHGLYUT-PWY	8	3	3
ThomasAM_2019_c	PWY-5837	7	22	22
ThomasAM_2019_c	HEME-BIOSYNTHESIS-II	4	32	32
ThomasAM_2019_c	NAD-BIOSYNTHESIS-II	5	30	30
ThomasAM_2019_c	PWY-6612	10	7	7
ThomasAM_2019_c	PWY0-1415	6	10	10
ThomasAM_2019_c	PWY-5863	16	10	10
ThomasAM_2019_c	HCAMHPDEG-PWY	5	11	11
ThomasAM_2019_c	PWY-6690	5	11	11
ThomasAM_2019_c	PPGPPMET-PWY	6	27	27
ThomasAM_2019_c	3-HYDROXYPHENYLACETATE-DEGRADATION-PWY	8	4	4
ThomasAM_2019_c	PWY-5941	6	4	4
ThomasAM_2019_c	PWY0-1241	5	48	48
ThomasAM_2019_c	PWY-5367	6	19	19
ThomasAM_2019_c	LACTOSECAT-PWY	4	34	34
ThomasAM_2019_c	PWY-7094	6	19	19
ThomasAM_2019_c	PWY0-42	5	10	10
ThomasAM_2019_c	PWY-7269	5	12	12
ThomasAM_2019_c	PWY-5747	6	11	11
ThomasAM_2019_c	AST-PWY	5	16	16
ThomasAM_2019_c	LPSSYN-PWY	26	1	1
ThomasAM_2019_c	PWY-5138	5	25	25
ThomasAM_2019_c	PWY-7371	5	11	11
ThomasAM_2019_c	PWY-7446	5	8	8
ThomasAM_2019_c	PWY-6595	6	7	7
ThomasAM_2019_c	PWY66-389	4	12	12
ThomasAM_2019_c	METH-ACETATE-PWY	6	6	6
ThomasAM_2019_c	KDO-NAGLIPASYN-PWY	17	7	7
ThomasAM_2019_c	GOLPDLCAT-PWY	4	19	19
ThomasAM_2019_c	UBISYN-PWY	13	16	16
ThomasAM_2019_c	ECASYN-PWY	10	18	18
ThomasAM_2019_c	GLYCOL-GLYOXDEG-PWY	4	7	7
ThomasAM_2019_c	PWY-7013	5	27	27
ThomasAM_2019_c	PWY-5855	8	20	20
ThomasAM_2019_c	PWY-5856	8	20	20
ThomasAM_2019_c	PWY-5857	8	20	20
ThomasAM_2019_c	PWY-6708	8	20	20
ThomasAM_2019_c	PWY-6588	5	9	9
ThomasAM_2019_c	PWY-6823	6	3	3
ThomasAM_2019_c	KETOGLUCONMET-PWY	8	11	11
ThomasAM_2019_c	P221-PWY	5	7	7
ThomasAM_2019_c	PWY0-1338	6	16	16
ThomasAM_2019_c	PWY-7209	5	1	1
ThomasAM_2019_c	PWY-6837	5	18	18
ThomasAM_2019_c	PWY-6071	12	2	2
ThomasAM_2019_c	PWY-6572	8	1	1
ThomasAM_2019_c	P124-PWY	15	6	6
ThomasAM_2019_c	PWY0-321	10	2	2
ThomasAM_2019_c	PWY0-41	8	3	3
ThomasAM_2019_c	P163-PWY	10	5	5
ThomasAM_2019_c	PWY-5705	4	4	4
ThomasAM_2019_c	P125-PWY	5	13	13
ThomasAM_2019_c	PWY-6478	4	2	2
ThomasAM_2019_c	PWY-5005	8	10	10
ThomasAM_2019_c	PYRIDNUCSAL-PWY	7	3	3
ThomasAM_2019_c	PWY-1861	9	12	12
ThomasAM_2019_c	PWY-7385	9	1	1
ThomasAM_2019_c	TEICHOICACID-PWY	12	9	9
ThomasAM_2019_c	PWY-5920	8	6	6
ThomasAM_2019_c	NONMEVIPP-PWY	9	10	10
ThomasAM_2019_c	P122-PWY	18	7	7
ThomasAM_2019_c	P162-PWY	10	1	1
ThomasAM_2019_c	PWY-7316	4	3	3
ThomasAM_2019_c	PWY-6167	10	2	2
ThomasAM_2019_c	PWY-5101	8	3	3
ThomasAM_2019_c	PWY-7312	4	2	2
ThomasAM_2019_c	METHANOGENESIS-PWY	6	2	2
ThomasAM_2019_c	PWY-5198	6	2	2
ThomasAM_2019_c	PWY-6349	6	2	2
ThomasAM_2019_c	PWY-5265	17	2	2
ThomasAM_2019_c	PWY-6143	6	1	1
ThomasAM_2019_c	PWY-7031	6	3	3
ThomasAM_2019_c	PWY-6749	10	5	5
ThomasAM_2019_c	PWY-5121	12	2	2
ThomasAM_2019_c	PWY-922	7	5	5
ThomasAM_2019_c	RUMP-PWY	6	1	1
ThomasAM_2019_c	PWY0-1533	4	3	3
ThomasAM_2019_c	PWY0-881	17	2	2
ThomasAM_2019_c	REDCITCYC	10	3	3
ThomasAM_2019_c	AEROBACTINSYN-PWY	4	5	5
ThomasAM_2019_c	PWY-7039	5	2	2
ThomasAM_2019_c	PWY-5677	7	1	1
ThomasAM_2019_c	PWY-6953	5	2	2
ThomasAM_2019_c	PWY-6396	9	2	2
ThomasAM_2019_c	PWY-241	7	2	2
ThomasAM_2019_c	ALLANTOINDEG-PWY	7	3	3
ThomasAM_2019_c	P108-PWY	7	3	3
ThomasAM_2019_c	GLUDEG-I-PWY	4	2	2
ThomasAM_2019_c	PWY-7003	16	3	3
ThomasAM_2019_c	PWY3DJ-35471	10	5	5
ThomasAM_2019_c	P185-PWY	12	15	15
ThomasAM_2019_c	PWY-5028	5	7	7
ThomasAM_2019_c	THREOCAT-PWY	19	6	6
ThomasAM_2019_c	PWY-3801	19	1	1
ThomasAM_2019_c	PWY-7345	15	1	1
ThomasAM_2019_c	PROTOCATECHUATE-ORTHO-CLEAVAGE-PWY	4	8	8
ThomasAM_2019_c	PWY-7165	7	4	4
ThomasAM_2019_c	PWY-5181	12	6	6
ThomasAM_2019_c	CRNFORCAT-PWY	4	2	2
ThomasAM_2019_c	PWY-6318	9	9	9
ThomasAM_2019_c	PWY-5417	6	8	8
ThomasAM_2019_c	PWY-5431	6	8	8
ThomasAM_2019_c	CATECHOL-ORTHO-CLEAVAGE-PWY	4	9	9
ThomasAM_2019_c	PWY-1541	6	1	1
ThomasAM_2019_c	URSIN-PWY	7	2	2
ThomasAM_2019_c	PWY-6182	7	5	5
ThomasAM_2019_c	PWY-6185	7	7	7
ThomasAM_2019_c	PWY-7268	5	7	7
ThomasAM_2019_c	PWY-7560	9	2	2
ThomasAM_2019_c	PWY-6470	17	2	2
ThomasAM_2019_c	UDPNACETYLGALSYN-PWY	6	1	1
ThomasAM_2019_c	PWY-6797	7	1	1
ThomasAM_2019_c	PWY-6467	5	2	2
ThomasAM_2019_c	PWY-5692	4	2	2
ThomasAM_2019_c	URDEGR-PWY	4	2	2
ThomasAM_2019_c	PWY1F-823	4	4	4
ThomasAM_2019_c	PWY-3781	4	9	9
ThomasAM_2019_c	PWY-7115	11	2	2
ThomasAM_2019_c	PWY-6270	10	1	1
ThomasAM_2019_c	PWY-7294	7	1	1
ThomasAM_2019_c	P562-PWY	7	3	3
ThomasAM_2019_c	PWY-4321	5	2	2
ThomasAM_2019_c	PWY-7279	4	7	7
ThomasAM_2019_c	PWY-7245	8	4	4
ThomasAM_2019_c	PWY-5022	7	2	2
ThomasAM_2019_c	PWY-7196	10	1	1
ThomasAM_2019_c	PWY-6215	4	1	1
ThomasAM_2019_c	PWY-5654	4	1	1
ThomasAM_2019_c	PWY-6210	4	1	1
ThomasAM_2019_c	PWY-6107	7	1	1
ThomasAM_2019_c	PWY-7383	7	1	1
ThomasAM_2019_c	PWY-622	10	1	1
ThomasAM_2019_c	PWY-5534	7	1	1
ThomasAM_2019_c	PWY-5180	7	1	1
ThomasAM_2019_c	PWY-5182	10	1	1
ThomasAM_2019_c	PWY-5415	5	1	1
ThomasAM_2019_c	PWY-4361	8	1	1
ThomasAM_2019_c	PWY-5345	12	1	1
ThomasAM_2019_c	PWY-821	11	1	1
ThomasAM_2019_c	PWY5F9-12	5	1	1
ThomasAM_2019_c	PWY-6113	268	1	1
ThomasAM_2019_c	PWY-181	9	1	1
VogtmannE_2016	DTDPRHAMSYN-PWY	4	241	242
VogtmannE_2016	PWY-1042	10	159	159
VogtmannE_2016	PWY-6609	4	282	282
VogtmannE_2016	PWY-5686	6	261	261
VogtmannE_2016	ILEUSYN-PWY	7	150	151
VogtmannE_2016	PWY-7111	5	270	270
VogtmannE_2016	VALSYN-PWY	4	268	270
VogtmannE_2016	TRNA-CHARGING-PWY	21	150	150
VogtmannE_2016	PWY-6386	8	245	245
VogtmannE_2016	PWY-7221	4	299	299
VogtmannE_2016	PEPTIDOGLYCANSYN-PWY	10	270	270
VogtmannE_2016	PWY-6387	8	279	279
VogtmannE_2016	PWY-6385	14	234	234
VogtmannE_2016	COA-PWY-1	5	315	315
VogtmannE_2016	PWY-6700	4	281	281
VogtmannE_2016	PWY-5667	4	188	189
VogtmannE_2016	PWY0-1319	4	190	191
VogtmannE_2016	PWY-6163	5	191	191
VogtmannE_2016	PWY-5695	4	159	160
VogtmannE_2016	ARO-PWY	7	127	128
VogtmannE_2016	PWY-3841	11	214	214
VogtmannE_2016	PWY-6151	4	211	211
VogtmannE_2016	ANAGLYCOLYSIS-PWY	11	60	60
VogtmannE_2016	CALVIN-PWY	13	81	82
VogtmannE_2016	COMPLETE-ARO-PWY	17	104	105
VogtmannE_2016	PWY-5097	7	195	195
VogtmannE_2016	1CMET2-PWY	9	167	167
VogtmannE_2016	COA-PWY	4	269	269
VogtmannE_2016	ARGSYN-PWY	9	143	143
VogtmannE_2016	PWY-7400	14	142	142
VogtmannE_2016	PWY-6121	5	288	288
VogtmannE_2016	HISTSYN-PWY	11	173	173
VogtmannE_2016	ARGSYNBSUB-PWY	9	168	168
VogtmannE_2016	PWY-6122	5	319	319
VogtmannE_2016	PWY-6277	5	319	319
VogtmannE_2016	PWY0-1586	12	106	106
VogtmannE_2016	RIBOSYN2-PWY	9	184	185
VogtmannE_2016	PWY-2942	8	208	208
VogtmannE_2016	PWY-6527	7	77	77
VogtmannE_2016	PWY-724	10	75	75
VogtmannE_2016	BRANCHED-CHAIN-AA-SYN-PWY	19	148	149
VogtmannE_2016	PWY-7229	8	77	77
VogtmannE_2016	PWY-6317	5	78	78
VogtmannE_2016	GLUTORN-PWY	5	148	148
VogtmannE_2016	PANTOSYN-PWY	9	128	128
VogtmannE_2016	PWY-6123	6	176	176
VogtmannE_2016	PWY-6124	5	181	181
VogtmannE_2016	PWY-5103	7	153	154
VogtmannE_2016	PWY-6168	9	88	88
VogtmannE_2016	PWY-6126	8	76	76
VogtmannE_2016	PWY-3001	13	69	69
VogtmannE_2016	PWY-5973	5	76	77
VogtmannE_2016	PANTO-PWY	4	155	155
VogtmannE_2016	PWY-7220	4	182	182
VogtmannE_2016	PWY-7222	4	182	182
VogtmannE_2016	PYRIDNUCSYN-PWY	6	82	82
VogtmannE_2016	PWY-7357	6	95	95
VogtmannE_2016	GLYCOGENSYNTH-PWY	4	91	91
VogtmannE_2016	SER-GLYSYN-PWY	4	128	128
VogtmannE_2016	PWY-7237	10	88	88
VogtmannE_2016	THRESYN-PWY	6	100	100
VogtmannE_2016	TRPSYN-PWY	7	112	112
VogtmannE_2016	PWY-6936	5	124	124
VogtmannE_2016	PWY-6125	8	75	75
VogtmannE_2016	NONOXIPENT-PWY	5	122	123
VogtmannE_2016	PWY-6897	5	41	41
VogtmannE_2016	PWY-7228	6	88	88
VogtmannE_2016	HSERMETANA-PWY	4	70	70
VogtmannE_2016	PWY-6703	4	138	138
VogtmannE_2016	THISYN-PWY	12	15	15
VogtmannE_2016	THISYNARA-PWY	7	59	59
VogtmannE_2016	PWY-5154	9	28	28
VogtmannE_2016	PWY0-166	14	35	35
VogtmannE_2016	PWY-6892	8	54	54
VogtmannE_2016	OANTIGEN-PWY	10	42	42
VogtmannE_2016	ARGININE-SYN4-PWY	4	44	44
VogtmannE_2016	PHOSLIPSYN-PWY	10	20	20
VogtmannE_2016	PWY-7282	10	18	18
VogtmannE_2016	PWY-7184	9	36	36
VogtmannE_2016	PWY-6147	5	58	58
VogtmannE_2016	COBALSYN-PWY	9	37	37
VogtmannE_2016	RHAMCAT-PWY	5	50	50
VogtmannE_2016	PWY0-845	11	27	27
VogtmannE_2016	PWY4FS-7	6	26	26
VogtmannE_2016	PWY4FS-8	6	26	26
VogtmannE_2016	PWY-6545	9	14	14
VogtmannE_2016	PENTOSE-P-PWY	8	32	32
VogtmannE_2016	CITRULBIO-PWY	8	12	12
VogtmannE_2016	PWY-2941	9	39	39
VogtmannE_2016	PYRIDOXSYN-PWY	7	37	37
VogtmannE_2016	TEICHOICACID-PWY	12	8	8
VogtmannE_2016	PWY-5188	6	91	92
VogtmannE_2016	UDPNAGSYN-PWY	5	147	147
VogtmannE_2016	PWY-5030	6	38	38
VogtmannE_2016	HISDEG-PWY	4	96	96
VogtmannE_2016	PWY-5659	4	43	43
VogtmannE_2016	GLCMANNANAUT-PWY	5	41	41
VogtmannE_2016	PWY-5104	6	34	34
VogtmannE_2016	PWY-4984	5	11	11
VogtmannE_2016	PWY0-1479	10	15	15
VogtmannE_2016	PWY-6305	4	28	28
VogtmannE_2016	PWY0-162	9	19	19
VogtmannE_2016	MET-SAM-PWY	9	25	25
VogtmannE_2016	PWY-5347	9	21	21
VogtmannE_2016	PWY-1269	5	44	44
VogtmannE_2016	METSYN-PWY	8	26	26
VogtmannE_2016	PWY-6353	11	12	12
VogtmannE_2016	NAGLIPASYN-PWY	6	25	25
VogtmannE_2016	GLUCUROCAT-PWY	7	8	8
VogtmannE_2016	PWYG-321	205	6	6
VogtmannE_2016	PWY-5941	6	4	4
VogtmannE_2016	PWY-6519	11	15	15
VogtmannE_2016	PWY-7664	14	29	29
VogtmannE_2016	PWY0-862	6	31	31
VogtmannE_2016	PWY-6282	9	29	29
VogtmannE_2016	PWY-5989	6	22	22
VogtmannE_2016	SALVADEHYPOX-PWY	5	21	21
VogtmannE_2016	PWY-1861	9	8	8
VogtmannE_2016	FASYN-INITIAL-PWY	6	19	19
VogtmannE_2016	P461-PWY	20	18	18
VogtmannE_2016	METH-ACETATE-PWY	6	9	9
VogtmannE_2016	HOMOSER-METSYN-PWY	5	27	27
VogtmannE_2016	PWY-6606	4	17	17
VogtmannE_2016	PWY-7234	6	55	55
VogtmannE_2016	PWY0-1241	5	34	34
VogtmannE_2016	LACTOSECAT-PWY	4	24	24
VogtmannE_2016	PWY-7316	4	4	4
VogtmannE_2016	PWY-4041	6	35	35
VogtmannE_2016	PWY-7013	5	20	20
VogtmannE_2016	GOLPDLCAT-PWY	4	16	16
VogtmannE_2016	PWY-6891	7	14	14
VogtmannE_2016	PWY0-1297	7	51	51
VogtmannE_2016	PWY-7315	4	23	23
VogtmannE_2016	PWY-6953	5	2	2
VogtmannE_2016	PWY-6588	5	5	5
VogtmannE_2016	PWY-6749	10	4	4
VogtmannE_2016	PWY-7371	5	10	10
VogtmannE_2016	PWY-5138	5	17	17
VogtmannE_2016	HEME-BIOSYNTHESIS-II	4	18	18
VogtmannE_2016	PWY-7031	6	3	3
VogtmannE_2016	PWY-5101	8	4	4
VogtmannE_2016	PWY-6876	5	1	1
VogtmannE_2016	DENOVOPURINE2-PWY	27	14	14
VogtmannE_2016	PWY66-409	17	11	11
VogtmannE_2016	PWY-7187	7	14	14
VogtmannE_2016	PWY-7323	6	9	9
VogtmannE_2016	PWY-7456	7	5	5
VogtmannE_2016	PWY-7312	4	3	3
VogtmannE_2016	BIOTIN-BIOSYNTHESIS-PWY	16	14	14
VogtmannE_2016	PWY-7198	7	12	12
VogtmannE_2016	PWY0-1061	6	25	25
VogtmannE_2016	FUCCAT-PWY	4	15	15
VogtmannE_2016	P161-PWY	5	26	26
VogtmannE_2016	PWY-6572	8	1	1
VogtmannE_2016	PWY-5367	6	13	13
VogtmannE_2016	PWY-6478	4	3	3
VogtmannE_2016	P125-PWY	5	10	10
VogtmannE_2016	GLUCONEO-PWY	13	18	18
VogtmannE_2016	GLYCOLYSIS	12	27	27
VogtmannE_2016	PWY-5484	11	26	26
VogtmannE_2016	NONMEVIPP-PWY	9	9	9
VogtmannE_2016	GLYCOCAT-PWY	8	14	14
VogtmannE_2016	DAPLYSINESYN-PWY	9	18	18
VogtmannE_2016	GLUCOSE1PMETAB-PWY	5	17	17
VogtmannE_2016	PWY-5384	4	20	20
VogtmannE_2016	PWY-6143	6	1	1
VogtmannE_2016	P124-PWY	15	4	4
VogtmannE_2016	P164-PWY	15	11	11
VogtmannE_2016	PWY-841	21	14	14
VogtmannE_2016	PWY0-1261	12	17	17
VogtmannE_2016	NAD-BIOSYNTHESIS-II	5	19	19
VogtmannE_2016	PPGPPMET-PWY	6	17	17
VogtmannE_2016	PWY-5005	8	9	9
VogtmannE_2016	FERMENTATION-PWY	17	14	14
VogtmannE_2016	PWY-7117	14	15	15
VogtmannE_2016	HEMESYN2-PWY	4	14	14
VogtmannE_2016	PWY-5863	16	8	8
VogtmannE_2016	PWY-5913	9	18	18
VogtmannE_2016	PWY-5837	7	16	16
VogtmannE_2016	ANAEROFRUCAT-PWY	14	11	11
VogtmannE_2016	PWY-6471	16	8	8
VogtmannE_2016	COLANSYN-PWY	12	6	6
VogtmannE_2016	PRPP-PWY	49	2	2
VogtmannE_2016	PWY-6901	17	8	8
VogtmannE_2016	PWY-6895	11	3	3
VogtmannE_2016	ARG+POLYAMINE-SYN	17	6	6
VogtmannE_2016	GALACT-GLUCUROCAT-PWY	11	5	5
VogtmannE_2016	GLYCOLYSIS-E-D	16	10	10
VogtmannE_2016	HEXITOLDEGSUPER-PWY	19	10	10
VogtmannE_2016	PWY-5971	31	7	7
VogtmannE_2016	POLYISOPRENSYN-PWY	6	10	10
VogtmannE_2016	PWY-6969	10	3	3
VogtmannE_2016	TCA	11	13	13
VogtmannE_2016	P441-PWY	21	8	8
VogtmannE_2016	SULFATE-CYS-PWY	9	11	11
VogtmannE_2016	PWY-6629	14	7	7
VogtmannE_2016	FUC-RHAMCAT-PWY	12	5	5
VogtmannE_2016	POLYAMSYN-PWY	8	8	8
VogtmannE_2016	PWY-6859	4	7	7
VogtmannE_2016	PWY-5690	10	3	3
VogtmannE_2016	PWY-6628	10	7	7
VogtmannE_2016	FAO-PWY	7	15	15
VogtmannE_2016	PWY-6630	10	5	5
VogtmannE_2016	PWY-5136	5	14	14
VogtmannE_2016	PYRIDNUCSAL-PWY	7	4	4
VogtmannE_2016	GLYCOLYSIS-TCA-GLYOX-BYPASS	26	11	11
VogtmannE_2016	PWY0-1298	6	24	24
VogtmannE_2016	SO4ASSIM-PWY	4	15	15
VogtmannE_2016	PWY-5838	10	8	8
VogtmannE_2016	PWY-5840	10	6	6
VogtmannE_2016	PWY-5897	10	10	10
VogtmannE_2016	PWY-5898	10	10	10
VogtmannE_2016	PWY-5899	10	10	10
VogtmannE_2016	PWY-5845	10	6	6
VogtmannE_2016	P105-PWY	10	3	3
VogtmannE_2016	PWY0-781	25	7	7
VogtmannE_2016	PWY-5723	10	10	10
VogtmannE_2016	TCA-GLYOX-BYPASS	13	13	13
VogtmannE_2016	PWY-5861	9	8	8
VogtmannE_2016	P4-PWY	18	9	9
VogtmannE_2016	ENTBACSYN-PWY	11	3	3
VogtmannE_2016	GALACTARDEG-PWY	4	13	13
VogtmannE_2016	GLUCARGALACTSUPER-PWY	4	13	13
VogtmannE_2016	PWY4LZ-257	9	5	5
VogtmannE_2016	PWY-5862	9	6	6
VogtmannE_2016	PWY-7254	10	3	3
VogtmannE_2016	PWY-5675	4	9	9
VogtmannE_2016	PWY-6285	53	3	3
VogtmannE_2016	PWY-5918	10	7	7
VogtmannE_2016	METHGLYUT-PWY	8	3	3
VogtmannE_2016	PWY-7328	6	3	3
VogtmannE_2016	PWY-6531	5	4	4
VogtmannE_2016	PWY-5850	10	6	6
VogtmannE_2016	PWY-5896	10	6	6
VogtmannE_2016	PWY-561	15	2	2
VogtmannE_2016	PWY0-1415	6	9	9
VogtmannE_2016	PWY-6803	4	15	15
VogtmannE_2016	PWY-6284	20	8	8
VogtmannE_2016	GLUCARDEG-PWY	4	11	11
VogtmannE_2016	PWY-5860	9	6	6
VogtmannE_2016	PWY-4702	14	4	4
VogtmannE_2016	PWY-5920	8	3	3
VogtmannE_2016	PWY-5677	7	1	1
VogtmannE_2016	PWY-7385	9	1	1
VogtmannE_2016	PWY-5189	4	16	16
VogtmannE_2016	PWY-5656	4	2	2
VogtmannE_2016	FOLSYN-PWY	12	5	5
VogtmannE_2016	PWY-7204	9	3	3
VogtmannE_2016	PWY0-42	5	4	4
VogtmannE_2016	P162-PWY	10	1	1
VogtmannE_2016	PWY-6612	10	5	5
VogtmannE_2016	PWY-5747	6	6	6
VogtmannE_2016	AST-PWY	5	9	9
VogtmannE_2016	P122-PWY	18	2	2
VogtmannE_2016	PWY-6595	6	6	6
VogtmannE_2016	PWY-7094	6	11	11
VogtmannE_2016	KETOGLUCONMET-PWY	8	9	9
VogtmannE_2016	PWY-6823	6	2	2
VogtmannE_2016	KDO-NAGLIPASYN-PWY	17	4	4
VogtmannE_2016	GLYCOL-GLYOXDEG-PWY	4	7	7
VogtmannE_2016	PWY-5705	4	5	5
VogtmannE_2016	PWY-6837	5	12	12
VogtmannE_2016	AEROBACTINSYN-PWY	4	1	1
VogtmannE_2016	PWY0-1533	4	2	2
VogtmannE_2016	PWY-7446	5	7	7
VogtmannE_2016	P163-PWY	10	4	4
VogtmannE_2016	PWY-6167	10	2	2
VogtmannE_2016	PWY-7210	8	8	8
VogtmannE_2016	METHANOGENESIS-PWY	6	2	2
VogtmannE_2016	PWY-6349	6	2	2
VogtmannE_2016	PWY-5198	6	2	2
VogtmannE_2016	ORNDEG-PWY	9	9	9
VogtmannE_2016	ARGDEG-PWY	11	5	5
VogtmannE_2016	ORNARGDEG-PWY	11	5	5
VogtmannE_2016	PWY0-1277	9	7	7
VogtmannE_2016	HCAMHPDEG-PWY	5	8	8
VogtmannE_2016	PWY-6690	5	8	8
VogtmannE_2016	PWY66-389	4	7	7
VogtmannE_2016	ECASYN-PWY	10	9	9
VogtmannE_2016	PWY-7269	5	4	4
VogtmannE_2016	PWY0-41	8	2	2
VogtmannE_2016	P221-PWY	5	3	3
VogtmannE_2016	PWY-5265	17	3	3
VogtmannE_2016	PWY-7211	18	5	5
VogtmannE_2016	PWY-6396	9	2	2
VogtmannE_2016	P185-PWY	12	9	9
VogtmannE_2016	PWY-6731	4	2	2
VogtmannE_2016	PWY0-881	17	2	2
VogtmannE_2016	LPSSYN-PWY	26	1	1
VogtmannE_2016	PWY0-1338	6	13	13
VogtmannE_2016	UBISYN-PWY	13	8	8
VogtmannE_2016	PWY-5855	8	13	13
VogtmannE_2016	PWY-5856	8	13	13
VogtmannE_2016	PWY-5857	8	13	13
VogtmannE_2016	PWY-6708	8	13	13
VogtmannE_2016	PWY-6318	9	6	6
VogtmannE_2016	PWY-5417	6	6	6
VogtmannE_2016	PWY-5431	6	6	6
VogtmannE_2016	CATECHOL-ORTHO-CLEAVAGE-PWY	4	7	7
VogtmannE_2016	PWY-7165	7	5	5
VogtmannE_2016	PROTOCATECHUATE-ORTHO-CLEAVAGE-PWY	4	6	6
VogtmannE_2016	PWY3DJ-35471	10	4	4
VogtmannE_2016	PWY-7268	5	4	4
VogtmannE_2016	PWY-6182	7	4	4
VogtmannE_2016	PWY-6185	7	4	4
VogtmannE_2016	PWY-5181	12	4	4
VogtmannE_2016	PWY-241	7	1	1
VogtmannE_2016	PWY-5345	12	1	1
VogtmannE_2016	PWY-821	11	1	1
VogtmannE_2016	PWY-5505	7	1	1
VogtmannE_2016	GLUDEG-I-PWY	4	1	1
VogtmannE_2016	PWY-5022	7	1	1
VogtmannE_2016	PWY-7560	9	1	1
VogtmannE_2016	THREOCAT-PWY	19	6	6
VogtmannE_2016	PWY-7196	10	1	1
VogtmannE_2016	PWY-7003	16	2	2
VogtmannE_2016	3-HYDROXYPHENYLACETATE-DEGRADATION-PWY	8	6	6
VogtmannE_2016	PWY-6270	10	1	1
VogtmannE_2016	REDCITCYC	10	2	2
VogtmannE_2016	PWY-3801	19	1	1
VogtmannE_2016	P108-PWY	7	2	2
VogtmannE_2016	PWY-7345	15	1	1
VogtmannE_2016	PWY-6071	12	2	2
VogtmannE_2016	PWY0-321	10	2	2
VogtmannE_2016	PWY-5692	4	2	2
VogtmannE_2016	URDEGR-PWY	4	2	2
VogtmannE_2016	P562-PWY	7	1	1
VogtmannE_2016	PWY-4321	5	1	1
VogtmannE_2016	PWY-6215	4	1	1
VogtmannE_2016	PWY-7209	5	1	1
VogtmannE_2016	PWY-1541	6	1	1
VogtmannE_2016	PWY-3781	4	5	5
VogtmannE_2016	URSIN-PWY	7	1	1
VogtmannE_2016	PWY-7279	4	4	4
VogtmannE_2016	RUMP-PWY	6	1	1
VogtmannE_2016	PWY-5654	4	1	1
VogtmannE_2016	PWY-6210	4	1	1
VogtmannE_2016	PWY-7245	8	2	2
VogtmannE_2016	PWY5F9-12	5	1	1
VogtmannE_2016	PWY-7039	5	2	2
VogtmannE_2016	PWY-5028	5	2	2
VogtmannE_2016	PWY-5910	10	2	2
VogtmannE_2016	PWY-922	7	2	2
VogtmannE_2016	PWY-7115	11	1	1
VogtmannE_2016	PWY-7118	4	1	1
VogtmannE_2016	PWY-5121	12	1	1
VogtmannE_2016	PWY-7391	8	1	1
VogtmannE_2016	PWY-181	9	1	1
VogtmannE_2016	ALLANTOINDEG-PWY	7	1	1
VogtmannE_2016	PWY-6470	17	1	1
VogtmannE_2016	UDPNACETYLGALSYN-PWY	6	1	1
VogtmannE_2016	PWY-7374	6	1	1
YuJ_2015	PWY0-1586	12	128	128
YuJ_2015	TRNA-CHARGING-PWY	21	177	177
YuJ_2015	PWY-1042	10	179	179
YuJ_2015	ILEUSYN-PWY	7	178	178
YuJ_2015	PWY-7111	5	288	288
YuJ_2015	VALSYN-PWY	4	292	292
YuJ_2015	PWY-6387	8	327	327
YuJ_2015	PEPTIDOGLYCANSYN-PWY	10	315	315
YuJ_2015	PWY-6385	14	261	261
YuJ_2015	CALVIN-PWY	13	101	101
YuJ_2015	PWY-6386	8	287	287
YuJ_2015	PWY-7229	8	98	98
YuJ_2015	PWY-5686	6	297	297
YuJ_2015	PWY-7221	4	331	331
YuJ_2015	PWY-6126	8	98	98
YuJ_2015	PWY-6700	4	295	295
YuJ_2015	PWY-6609	4	304	304
YuJ_2015	PWY-3841	11	245	245
YuJ_2015	ARGSYNBSUB-PWY	9	166	166
YuJ_2015	COA-PWY-1	5	345	345
YuJ_2015	BRANCHED-CHAIN-AA-SYN-PWY	19	177	177
YuJ_2015	PWY-6122	5	338	338
YuJ_2015	PWY-6277	5	338	338
YuJ_2015	NONOXIPENT-PWY	5	154	154
YuJ_2015	ARGSYN-PWY	9	150	150
YuJ_2015	PWY-7220	4	204	204
YuJ_2015	PWY-7222	4	204	204
YuJ_2015	PWY-7400	14	147	147
YuJ_2015	PWY-6121	5	308	308
YuJ_2015	ANAGLYCOLYSIS-PWY	11	77	77
YuJ_2015	PWY-5695	4	189	189
YuJ_2015	PWY-5103	7	182	182
YuJ_2015	PWY-5097	7	225	225
YuJ_2015	PWY-2942	8	243	243
YuJ_2015	GLYCOLYSIS	12	39	39
YuJ_2015	ARO-PWY	7	144	144
YuJ_2015	1CMET2-PWY	9	182	182
YuJ_2015	PWY-6163	5	207	207
YuJ_2015	COMPLETE-ARO-PWY	17	119	119
YuJ_2015	PWY-5484	11	37	37
YuJ_2015	PWY0-1319	4	219	219
YuJ_2015	PWY-5667	4	217	217
YuJ_2015	PWY-3001	13	88	88
YuJ_2015	COA-PWY	4	307	307
YuJ_2015	DTDPRHAMSYN-PWY	4	258	258
YuJ_2015	PWY-6151	4	240	240
YuJ_2015	GLYCOGENSYNTH-PWY	4	116	116
YuJ_2015	PWY-724	10	95	95
YuJ_2015	GLUTORN-PWY	5	153	153
YuJ_2015	PANTO-PWY	4	177	177
YuJ_2015	THRESYN-PWY	6	126	126
YuJ_2015	PWY-6936	5	152	152
YuJ_2015	PANTOSYN-PWY	9	146	146
YuJ_2015	ANAEROFRUCAT-PWY	14	25	25
YuJ_2015	HEXITOLDEGSUPER-PWY	19	15	15
YuJ_2015	RIBOSYN2-PWY	9	195	195
YuJ_2015	SALVADEHYPOX-PWY	5	29	29
YuJ_2015	P461-PWY	20	25	25
YuJ_2015	GLUCONEO-PWY	13	30	30
YuJ_2015	PWY-6123	6	210	210
YuJ_2015	UDPNAGSYN-PWY	5	176	176
YuJ_2015	PHOSLIPSYN-PWY	10	36	36
YuJ_2015	FASYN-INITIAL-PWY	6	37	37
YuJ_2015	HSERMETANA-PWY	4	81	81
YuJ_2015	DENOVOPURINE2-PWY	27	18	18
YuJ_2015	PWYG-321	205	6	6
YuJ_2015	PWY-841	21	19	19
YuJ_2015	PWY-5154	9	40	40
YuJ_2015	PWY-6124	5	207	207
YuJ_2015	PWY-6168	9	107	107
YuJ_2015	PWY-5973	5	98	98
YuJ_2015	MET-SAM-PWY	9	38	38
YuJ_2015	PYRIDNUCSYN-PWY	6	93	93
YuJ_2015	PWY-7664	14	45	45
YuJ_2015	PWY-5971	31	13	13
YuJ_2015	SER-GLYSYN-PWY	4	153	153
YuJ_2015	HISTSYN-PWY	11	188	188
YuJ_2015	PWY4FS-7	6	41	41
YuJ_2015	PWY4FS-8	6	40	40
YuJ_2015	PWY0-1261	12	26	26
YuJ_2015	PWY0-862	6	48	48
YuJ_2015	PWY0-166	14	43	43
YuJ_2015	PWY-6527	7	96	96
YuJ_2015	PWY-6282	9	45	45
YuJ_2015	THISYN-PWY	12	21	21
YuJ_2015	PWY-5347	9	33	33
YuJ_2015	METSYN-PWY	8	38	38
YuJ_2015	PWY-5188	6	106	106
YuJ_2015	ARG+POLYAMINE-SYN	17	12	12
YuJ_2015	PWY-7187	7	21	21
YuJ_2015	PWY-6892	8	64	64
YuJ_2015	GLYCOLYSIS-TCA-GLYOX-BYPASS	26	16	16
YuJ_2015	PWY0-162	9	27	27
YuJ_2015	PWY-6901	17	18	18
YuJ_2015	PWY0-1479	10	25	25
YuJ_2015	PWY-6125	8	101	101
YuJ_2015	TCA	11	21	21
YuJ_2015	PWY-6353	11	17	17
YuJ_2015	PWY-7357	6	113	113
YuJ_2015	PWY-6317	5	94	94
YuJ_2015	OANTIGEN-PWY	10	67	67
YuJ_2015	PWY-6895	11	12	12
YuJ_2015	PWY-7228	6	112	112
YuJ_2015	PWY-6703	4	156	156
YuJ_2015	PWY-5989	6	35	35
YuJ_2015	P441-PWY	21	15	15
YuJ_2015	PWY-6629	14	12	12
YuJ_2015	PWY-6897	5	60	60
YuJ_2015	FERMENTATION-PWY	17	27	27
YuJ_2015	DAPLYSINESYN-PWY	9	37	37
YuJ_2015	FAO-PWY	7	24	24
YuJ_2015	TRPSYN-PWY	7	123	123
YuJ_2015	PWY-6305	4	43	43
YuJ_2015	PWY-5723	10	19	19
YuJ_2015	BIOTIN-BIOSYNTHESIS-PWY	16	22	22
YuJ_2015	PWY-6519	11	24	24
YuJ_2015	PWY0-781	25	15	15
YuJ_2015	PWY-1269	5	62	62
YuJ_2015	GLYCOLYSIS-E-D	16	18	18
YuJ_2015	PWY-5913	9	34	34
YuJ_2015	PWY-5104	6	46	46
YuJ_2015	SULFATE-CYS-PWY	9	22	22
YuJ_2015	P4-PWY	18	17	17
YuJ_2015	PENTOSE-P-PWY	8	44	44
YuJ_2015	PYRIDOXSYN-PWY	7	50	50
YuJ_2015	PWY-7211	18	7	7
YuJ_2015	PRPP-PWY	49	4	4
YuJ_2015	PWY66-409	17	15	15
YuJ_2015	PYRIDNUCSAL-PWY	7	4	4
YuJ_2015	PWY-7184	9	49	49
YuJ_2015	P164-PWY	15	11	11
YuJ_2015	PWY-6628	10	15	15
YuJ_2015	TCA-GLYOX-BYPASS	13	17	17
YuJ_2015	PWY-6285	53	11	11
YuJ_2015	THISYNARA-PWY	7	75	75
YuJ_2015	POLYAMSYN-PWY	8	15	15
YuJ_2015	PWY-7117	14	28	28
YuJ_2015	PWY0-1297	7	65	65
YuJ_2015	PWY-7282	10	33	33
YuJ_2015	PWY-5136	5	20	20
YuJ_2015	PWY-4041	6	49	49
YuJ_2015	ENTBACSYN-PWY	11	9	9
YuJ_2015	PWY-7234	6	81	81
YuJ_2015	NAGLIPASYN-PWY	6	38	38
YuJ_2015	COBALSYN-PWY	9	48	48
YuJ_2015	CITRULBIO-PWY	8	11	11
YuJ_2015	PWY-6891	7	19	19
YuJ_2015	ORNDEG-PWY	9	17	17
YuJ_2015	HOMOSER-METSYN-PWY	5	39	39
YuJ_2015	RHAMCAT-PWY	5	63	63
YuJ_2015	FUCCAT-PWY	4	27	27
YuJ_2015	PWY-6545	9	13	13
YuJ_2015	GLYCOCAT-PWY	8	19	19
YuJ_2015	PWY-7237	10	105	105
YuJ_2015	GLCMANNANAUT-PWY	5	56	56
YuJ_2015	PWY-5675	4	17	17
YuJ_2015	PWY-6969	10	5	5
YuJ_2015	SO4ASSIM-PWY	4	29	29
YuJ_2015	PWY-561	15	5	5
YuJ_2015	P105-PWY	10	5	5
YuJ_2015	PWY4LZ-257	9	8	8
YuJ_2015	PWY0-1298	6	37	37
YuJ_2015	PWY-6147	5	78	78
YuJ_2015	PWY-6606	4	22	22
YuJ_2015	PWY0-845	11	39	39
YuJ_2015	PWY-6284	20	15	15
YuJ_2015	PWY-5838	10	14	14
YuJ_2015	PWY-5897	10	16	16
YuJ_2015	PWY-5898	10	16	16
YuJ_2015	PWY-5899	10	16	16
YuJ_2015	P161-PWY	5	41	41
YuJ_2015	COLANSYN-PWY	12	15	15
YuJ_2015	PWY-7210	8	10	10
YuJ_2015	PWY-5690	10	7	7
YuJ_2015	PWY-7198	7	21	21
YuJ_2015	FUC-RHAMCAT-PWY	12	13	13
YuJ_2015	GALACTARDEG-PWY	4	25	25
YuJ_2015	GLUCARGALACTSUPER-PWY	4	25	25
YuJ_2015	PWY0-1241	5	44	44
YuJ_2015	PWY-7254	10	5	5
YuJ_2015	ARGININE-SYN4-PWY	4	46	46
YuJ_2015	PWY0-1061	6	40	40
YuJ_2015	PWY-5659	4	53	53
YuJ_2015	PWY-5840	10	12	12
YuJ_2015	PWY-5845	10	12	12
YuJ_2015	PWY-5850	10	12	12
YuJ_2015	PWY-5896	10	12	12
YuJ_2015	PWY-5918	10	14	14
YuJ_2015	PWY-6531	5	4	4
YuJ_2015	GLUCOSE1PMETAB-PWY	5	23	23
YuJ_2015	GALACT-GLUCUROCAT-PWY	11	9	9
YuJ_2015	PWY-5861	9	14	14
YuJ_2015	PWY0-881	17	3	3
YuJ_2015	PWY-4702	14	6	6
YuJ_2015	PWY-5384	4	27	27
YuJ_2015	PWY-6471	16	16	16
YuJ_2015	GLUCARDEG-PWY	4	22	22
YuJ_2015	PWY-5189	4	20	20
YuJ_2015	PWY-7323	6	17	17
YuJ_2015	PWY-7328	6	6	6
YuJ_2015	PWY-2941	9	61	61
YuJ_2015	ARGDEG-PWY	11	9	9
YuJ_2015	ORNARGDEG-PWY	11	9	9
YuJ_2015	GLUCUROCAT-PWY	7	14	14
YuJ_2015	PWY-7115	11	1	1
YuJ_2015	FOLSYN-PWY	12	6	6
YuJ_2015	PWY-5860	9	12	12
YuJ_2015	PWY-5862	9	12	12
YuJ_2015	PWY-1861	9	12	12
YuJ_2015	METHGLYUT-PWY	8	2	2
YuJ_2015	HISDEG-PWY	4	109	109
YuJ_2015	PWY-6731	4	3	3
YuJ_2015	PWY-6803	4	24	24
YuJ_2015	PWY-6630	10	10	10
YuJ_2015	POLYISOPRENSYN-PWY	6	16	16
YuJ_2015	HEMESYN2-PWY	4	21	21
YuJ_2015	HEME-BIOSYNTHESIS-II	4	34	34
YuJ_2015	PWY-5747	6	13	13
YuJ_2015	PWY-7204	9	8	8
YuJ_2015	PWY0-42	5	11	11
YuJ_2015	PWY-5837	7	24	24
YuJ_2015	PWY0-1415	6	11	11
YuJ_2015	PWY-6612	10	6	6
YuJ_2015	PWY0-1277	9	11	11
YuJ_2015	PWY-5367	6	21	21
YuJ_2015	KETOGLUCONMET-PWY	8	13	13
YuJ_2015	PWY-5863	16	14	14
YuJ_2015	THREOCAT-PWY	19	7	7
YuJ_2015	LACTOSECAT-PWY	4	24	24
YuJ_2015	PWY-7315	4	34	34
YuJ_2015	PPGPPMET-PWY	6	27	27
YuJ_2015	HCAMHPDEG-PWY	5	11	11
YuJ_2015	PWY-6690	5	11	11
YuJ_2015	TEICHOICACID-PWY	12	7	7
YuJ_2015	PWY66-389	4	15	15
YuJ_2015	PWY-6588	5	11	11
YuJ_2015	PWY-5656	4	2	2
YuJ_2015	NAD-BIOSYNTHESIS-II	5	32	32
YuJ_2015	PWY-5138	5	24	24
YuJ_2015	LPSSYN-PWY	26	3	3
YuJ_2015	PWY-5920	8	4	4
YuJ_2015	AST-PWY	5	16	16
YuJ_2015	PWY-7269	5	10	10
YuJ_2015	METH-ACETATE-PWY	6	9	9
YuJ_2015	PWY-7039	5	3	3
YuJ_2015	PWY-6823	6	3	3
YuJ_2015	P122-PWY	18	7	7
YuJ_2015	PWY-6859	4	18	18
YuJ_2015	PWY-5030	6	39	39
YuJ_2015	KDO-NAGLIPASYN-PWY	17	10	10
YuJ_2015	GLUDEG-I-PWY	4	3	3
YuJ_2015	NONMEVIPP-PWY	9	9	9
YuJ_2015	REDCITCYC	10	3	3
YuJ_2015	GLYCOL-GLYOXDEG-PWY	4	8	8
YuJ_2015	ECASYN-PWY	10	19	19
YuJ_2015	PWY-7456	7	5	5
YuJ_2015	PWY0-1338	6	23	23
YuJ_2015	UBISYN-PWY	13	17	17
YuJ_2015	PWY-4984	5	10	10
YuJ_2015	PWY-7446	5	11	11
YuJ_2015	PWY-5855	8	24	24
YuJ_2015	PWY-5856	8	24	24
YuJ_2015	PWY-5857	8	24	24
YuJ_2015	PWY-6708	8	24	24
YuJ_2015	PWY-7013	5	30	30
YuJ_2015	PWY-3801	19	2	2
YuJ_2015	PWY-7345	15	2	2
YuJ_2015	PWY-7209	5	1	1
YuJ_2015	P221-PWY	5	5	5
YuJ_2015	PWY-7094	6	19	19
YuJ_2015	PWY-6071	12	2	2
YuJ_2015	PWY-7385	9	1	1
YuJ_2015	PWY0-321	10	2	2
YuJ_2015	PWY-5705	4	8	8
YuJ_2015	PWY0-41	8	3	3
YuJ_2015	P185-PWY	12	20	20
YuJ_2015	3-HYDROXYPHENYLACETATE-DEGRADATION-PWY	8	7	7
YuJ_2015	PWY-6837	5	19	19
YuJ_2015	GOLPDLCAT-PWY	4	26	26
YuJ_2015	PWY0-1533	4	5	5
YuJ_2015	PWY-7371	5	9	9
YuJ_2015	PWY-5692	4	3	3
YuJ_2015	URDEGR-PWY	4	3	3
YuJ_2015	PWY-4321	5	2	2
YuJ_2015	PWY-6215	4	1	1
YuJ_2015	PROTOCATECHUATE-ORTHO-CLEAVAGE-PWY	4	8	8
YuJ_2015	PWY-6185	7	8	8
YuJ_2015	PWY-6318	9	10	10
YuJ_2015	PWY-7118	4	4	4
YuJ_2015	PWY3DJ-35471	10	5	5
YuJ_2015	PWY-5417	6	10	10
YuJ_2015	PWY-5431	6	10	10
YuJ_2015	PWY-6467	5	2	2
YuJ_2015	PWY-7165	7	5	5
YuJ_2015	PWY-5181	12	7	7
YuJ_2015	CATECHOL-ORTHO-CLEAVAGE-PWY	4	10	10
YuJ_2015	PWY-6182	7	6	6
YuJ_2015	PWY-7316	4	4	4
YuJ_2015	PWY-5654	4	1	1
YuJ_2015	PWY-6210	4	1	1
YuJ_2015	PWY-6953	5	4	4
YuJ_2015	PWY-7312	4	2	2
YuJ_2015	PWY-7245	8	5	5
YuJ_2015	PWY-7268	5	9	9
YuJ_2015	PWY-6478	4	2	2
YuJ_2015	PWY1F-823	4	4	4
YuJ_2015	PWY-5941	6	5	5
YuJ_2015	PWY-5022	7	3	3
YuJ_2015	PWY-7003	16	4	4
YuJ_2015	PWY-7196	10	2	2
YuJ_2015	AEROBACTINSYN-PWY	4	5	5
YuJ_2015	PWY-6572	8	1	1
YuJ_2015	PWY5F9-12	5	1	1
YuJ_2015	P163-PWY	10	5	5
YuJ_2015	PWY-1541	6	1	1
YuJ_2015	PWY-5005	8	11	11
YuJ_2015	PWY-6595	6	8	8
YuJ_2015	P124-PWY	15	5	5
YuJ_2015	PWY-5101	8	4	4
YuJ_2015	PWY-6167	10	3	3
YuJ_2015	METHANOGENESIS-PWY	6	3	3
YuJ_2015	PWY-6349	6	3	3
YuJ_2015	PWY-5198	6	3	3
YuJ_2015	P125-PWY	5	13	13
YuJ_2015	PWY-6749	10	4	4
YuJ_2015	PWY-5265	17	2	2
YuJ_2015	RUMP-PWY	6	3	3
YuJ_2015	PWY-6396	9	2	2
YuJ_2015	P162-PWY	10	1	1
YuJ_2015	PWY-6470	17	3	3
YuJ_2015	P562-PWY	7	4	4
YuJ_2015	P108-PWY	7	4	4
YuJ_2015	PWY-6143	6	1	1
YuJ_2015	PWY-6876	5	1	1
YuJ_2015	PWY-5028	5	7	7
YuJ_2015	CRNFORCAT-PWY	4	4	4
YuJ_2015	URSIN-PWY	7	2	2
YuJ_2015	PWY-1501	5	2	2
YuJ_2015	PWY-922	7	5	5
YuJ_2015	ALLANTOINDEG-PWY	7	2	2
YuJ_2015	PWY-3781	4	11	11
YuJ_2015	PWY-7279	4	9	9
YuJ_2015	PWY-7294	7	1	1
YuJ_2015	PWY-7031	6	2	2
YuJ_2015	PWY-5121	12	1	1
YuJ_2015	PWY-5677	7	1	1
YuJ_2015	PWY66-398	11	2	2
YuJ_2015	PWY-5304	8	2	2
YuJ_2015	PWY-5871	8	1	1
YuJ_2015	PWY-5873	8	1	1
YuJ_2015	PWY3O-19	8	1	1
YuJ_2015	UDPNACETYLGALSYN-PWY	6	2	2
YuJ_2015	PWY-6352	8	1	1
YuJ_2015	PWY-7420	4	1	1
YuJ_2015	PWY-5067	4	2	2
YuJ_2015	PWY-7619	5	2	2
YuJ_2015	PWY66-388	7	1	1
YuJ_2015	PWY-7290	6	1	1
YuJ_2015	SPHINGOLIPID-SYN-PWY	11	1	1
YuJ_2015	PWY-5080	4	1	1
YuJ_2015	PWY-6598	5	1	1
YuJ_2015	PWY-5129	13	1	1
YuJ_2015	PWY-6351	5	2	2
YuJ_2015	PWY-5651	5	2	2
YuJ_2015	PWY-6309	17	2	2
YuJ_2015	PWY-7546	4	2	2
YuJ_2015	PWY-7413	4	1	1
YuJ_2015	PWY-622	10	1	1
YuJ_2015	PWY-5534	7	1	1
YuJ_2015	PWY-7560	9	1	1
YuJ_2015	PWY-6270	10	1	1
YuJ_2015	PWY-5345	12	1	1
YuJ_2015	PWY-821	11	1	1
YuJ_2015	PWY-5505	7	1	1
YuJ_2015	PWY-5910	10	2	2
YuJ_2015	PWY-7374	6	1	1
YuJ_2015	PWY-6797	7	1	1
ZellerG_2014	PWY-1042	10	197	197
ZellerG_2014	PWY-6609	4	332	332
ZellerG_2014	TRNA-CHARGING-PWY	21	181	181
ZellerG_2014	PWY-5686	6	338	338
ZellerG_2014	ILEUSYN-PWY	7	205	205
ZellerG_2014	PWY-7111	5	332	332
ZellerG_2014	VALSYN-PWY	4	335	335
ZellerG_2014	PWY-6386	8	310	310
ZellerG_2014	PEPTIDOGLYCANSYN-PWY	10	342	342
ZellerG_2014	PWY-6387	8	355	355
ZellerG_2014	PWY-6700	4	311	311
ZellerG_2014	COA-PWY-1	5	394	394
ZellerG_2014	PWY-6385	14	279	279
ZellerG_2014	PWY-7221	4	377	377
ZellerG_2014	PWY-6163	5	233	233
ZellerG_2014	ARGSYNBSUB-PWY	9	200	200
ZellerG_2014	ARGSYN-PWY	9	172	172
ZellerG_2014	PWY-7400	14	169	169
ZellerG_2014	PWY-6122	5	384	384
ZellerG_2014	PWY-6277	5	384	384
ZellerG_2014	ARO-PWY	7	166	166
ZellerG_2014	PWY-5667	4	227	227
ZellerG_2014	PWY0-1319	4	230	230
ZellerG_2014	PWY-6121	5	351	351
ZellerG_2014	PWY-3841	11	261	261
ZellerG_2014	DTDPRHAMSYN-PWY	4	299	299
ZellerG_2014	PWY-5097	7	245	245
ZellerG_2014	COMPLETE-ARO-PWY	17	134	134
ZellerG_2014	BRANCHED-CHAIN-AA-SYN-PWY	19	202	202
ZellerG_2014	PWY-6151	4	271	271
ZellerG_2014	CALVIN-PWY	13	107	107
ZellerG_2014	PWY-2942	8	258	258
ZellerG_2014	GLYCOGENSYNTH-PWY	4	128	128
ZellerG_2014	PWY-7229	8	117	117
ZellerG_2014	PWY-5103	7	206	206
ZellerG_2014	1CMET2-PWY	9	190	190
ZellerG_2014	GLUTORN-PWY	5	179	179
ZellerG_2014	PWY-6126	8	114	114
ZellerG_2014	COA-PWY	4	343	343
ZellerG_2014	PWY-7237	10	108	108
ZellerG_2014	PWY-724	10	97	97
ZellerG_2014	ANAGLYCOLYSIS-PWY	11	92	92
ZellerG_2014	PANTOSYN-PWY	9	152	152
ZellerG_2014	HISTSYN-PWY	11	210	210
ZellerG_2014	PWY-5695	4	188	188
ZellerG_2014	PWY-7220	4	232	232
ZellerG_2014	PWY-7222	4	232	232
ZellerG_2014	PWY-3001	13	104	104
ZellerG_2014	PANTO-PWY	4	187	187
ZellerG_2014	RIBOSYN2-PWY	9	206	206
ZellerG_2014	PWY-6168	9	108	108
ZellerG_2014	PWY-6123	6	226	226
ZellerG_2014	PWY-6317	5	101	101
ZellerG_2014	PWY-6527	7	100	100
ZellerG_2014	NONOXIPENT-PWY	5	164	164
ZellerG_2014	PWY-7357	6	124	124
ZellerG_2014	PWY-6124	5	229	229
ZellerG_2014	TRPSYN-PWY	7	130	130
ZellerG_2014	PYRIDNUCSYN-PWY	6	96	96
ZellerG_2014	THRESYN-PWY	6	142	142
ZellerG_2014	HSERMETANA-PWY	4	93	93
ZellerG_2014	PWY-6936	5	161	161
ZellerG_2014	SER-GLYSYN-PWY	4	164	164
ZellerG_2014	PWY0-1586	12	136	136
ZellerG_2014	PWY-5104	6	40	40
ZellerG_2014	PWY-6892	8	60	60
ZellerG_2014	NONMEVIPP-PWY	9	14	14
ZellerG_2014	GLUCONEO-PWY	13	20	20
ZellerG_2014	GLYCOLYSIS	12	35	35
ZellerG_2014	UDPNAGSYN-PWY	5	208	208
ZellerG_2014	PWY-5973	5	107	107
ZellerG_2014	COBALSYN-PWY	9	38	38
ZellerG_2014	PWY-6703	4	164	164
ZellerG_2014	MET-SAM-PWY	9	28	28
ZellerG_2014	PWY-5484	11	35	35
ZellerG_2014	THISYN-PWY	12	19	19
ZellerG_2014	PWY-5347	9	25	25
ZellerG_2014	METSYN-PWY	8	28	28
ZellerG_2014	PWY-6897	5	62	62
ZellerG_2014	THISYNARA-PWY	7	63	63
ZellerG_2014	PWY0-166	14	53	53
ZellerG_2014	PWY0-162	9	23	23
ZellerG_2014	PWY-5188	6	115	115
ZellerG_2014	PWY-1861	9	11	11
ZellerG_2014	METH-ACETATE-PWY	6	10	10
ZellerG_2014	DAPLYSINESYN-PWY	9	35	35
ZellerG_2014	PWY-6125	8	103	103
ZellerG_2014	PWY-7228	6	121	121
ZellerG_2014	PWY-6305	4	36	36
ZellerG_2014	PWY-6147	5	75	75
ZellerG_2014	PHOSLIPSYN-PWY	10	25	25
ZellerG_2014	PWY-5659	4	53	53
ZellerG_2014	CITRULBIO-PWY	8	15	15
ZellerG_2014	HOMOSER-METSYN-PWY	5	30	30
ZellerG_2014	HISDEG-PWY	4	106	106
ZellerG_2014	PWY-7184	9	56	56
ZellerG_2014	GLUCUROCAT-PWY	7	11	11
ZellerG_2014	PWY-4041	6	40	40
ZellerG_2014	PWY-6545	9	20	20
ZellerG_2014	GLYCOCAT-PWY	8	20	20
ZellerG_2014	PWY-7234	6	88	88
ZellerG_2014	PWY-4984	5	14	14
ZellerG_2014	PWY-5030	6	40	40
ZellerG_2014	GLCMANNANAUT-PWY	5	52	52
ZellerG_2014	P461-PWY	20	23	23
ZellerG_2014	PWY-5154	9	32	32
ZellerG_2014	RHAMCAT-PWY	5	63	63
ZellerG_2014	PWY4FS-7	6	34	34
ZellerG_2014	PWY4FS-8	6	32	32
ZellerG_2014	PWY-7282	10	26	26
ZellerG_2014	ARGININE-SYN4-PWY	4	47	47
ZellerG_2014	PWY0-1479	10	17	17
ZellerG_2014	SALVADEHYPOX-PWY	5	29	29
ZellerG_2014	PWY-2941	9	65	65
ZellerG_2014	PWYG-321	205	6	6
ZellerG_2014	PWY0-1061	6	36	36
ZellerG_2014	PWY-1269	5	57	57
ZellerG_2014	PWY-7664	14	37	37
ZellerG_2014	PWY-5384	4	31	31
ZellerG_2014	PWY0-862	6	41	41
ZellerG_2014	PWY-6282	9	37	37
ZellerG_2014	PWY-5989	6	33	33
ZellerG_2014	GLUCOSE1PMETAB-PWY	5	26	26
ZellerG_2014	P124-PWY	15	3	3
ZellerG_2014	FASYN-INITIAL-PWY	6	29	29
ZellerG_2014	PWY0-845	11	30	30
ZellerG_2014	PWY-7013	5	29	29
ZellerG_2014	LACTOSECAT-PWY	4	46	46
ZellerG_2014	GOLPDLCAT-PWY	4	18	18
ZellerG_2014	PYRIDOXSYN-PWY	7	44	44
ZellerG_2014	PWY-5941	6	5	5
ZellerG_2014	PWY0-1241	5	43	43
ZellerG_2014	NAGLIPASYN-PWY	6	31	31
ZellerG_2014	PWY0-1297	7	61	61
ZellerG_2014	PWY-7316	4	4	4
ZellerG_2014	PWY-6353	11	20	20
ZellerG_2014	PENTOSE-P-PWY	8	40	40
ZellerG_2014	PWY-6606	4	25	25
ZellerG_2014	PWY-5367	6	22	22
ZellerG_2014	BIOTIN-BIOSYNTHESIS-PWY	16	16	16
ZellerG_2014	PWY-6519	11	19	19
ZellerG_2014	PWY-7315	4	27	27
ZellerG_2014	OANTIGEN-PWY	10	76	76
ZellerG_2014	DENOVOPURINE2-PWY	27	23	23
ZellerG_2014	PWY-7187	7	28	28
ZellerG_2014	PWY66-409	17	20	20
ZellerG_2014	PWY-7323	6	10	10
ZellerG_2014	TEICHOICACID-PWY	12	9	9
ZellerG_2014	PWY-6891	7	21	21
ZellerG_2014	PPGPPMET-PWY	6	24	24
ZellerG_2014	FUCCAT-PWY	4	20	20
ZellerG_2014	FAO-PWY	7	19	19
ZellerG_2014	NAD-BIOSYNTHESIS-II	5	23	23
ZellerG_2014	PWY-5138	5	20	20
ZellerG_2014	P125-PWY	5	16	16
ZellerG_2014	PWY-6478	4	2	2
ZellerG_2014	PWY-7312	4	3	3
ZellerG_2014	PWY-5005	8	9	9
ZellerG_2014	ANAEROFRUCAT-PWY	14	20	20
ZellerG_2014	PWY-841	21	26	26
ZellerG_2014	PWY-5971	31	8	8
ZellerG_2014	PWY-6901	17	9	9
ZellerG_2014	COLANSYN-PWY	12	7	7
ZellerG_2014	PWY-6471	16	22	22
ZellerG_2014	HEXITOLDEGSUPER-PWY	19	10	10
ZellerG_2014	PWY0-1261	12	20	20
ZellerG_2014	PWY-6629	14	6	6
ZellerG_2014	PWY-6895	11	13	13
ZellerG_2014	ARG+POLYAMINE-SYN	17	7	7
ZellerG_2014	P441-PWY	21	12	12
ZellerG_2014	SULFATE-CYS-PWY	9	16	16
ZellerG_2014	PRPP-PWY	49	3	3
ZellerG_2014	GLYCOLYSIS-E-D	16	12	12
ZellerG_2014	PYRIDNUCSAL-PWY	7	7	7
ZellerG_2014	PWY-6628	10	9	9
ZellerG_2014	FERMENTATION-PWY	17	17	17
ZellerG_2014	TCA	11	13	13
ZellerG_2014	GLYCOLYSIS-TCA-GLYOX-BYPASS	26	11	11
ZellerG_2014	PWY-7117	14	19	19
ZellerG_2014	PWY-5913	9	26	26
ZellerG_2014	FUC-RHAMCAT-PWY	12	10	10
ZellerG_2014	PWY-5136	5	18	18
ZellerG_2014	POLYAMSYN-PWY	8	12	12
ZellerG_2014	GALACT-GLUCUROCAT-PWY	11	8	8
ZellerG_2014	PWY-5838	10	12	12
ZellerG_2014	SO4ASSIM-PWY	4	22	22
ZellerG_2014	PWY-5897	10	13	13
ZellerG_2014	PWY-5898	10	13	13
ZellerG_2014	PWY-5899	10	13	13
ZellerG_2014	POLYISOPRENSYN-PWY	6	12	12
ZellerG_2014	PWY0-781	25	7	7
ZellerG_2014	PWY-5723	10	14	14
ZellerG_2014	P4-PWY	18	14	14
ZellerG_2014	PWY-6630	10	6	6
ZellerG_2014	PWY-6285	53	8	8
ZellerG_2014	PWY-6969	10	4	4
ZellerG_2014	GALACTARDEG-PWY	4	17	17
ZellerG_2014	GLUCARGALACTSUPER-PWY	4	17	17
ZellerG_2014	PWY-5861	9	12	12
ZellerG_2014	PWY0-1298	6	34	34
ZellerG_2014	PWY-5690	10	4	4
ZellerG_2014	TCA-GLYOX-BYPASS	13	11	11
ZellerG_2014	PWY-6859	4	20	20
ZellerG_2014	PWY-5845	10	9	9
ZellerG_2014	ENTBACSYN-PWY	11	3	3
ZellerG_2014	PWY-7254	10	4	4
ZellerG_2014	PWY-5840	10	10	10
ZellerG_2014	PWY-5850	10	9	9
ZellerG_2014	PWY-5896	10	9	9
ZellerG_2014	P105-PWY	10	4	4
ZellerG_2014	KETOGLUCONMET-PWY	8	12	12
ZellerG_2014	PWY-7328	6	3	3
ZellerG_2014	PWY-5918	10	13	13
ZellerG_2014	PWY-561	15	4	4
ZellerG_2014	HEMESYN2-PWY	4	13	13
ZellerG_2014	METHGLYUT-PWY	8	2	2
ZellerG_2014	PWY-5675	4	11	11
ZellerG_2014	PWY-5862	9	9	9
ZellerG_2014	PWY-6284	20	12	12
ZellerG_2014	PWY-5860	9	9	9
ZellerG_2014	PWY-5189	4	26	26
ZellerG_2014	PWY-6588	5	8	8
ZellerG_2014	PWY-6803	4	17	17
ZellerG_2014	PWY-5863	16	12	12
ZellerG_2014	PWY-6531	5	6	6
ZellerG_2014	HEME-BIOSYNTHESIS-II	4	26	26
ZellerG_2014	PWY-5837	7	21	21
ZellerG_2014	PWY4LZ-257	9	7	7
ZellerG_2014	PWY0-1415	6	8	8
ZellerG_2014	PWY-4702	14	6	6
ZellerG_2014	FOLSYN-PWY	12	5	5
ZellerG_2014	GLUCARDEG-PWY	4	14	14
ZellerG_2014	PWY-7204	9	9	9
ZellerG_2014	P161-PWY	5	36	36
ZellerG_2014	PWY-5121	12	2	2
ZellerG_2014	PWY-5656	4	1	1
ZellerG_2014	PWY66-389	4	11	11
ZellerG_2014	PWY-5920	8	5	5
ZellerG_2014	PWY-6612	10	5	5
ZellerG_2014	PWY-7094	6	12	12
ZellerG_2014	AST-PWY	5	8	8
ZellerG_2014	PWY0-42	5	7	7
ZellerG_2014	PWY-6823	6	3	3
ZellerG_2014	PWY-7446	5	7	7
ZellerG_2014	PWY-5747	6	7	7
ZellerG_2014	P122-PWY	18	3	3
ZellerG_2014	PWY-5692	4	4	4
ZellerG_2014	URDEGR-PWY	4	4	4
ZellerG_2014	PWY-6572	8	1	1
ZellerG_2014	PWY-5705	4	5	5
ZellerG_2014	KDO-NAGLIPASYN-PWY	17	7	7
ZellerG_2014	GLYCOL-GLYOXDEG-PWY	4	7	7
ZellerG_2014	AEROBACTINSYN-PWY	4	1	1
ZellerG_2014	PWY0-1533	4	4	4
ZellerG_2014	UBISYN-PWY	13	12	12
ZellerG_2014	PWY-5855	8	17	17
ZellerG_2014	PWY-5856	8	17	17
ZellerG_2014	PWY-5857	8	17	17
ZellerG_2014	PWY-6708	8	17	17
ZellerG_2014	PWY0-41	8	4	4
ZellerG_2014	P221-PWY	5	5	5
ZellerG_2014	PWY-7371	5	12	12
ZellerG_2014	PWY-6876	5	2	2
ZellerG_2014	PWY1F-823	4	5	5
ZellerG_2014	PWY-7456	7	5	5
ZellerG_2014	P164-PWY	15	18	18
ZellerG_2014	PWY-6470	17	4	4
ZellerG_2014	PWY-6167	10	5	5
ZellerG_2014	P185-PWY	12	13	13
ZellerG_2014	PWY-5101	8	6	6
ZellerG_2014	PWY-6731	4	2	2
ZellerG_2014	PWY-5265	17	6	6
ZellerG_2014	METHANOGENESIS-PWY	6	5	5
ZellerG_2014	PWY-6349	6	5	5
ZellerG_2014	PWY-5198	6	6	6
ZellerG_2014	ORNDEG-PWY	9	10	10
ZellerG_2014	PWY-5910	10	2	2
ZellerG_2014	PWY-922	7	9	9
ZellerG_2014	ARGDEG-PWY	11	7	7
ZellerG_2014	ORNARGDEG-PWY	11	7	7
ZellerG_2014	PWY-7391	8	1	1
ZellerG_2014	PWY-6595	6	9	9
ZellerG_2014	PWY-7209	5	1	1
ZellerG_2014	PWY-6749	10	4	4
ZellerG_2014	PWY-7039	5	2	2
ZellerG_2014	ECASYN-PWY	10	14	14
ZellerG_2014	PWY-7269	5	6	6
ZellerG_2014	3-HYDROXYPHENYLACETATE-DEGRADATION-PWY	8	3	3
ZellerG_2014	PWY0-1338	6	17	17
ZellerG_2014	PWY0-1277	9	8	8
ZellerG_2014	HCAMHPDEG-PWY	5	9	9
ZellerG_2014	PWY-6690	5	9	9
ZellerG_2014	PWY-6837	5	12	12
ZellerG_2014	PWY0-881	17	1	1
ZellerG_2014	LPSSYN-PWY	26	2	2
ZellerG_2014	PWY-7385	9	1	1
ZellerG_2014	PWY-7198	7	24	24
ZellerG_2014	PWY-7031	6	4	4
ZellerG_2014	PWY-6953	5	4	4
ZellerG_2014	RUMP-PWY	6	2	2
ZellerG_2014	PWY-6071	12	2	2
ZellerG_2014	PWY0-321	10	2	2
ZellerG_2014	PWY-7210	8	11	11
ZellerG_2014	REDCITCYC	10	2	2
ZellerG_2014	PWY-6143	6	2	2
ZellerG_2014	P261-PWY	7	3	3
ZellerG_2014	PWY3DJ-35471	10	4	4
ZellerG_2014	PWY-7165	7	2	2
ZellerG_2014	PWY-5505	7	1	1
ZellerG_2014	P162-PWY	10	1	1
ZellerG_2014	P163-PWY	10	5	5
ZellerG_2014	PWY-5677	7	1	1
ZellerG_2014	PWY-622	10	3	3
ZellerG_2014	PWY-6396	9	3	3
ZellerG_2014	PWY-7211	18	7	7
ZellerG_2014	PWY-5022	7	2	2
ZellerG_2014	P42-PWY	7	1	1
ZellerG_2014	PWY-3781	4	13	13
ZellerG_2014	PWY-7279	4	9	9
ZellerG_2014	PWY-4321	5	4	4
ZellerG_2014	GLUDEG-I-PWY	4	5	5
ZellerG_2014	PWY-7003	16	2	2
ZellerG_2014	THREOCAT-PWY	19	3	3
ZellerG_2014	PROTOCATECHUATE-ORTHO-CLEAVAGE-PWY	4	5	5
ZellerG_2014	CATECHOL-ORTHO-CLEAVAGE-PWY	4	5	5
ZellerG_2014	PWY-5417	6	5	5
ZellerG_2014	PWY-5431	6	5	5
ZellerG_2014	PWY-6185	7	4	4
ZellerG_2014	PWY-5181	12	4	4
ZellerG_2014	P621-PWY	7	1	1
ZellerG_2014	P101-PWY	5	1	1
ZellerG_2014	PWY1G-0	6	3	3
ZellerG_2014	PWY-7332	20	1	1
ZellerG_2014	PWY-7090	5	2	2
ZellerG_2014	P108-PWY	7	4	4
ZellerG_2014	PWY-6270	10	1	1
ZellerG_2014	PWY-7560	9	2	2
ZellerG_2014	PWY-7115	11	3	3
ZellerG_2014	PWY-7118	4	1	1
ZellerG_2014	PWY-241	7	2	2
ZellerG_2014	PWY-6318	9	4	4
ZellerG_2014	PWY-5028	5	4	4
ZellerG_2014	PWY-5534	7	1	1
ZellerG_2014	P562-PWY	7	1	1
ZellerG_2014	ALLANTOINDEG-PWY	7	1	1
ZellerG_2014	PWY-6467	5	2	2
ZellerG_2014	PWY-7286	4	1	1
ZellerG_2014	PWY-6215	4	1	1
ZellerG_2014	PWY-7245	8	1	1
ZellerG_2014	PWY-7268	5	2	2
ZellerG_2014	PWY-6182	7	2	2
ZellerG_2014	URSIN-PWY	7	1	1
ZellerG_2014	PWY-7383	7	2	2
ZellerG_2014	PWY-181	9	1	1
ZellerG_2014	PWY66-399	12	1	1
ZellerG_2014	PWY-6590	9	1	1
ZellerG_2014	CENTFERM-PWY	7	1	1
ZellerG_2014	PWY-6138	5	1	1
ZellerG_2014	PWY-6350	10	1	1
