job,genome,antigen_class,cell_class,peak_threshold,typeB,n_query_regions,status,n_sets,size_min,size_max,r2_A,spearman_A,zero_A,verdict_A,r2_B,spearman_B,zero_B,verdict_B,rho_size_vs_logQ,rho_size_vs_fold
000b5579-acc7-4baf-9c77-6d4ab0b438dc,hg38,TFs and others,All cell types,50.0,rnd,1017.0,ok,22267,67.0,807639.0,0.4404,0.8552,2418.0,CONFOUNDED,0.5483,0.8574,3887.0,CONFOUNDED,-0.6057,0.4609
0015b573-c11f-4860-a675-e2c29384b718,hg38,TFs and others,All cell types,500.0,rnd,48000.0,ok,26767,1.0,83768.0,0.4663,0.9115,3735.0,CONFOUNDED,0.6011,0.9539,2316.0,CONFOUNDED,-0.8884,0.6159
00401d19-f0e9-4c58-b5d0-993d21971ea2,mm10,TFs and others,Gonad,50.0,bed,331.0,ok,399,64.0,53559.0,0.35,0.6343,227.0,PARTIALLY CONFOUNDED,0.2902,0.6018,1.0,PARTIALLY CONFOUNDED,-0.5806,0.5136
00480f72-c37c-47f4-be0a-5bc50ceaa194,hg38,TFs and others,All cell types,50.0,rnd,80.0,ok,22249,18.0,807639.0,0.2348,0.722,75.0,PARTIALLY CONFOUNDED,0.1718,0.2691,20919.0,NOT SIZE-DOMINATED,-0.717,0.3059
00520983-cdf6-4499-83d3-2bdeb167b01b,hg38,RNA polymerase,Blood,50.0,rnd,329.0,ok,860,297.0,94025.0,0.4476,0.7676,188.0,CONFOUNDED,0.7968,0.9351,235.0,CONFOUNDED,-0.702,0.3408
007ba088-5945-42f9-9c13-4378e3d3123a,,,,,,,TOO FEW SETS (<8),0,,,,,,,,,,,,
011b03c8-d133-417a-bd48-875a1126f7c6,hg38,TFs and others,All cell types,50.0,rnd,525.0,ok,31877,9.0,807639.0,0.345,0.85,2742.0,PARTIALLY CONFOUNDED,0.752,0.8638,19561.0,CONFOUNDED,-0.8335,-0.2125
0183d9f0-f016-44a9-90e9-6ac07867f0cc,mm10,Histone,Neural,50.0,bed,602.0,ok,3145,6.0,145418.0,0.6013,0.9587,914.0,CONFOUNDED,0.4993,0.9906,0.0,CONFOUNDED,-0.7799,0.6543
0186e43c-0a6e-4f88-b51a-61ee808be276,mm10,TFs and others,All cell types,50.0,rnd,15353.0,ok,21858,20.0,285009.0,0.4865,0.9465,215.0,CONFOUNDED,0.5794,0.9841,1193.0,CONFOUNDED,-0.8451,0.1799
01957b37-94fa-4879-9066-2acd799d1c8a,mm10,Histone,Gonad,50.0,bed,753.0,ok,1148,18.0,94035.0,0.7785,0.9421,413.0,CONFOUNDED,0.6637,0.9682,0.0,CONFOUNDED,-0.6374,0.5874
01c01ae4-1c1b-4ecb-8f1e-7fd61970c172,hg19,TFs and others,All cell types,50.0,rnd,230.0,ok,19054,5.0,796659.0,0.4081,0.7935,1314.0,CONFOUNDED,0.534,0.8118,4626.0,CONFOUNDED,-0.5229,0.3074
024833b9-8811-460a-86f4-67ec569c8e10,mm10,Bisulfite-Seq,Gonad,999.0,bed,593.0,ok,1570,8.0,384308.0,0.3295,0.6312,274.0,PARTIALLY CONFOUNDED,0.2238,0.3261,1.0,PARTIALLY CONFOUNDED,0.2849,0.5498
02910c63-0472-4c1a-9a9f-fe33d3b080fd,,,,,,,TOO FEW SETS (<8),0,,,,,,,,,,,,
02ba6c13-f6a7-477a-ade0-37fda399819b,hg38,Histone,Liver,50.0,rnd,31.0,ok,61,3925.0,327419.0,0.1576,0.26,7.0,NOT SIZE-DOMINATED,0.3594,0.3108,44.0,PARTIALLY CONFOUNDED,,0.3822
02cfcf63-0137-497b-85cb-6e82d6139439,hg19,ATAC-Seq,All cell types,50.0,bed,5000.0,ok,27815,35.0,317164.0,0.6491,0.9199,1802.0,CONFOUNDED,0.6556,0.941,223.0,CONFOUNDED,-0.3542,0.2624
03190117-c14b-4e47-95f4-94aa3b980317,hg38,TFs and others,All cell types,50.0,rnd,462.0,ok,21057,31.0,807639.0,0.3536,0.7158,6413.0,PARTIALLY CONFOUNDED,0.6216,0.8541,10058.0,CONFOUNDED,-0.3927,0.0929
03840b67-4f67-479b-8e3d-ecc91c92d8ad,hg38,Bisulfite-Seq,Blood,999.0,bed,265.0,ok,6348,1.0,451122.0,0.361,0.7998,399.0,PARTIALLY CONFOUNDED,0.3538,0.8838,1572.0,PARTIALLY CONFOUNDED,-0.3992,-0.4691
039dd7f4-2a24-4add-942e-19adbc080b11,hg38,Histone,Blood,100.0,bed,21444.0,ok,9097,2.0,156283.0,0.6388,0.9882,28.0,CONFOUNDED,0.6816,0.966,74.0,CONFOUNDED,0.1716,0.715
03bb638b-33ce-460f-81bc-d8ee07295e06,hg19,TFs and others,Blood,50.0,bed,1000.0,ok,7403,5.0,179825.0,0.4261,0.7845,3321.0,CONFOUNDED,0.4155,0.8835,0.0,CONFOUNDED,-0.7676,0.5934
03c660b5-9d6a-4d60-9fdd-78ecf2c02962,hg38,DNase-seq,Blood,50.0,rnd,2326.0,ok,817,96.0,223431.0,0.5543,0.9634,19.0,CONFOUNDED,0.6695,0.9907,23.0,CONFOUNDED,-0.8167,-0.0876
03ce5de5-27cf-40a2-b392-365841d20d46,hg38,TFs and others,Gonad,50.0,bed,90.0,ok,112,569.0,103269.0,0.4588,0.7892,26.0,CONFOUNDED,0.6071,0.8109,18.0,CONFOUNDED,,0.4012
03d8513f-168b-4902-a506-9486e2f709ed,hg38,TFs and others,Blood,50.0,bed,736.0,ok,5460,109.0,180689.0,0.5891,0.92,788.0,CONFOUNDED,0.597,0.9324,202.0,CONFOUNDED,-0.3855,0.226
03ee07d0-d22c-4d5f-8e45-0ea0ea7a24f7,mm10,TFs and others,Pluripotent stem cell,50.0,rnd,3405.0,ok,7321,8.0,285009.0,0.1973,0.4437,2.0,NOT SIZE-DOMINATED,0.6232,0.9758,2195.0,CONFOUNDED,0.5759,-0.9314
0407fa7e-898f-4a89-b4f4-68ffdedd528b,hg38,TFs and others,Pluripotent stem cell,50.0,rnd,2889.0,ok,2024,40.0,807639.0,0.3816,0.92,722.0,PARTIALLY CONFOUNDED,0.3926,0.972,364.0,PARTIALLY CONFOUNDED,,0.5508
04418d9b-5dcb-4593-ac79-d2f65b8b81e7,hg38,Histone,All cell types,50.0,rnd,239.0,ok,32916,19.0,529293.0,0.4919,0.9037,1857.0,CONFOUNDED,0.7339,0.9666,10254.0,CONFOUNDED,-0.8583,0.0179
045bb394-ffb3-4cea-9a65-c8208580cbcd,hg38,TFs and others,Liver,100.0,bed,123.0,ok,1316,171.0,102806.0,0.1868,0.2677,1266.0,NOT SIZE-DOMINATED,0.4572,0.8703,0.0,CONFOUNDED,-0.8579,0.2664
046e6f19-b238-453d-b2fb-758c50197788,hg38,TFs and others,All cell types,50.0,rnd,3003.0,ok,32610,1.0,807639.0,0.278,0.8169,4706.0,PARTIALLY CONFOUNDED,0.6327,0.9921,1714.0,CONFOUNDED,-0.776,0.361
04819184-fa92-47ed-a3a9-cc39ed930e05,hg38,TFs and others,Neural,50.0,rnd,102.0,ok,775,224.0,128027.0,,,775.0,NOT SIZE-DOMINATED,0.3973,0.5873,587.0,PARTIALLY CONFOUNDED,,
049789b4-3d61-4df2-b931-e2ffefe67c0c,hg38,Bisulfite-Seq,Blood,999.0,rnd,557.0,ok,7521,1.0,646491.0,0.535,0.8848,3482.0,CONFOUNDED,0.5595,0.8412,3803.0,CONFOUNDED,-0.7594,0.1986
049af925-2d7c-455d-a596-6136ed210ed8,hg38,TFs and others,All cell types,50.0,bed,1475.0,ok,26070,29.0,807639.0,0.4388,0.9102,1021.0,CONFOUNDED,0.4674,0.9322,2094.0,CONFOUNDED,-0.2059,-0.0296
04d612ec-03b5-4501-8be4-ff47222006e7,hg38,TFs and others,All cell types,50.0,rnd,1293.0,ok,21561,53.0,807639.0,0.3874,0.7766,1047.0,PARTIALLY CONFOUNDED,0.6165,0.9184,4274.0,CONFOUNDED,-0.4885,0.0731
04deb9c3-38d8-4c53-b4c0-2d77142baba5,hg38,TFs and others,Bone,100.0,rnd,2843.0,ok,858,8.0,91697.0,0.5685,0.7116,268.0,CONFOUNDED,0.7433,0.9396,397.0,CONFOUNDED,-0.2895,-0.1551
055ffcfe-0155-4fd1-bc9c-0a7fc836b533,,,,,,,TOO FEW SETS (<8),0,,,,,,,,,,,,
056f38a1-1182-4602-bc25-b22d04572376,hg38,Histone,Blood,50.0,rnd,80.0,ok,7286,75.0,529293.0,0.2064,0.7425,26.0,PARTIALLY CONFOUNDED,0.3673,0.7072,2834.0,PARTIALLY CONFOUNDED,-0.7071,-0.0763
057a9b98-292e-4041-a70b-b97aa1a96fc3,dm6,TFs and others,All cell types,50.0,rnd,993.0,ok,2372,39.0,40268.0,0.3778,0.766,270.0,PARTIALLY CONFOUNDED,0.6352,0.9037,42.0,CONFOUNDED,-0.6564,0.3223
0583d301-e593-4cbe-8e62-3f5358da29c1,hg38,TFs and others,Pluripotent stem cell,50.0,rnd,13235.0,ok,2114,6.0,807639.0,0.197,0.8328,95.0,NOT SIZE-DOMINATED,0.3409,0.9806,20.0,PARTIALLY CONFOUNDED,-0.7286,0.4557
05b7a4e7-9342-4825-9d13-daf18088afbc,mm10,TFs and others,All cell types,50.0,rnd,485.0,ok,9018,150.0,285009.0,0.0499,0.2156,4952.0,NOT SIZE-DOMINATED,0.5317,0.7475,1024.0,CONFOUNDED,-0.4177,0.3284
05e9aecd-b2bd-4560-900a-66690f9275cb,hg38,TFs and others,Neural,50.0,rnd,9827.0,ok,1540,39.0,128027.0,0.6295,0.9669,13.0,CONFOUNDED,0.6593,0.9759,177.0,CONFOUNDED,-0.5956,-0.4359
0620640c-a39e-42bd-8637-c4a00687692f,hg19,TFs and others,All cell types,100.0,rnd,150.0,ok,30847,4.0,329818.0,0.4944,0.9431,9586.0,CONFOUNDED,0.6242,0.9373,365.0,CONFOUNDED,-0.5421,0.6373
062aef2f-acb0-4a46-9407-78ee8170ebdf,hg38,TFs and others,All cell types,50.0,rnd,21.0,ok,1198,840.0,807639.0,0.0027,0.014,253.0,NOT SIZE-DOMINATED,0.0142,0.0953,901.0,NOT SIZE-DOMINATED,,0.2703
064cb768-2503-4a3c-bbb6-54b9f677dc49,mm10,TFs and others,Blood,200.0,rnd,16.0,ok,2833,63.0,107425.0,0.3383,0.6447,1228.0,PARTIALLY CONFOUNDED,0.32,0.2707,2761.0,PARTIALLY CONFOUNDED,-0.217,0.5096
0671b984-2255-4df3-ae67-de30a7a31a9e,hg38,Histone,Blood,50.0,rnd,240.0,ok,6058,145.0,529293.0,0.3261,0.8305,159.0,PARTIALLY CONFOUNDED,0.3287,0.5558,3077.0,PARTIALLY CONFOUNDED,-0.6307,0.2821
068d84e4-ec3f-4735-a748-c0ae32309b8a,hg38,TFs and others,All cell types,50.0,rnd,30395.0,ok,32441,1.0,807639.0,0.475,0.9003,9679.0,CONFOUNDED,0.585,0.9697,1031.0,CONFOUNDED,-0.7012,0.6127
06d44fa5-9ad6-44dc-8a3f-74dbc51f0bd0,hg38,TFs and others,Neural,100.0,rnd,102.0,ok,620,57.0,92145.0,,,620.0,NOT SIZE-DOMINATED,0.3476,0.6098,449.0,PARTIALLY CONFOUNDED,,
071aea92-5550-4017-abfa-6e3b14770e8f,hg38,Histone,All cell types,50.0,rnd,1000.0,ok,23406,57.0,529293.0,0.4971,0.8684,1662.0,CONFOUNDED,0.5341,0.8505,2356.0,CONFOUNDED,-0.6764,0.4498
08332177-f146-4879-ab5d-7d065b0be9d6,hg19,ATAC-Seq,Blood,100.0,rnd,100.0,ok,7848,127.0,115270.0,0.5447,0.9005,84.0,CONFOUNDED,0.4684,0.5997,6231.0,CONFOUNDED,-0.8679,0.4931
083f4603-7c3e-4fa7-baec-d9130703aecb,hg38,TFs and others,Bone,50.0,rnd,1000.0,ok,405,269.0,165321.0,0.455,0.7962,24.0,CONFOUNDED,0.6904,0.8507,108.0,CONFOUNDED,-0.6155,0.2423
085d186b-b9fa-409a-94df-50902f4f1083,hg38,TFs and others,All cell types,50.0,rnd,14479.0,ok,31979,3.0,807639.0,0.343,0.8767,824.0,PARTIALLY CONFOUNDED,0.5661,0.9784,1457.0,CONFOUNDED,-0.8175,0.354
085ffd8e-c18c-489e-a693-92b53698ef48,mm10,TFs and others,Blood,50.0,rnd,45768.0,ok,5636,34.0,214929.0,0.5495,0.9613,16.0,CONFOUNDED,0.5897,0.9962,62.0,CONFOUNDED,-0.8286,-0.1471
086b26ce-cd64-42b2-9026-116ac593dd81,hg19,ATAC-Seq,Cardiovascular,50.0,rnd,29.0,ok,249,4944.0,264844.0,0.0001,0.0292,110.0,NOT SIZE-DOMINATED,0.1699,0.4695,45.0,NOT SIZE-DOMINATED,,0.1162
08b2dabb-c378-4b06-b447-edb6f06fde84,hg38,TFs and others,All cell types,50.0,rnd,6255.0,ok,32615,1.0,807639.0,0.1914,0.7018,1.0,NOT SIZE-DOMINATED,0.6477,0.9792,2641.0,CONFOUNDED,-0.544,-0.8743
09278ad6-bf8a-440c-b727-037c4d77e1f1,hg19,TFs and others,All cell types,100.0,rnd,150.0,ok,32352,6.0,329818.0,0.4988,0.9388,11091.0,CONFOUNDED,0.5732,0.9644,6820.0,CONFOUNDED,-0.5517,0.3938
0940017d-bc1d-4caf-bfce-d2955660c2be,mm10,Histone,All cell types,50.0,rnd,893.0,ok,16847,113.0,284899.0,0.1161,0.4274,7127.0,NOT SIZE-DOMINATED,0.5839,0.8726,630.0,CONFOUNDED,-0.4554,0.3634
0a6203e7-0fb7-4010-8eff-48176d22f4c6,hg38,TFs and others,Neural,50.0,rnd,20077.0,ok,1569,17.0,128027.0,0.4836,0.9237,6.0,CONFOUNDED,0.6946,0.9693,8.0,CONFOUNDED,-0.8867,0.4359
0a7ea9c2-d32d-4dab-bc44-76c088bfaefd,hg38,TFs and others,Neural,100.0,rnd,85.0,ok,493,388.0,92145.0,,,493.0,NOT SIZE-DOMINATED,0.1689,0.2725,476.0,NOT SIZE-DOMINATED,,
0adebc66-be53-47fa-9301-554075be57ac,hg38,TFs and others,All cell types,50.0,rnd,801.0,ok,32614,1.0,807639.0,0.0051,0.1828,10.0,NOT SIZE-DOMINATED,0.7255,0.9197,15882.0,CONFOUNDED,-0.1091,-0.8293
0aeaff29-d399-4b99-a217-80ea19b65264,hg38,TFs and others,All cell types,50.0,rnd,12856.0,ok,32150,9.0,807639.0,0.5278,0.867,14364.0,CONFOUNDED,0.6111,0.9701,3946.0,CONFOUNDED,-0.6966,0.665
0bcc4a48-0f11-4bac-97c4-29157b5410ce,hg38,TFs and others,All cell types,50.0,rnd,195.0,ok,20331,41.0,807639.0,0.2953,0.662,1464.0,PARTIALLY CONFOUNDED,0.5213,0.7313,10784.0,CONFOUNDED,-0.567,0.388
0be920ad-f450-44dd-a926-734ed29b0efd,hg38,ATAC-Seq,Blood,50.0,bed,736.0,ok,9008,78.0,157312.0,0.6137,0.9437,184.0,CONFOUNDED,0.6124,0.9459,194.0,CONFOUNDED,-0.2744,-0.3428
0bffae67-2a21-4ab2-afb8-48dfc64e3489,,,,,,,TOO FEW SETS (<8),0,,,,,,,,,,,,
0c01606c-be17-4298-a45d-c085923e61e3,hg38,TFs and others,All cell types,50.0,rnd,3888.0,ok,32617,1.0,807639.0,0.1425,0.6236,1.0,NOT SIZE-DOMINATED,0.6472,0.9722,6382.0,CONFOUNDED,-0.4058,-0.8426
0c03c281-e2dc-4f3b-a52f-c28535cd5b61,hg38,TFs and others,All cell types,50.0,rnd,15.0,ok,15098,108.0,807639.0,0.1954,0.5385,1304.0,NOT SIZE-DOMINATED,0.0561,0.109,11625.0,NOT SIZE-DOMINATED,-0.419,0.6745
0c0caf32-8446-4017-931f-f94c26039ada,hg38,Histone,All cell types,50.0,rnd,84.0,ok,27359,34.0,529293.0,0.315,0.7795,2698.0,PARTIALLY CONFOUNDED,0.5486,0.9281,1066.0,CONFOUNDED,-0.6692,0.1855
0c17c307-b474-420e-b958-6a230117e7d8,mm10,TFs and others,Gonad,50.0,rnd,331.0,ok,241,259.0,53559.0,0.1835,0.4311,69.0,NOT SIZE-DOMINATED,0.3412,0.6284,56.0,PARTIALLY CONFOUNDED,-0.1378,0.4171
0c49a659-ca54-4366-adfa-0e7583fb52d5,hg38,TFs and others,All cell types,50.0,rnd,917.0,ok,25166,71.0,807639.0,0.3989,0.8889,3164.0,PARTIALLY CONFOUNDED,0.6889,0.9412,9459.0,CONFOUNDED,-0.8639,0.1032
0c7ca86a-94a4-43c3-9c59-20754d160b28,hg38,TFs and others,All cell types,50.0,rnd,893.0,ok,21535,39.0,807639.0,0.2407,0.6508,2409.0,PARTIALLY CONFOUNDED,0.5357,0.7557,6219.0,CONFOUNDED,-0.4467,0.4405
0ca756e9-d67b-4c34-95cf-b5dd0d7e689b,hg38,ATAC-Seq,All cell types,50.0,rnd,288.0,ok,9381,336.0,318281.0,,,9381.0,NOT SIZE-DOMINATED,0.1149,0.2974,0.0,NOT SIZE-DOMINATED,,
0cab47f7-ab5a-4c5a-8651-8627f46ac084,hg38,TFs and others,Blood,50.0,bed,951.0,ok,7378,8.0,180689.0,0.5307,0.8529,2793.0,CONFOUNDED,0.5312,0.9669,0.0,CONFOUNDED,-0.7568,0.6048
0ce504dd-62ca-43d4-af99-eee3343cd161,,,,,,,TOO FEW SETS (<8),0,,,,,,,,,,,,
0d2b627d-a103-4900-966f-c0a1acd0d72b,mm10,Bisulfite-Seq,Blood,999.0,rnd,15.0,ok,1461,8.0,521369.0,0.7356,0.8292,459.0,CONFOUNDED,0.4048,0.6214,137.0,CONFOUNDED,-0.0037,0.6375
0d410930-65cb-4788-a889-6b71f32e07e5,hg38,TFs and others,Bone,50.0,rnd,302.0,ok,849,23.0,165321.0,0.3905,0.7736,445.0,PARTIALLY CONFOUNDED,0.8266,0.8557,541.0,CONFOUNDED,-0.5056,-0.0632
0d4aa0f3-3efb-4103-b892-4ab54037a7e7,hg38,Histone,All cell types,50.0,rnd,109202.0,ok,35223,1.0,529293.0,0.5167,0.9428,8084.0,CONFOUNDED,0.5695,0.9637,293.0,CONFOUNDED,-0.6907,0.6937
0da269f7-5aa3-419c-901a-69610416d981,mm9,TFs and others,All cell types,50.0,rnd,23343.0,ok,22312,4.0,284953.0,0.3513,0.8103,0.0,PARTIALLY CONFOUNDED,0.6035,0.9861,768.0,CONFOUNDED,-0.5823,-0.8767
0e2fe2b8-7ace-4eef-b25a-58bb5a7471c8,hg38,TFs and others,All cell types,50.0,rnd,6.0,ok,56,6108.0,112239.0,,,56.0,NOT SIZE-DOMINATED,,,0.0,NOT SIZE-DOMINATED,,
0e49e446-b68f-4d66-b943-5be9022e7feb,hg38,TFs and others,All cell types,50.0,rnd,195.0,ok,24569,39.0,807639.0,0.34,0.6799,5702.0,PARTIALLY CONFOUNDED,0.7208,0.9115,11517.0,CONFOUNDED,-0.5825,0.1869
0ee86a64-160c-4043-9d94-194ec7ad6a61,hg38,TFs and others,All cell types,50.0,rnd,1189.0,ok,32616,1.0,807639.0,0.0124,0.2568,2.0,NOT SIZE-DOMINATED,0.7113,0.9345,15089.0,CONFOUNDED,-0.1569,-0.8572
0ef3cfb7-9b8f-499e-99a9-0fa3e2ec63e4,hg38,RNA polymerase,Pancreas,50.0,rnd,1556.0,ok,15,2258.0,29397.0,0.6822,0.8932,1.0,CONFOUNDED,0.7631,0.9304,1.0,CONFOUNDED,,0.3476
0efb0a2c-7564-4f4d-8b5c-67e3f1ae2bfa,hg19,TFs and others,All cell types,50.0,rnd,1589.0,ok,25538,11.0,796659.0,0.2374,0.7387,359.0,PARTIALLY CONFOUNDED,0.6207,0.8802,8639.0,CONFOUNDED,-0.7035,-0.0165
0f28edcf-c865-4bbb-8aed-f1f834959b69,hg38,TFs and others,Blood,50.0,bed,41.0,ok,3796,217.0,180689.0,0.4387,0.8,108.0,CONFOUNDED,0.3443,0.6638,1692.0,PARTIALLY CONFOUNDED,-0.0101,0.3904
0f43db18-7420-44a8-8967-7d0a8fcb7e91,,,,,,,TOO FEW SETS (<8),0,,,,,,,,,,,,
0f8ac3c9-73f3-4516-bb4d-46ef8e947ba7,hg38,Histone,All cell types,50.0,bed,753.0,ok,34397,4.0,529293.0,0.6705,0.9081,13730.0,CONFOUNDED,0.5783,0.9795,0.0,CONFOUNDED,,0.6625
0faef052-adea-455b-95c5-a75c06808cac,hg19,ATAC-Seq,Blood,50.0,bed,1327.0,ok,8894,119.0,159918.0,0.4977,0.8338,159.0,CONFOUNDED,0.5,0.8482,347.0,CONFOUNDED,-0.2674,-0.3375
0fbe9496-fe07-4f44-8374-a22aecf815b7,hg38,TFs and others,All cell types,50.0,rnd,217.0,ok,32575,1.0,807639.0,0.006,0.2046,7.0,NOT SIZE-DOMINATED,0.7474,0.8193,21549.0,CONFOUNDED,-0.109,-0.5866
0fbfe4f9-d918-401d-a420-b533ce29801e,hg38,TFs and others,All cell types,50.0,rnd,14.0,ok,3684,285.0,807639.0,0.0009,-0.0064,2252.0,NOT SIZE-DOMINATED,0.1801,0.0937,3673.0,NOT SIZE-DOMINATED,,0.1155
0fc3bd30-f847-480b-b360-0990b6b5d76c,mm10,TFs and others,Pluripotent stem cell,50.0,rnd,2141.0,ok,6076,44.0,285009.0,0.4728,0.8615,78.0,CONFOUNDED,0.6061,0.9148,1897.0,CONFOUNDED,-0.7847,0.4249
0fc628ad-507e-4a48-aeb7-c2eaeb4e342e,,,,,,,TOO FEW SETS (<8),0,,,,,,,,,,,,
0fc74243-dcb0-46e4-be3d-a8c282aa47d0,hg19,Histone,Epidermis,50.0,rnd,4732.0,ok,968,70.0,247735.0,0.5724,0.9144,15.0,CONFOUNDED,0.6292,0.9704,137.0,CONFOUNDED,-0.807,0.1725
0ffb0639-7a57-4b3c-a43c-b44590b54282,hg38,Histone,Blood,100.0,bed,265.0,ok,6151,25.0,156283.0,0.627,0.9148,1096.0,CONFOUNDED,0.6614,0.9556,22.0,CONFOUNDED,-0.5891,0.2869
101d35c7-7208-43bf-9a8d-4ac9e0907873,mm10,TFs and others,Pluripotent stem cell,50.0,rnd,618.0,ok,5728,54.0,285009.0,0.3535,0.8615,71.0,PARTIALLY CONFOUNDED,0.6074,0.8648,2132.0,CONFOUNDED,-0.8187,0.0086
10793916-cc97-43fe-8b13-d9f5be30e17f,hg38,Histone,All cell types,100.0,rnd,574.0,ok,29082,9.0,172836.0,0.35,0.5189,23399.0,PARTIALLY CONFOUNDED,0.7805,0.9038,13738.0,CONFOUNDED,,0.4068
110312eb-36d9-49db-996f-45733613bb8d,hg19,TFs and others,All cell types,100.0,rnd,150.0,ok,31972,2.0,329818.0,0.4978,0.9396,10711.0,CONFOUNDED,0.5942,0.9781,4767.0,CONFOUNDED,-0.6419,0.486
1119dc51-410e-45e0-93da-656edc7e4c86,mm10,ATAC-Seq,All cell types,50.0,rnd,819.0,ok,23521,4.0,195375.0,0.4571,0.7896,289.0,CONFOUNDED,0.6751,0.888,691.0,CONFOUNDED,-0.7172,0.2859
114aeed8-76e1-4708-8413-efdd903255d7,mm10,TFs and others,All cell types,50.0,bed,1742.0,ok,19575,17.0,285009.0,0.3828,0.8843,2979.0,PARTIALLY CONFOUNDED,0.3378,0.8709,29.0,PARTIALLY CONFOUNDED,-0.3286,0.3457
11629ff8-f68a-4e9f-97d4-dd338e6f12e8,hg19,TFs and others,All cell types,100.0,rnd,150.0,ok,32501,2.0,329818.0,0.4993,0.9385,11240.0,CONFOUNDED,0.591,0.9729,3643.0,CONFOUNDED,-0.6099,0.5617
