n_sets,agreement_raw,agreement_after_removing_size,pct_of_agreement_that_is_size,job_a,job_b
19177,0.6093,0.1744,71.4,000b5579-acc7-4baf-9c77-6d4ab0b438dc,00480f72-c37c-47f4-be0a-5bc50ceaa194
22260,0.7123,0.1712,76.0,000b5579-acc7-4baf-9c77-6d4ab0b438dc,011b03c8-d133-417a-bd48-875a1126f7c6
19215,0.664,0.2328,64.9,000b5579-acc7-4baf-9c77-6d4ab0b438dc,03190117-c14b-4e47-95f4-94aa3b980317
4887,0.7816,0.2486,68.2,000b5579-acc7-4baf-9c77-6d4ab0b438dc,03d8513f-168b-4902-a506-9486e2f709ed
1220,0.8609,0.1616,81.2,000b5579-acc7-4baf-9c77-6d4ab0b438dc,0407fa7e-898f-4a89-b4f4-68ffdedd528b
22267,0.5944,0.0116,98.1,000b5579-acc7-4baf-9c77-6d4ab0b438dc,046e6f19-b238-453d-b2fb-758c50197788
762,,,,000b5579-acc7-4baf-9c77-6d4ab0b438dc,04819184-fa92-47ed-a3a9-cc39ed930e05
21462,0.7902,0.09,88.6,000b5579-acc7-4baf-9c77-6d4ab0b438dc,049af925-2d7c-455d-a596-6136ed210ed8
19760,0.7725,0.426,44.9,000b5579-acc7-4baf-9c77-6d4ab0b438dc,04d612ec-03b5-4501-8be4-ff47222006e7
1221,0.7848,0.3888,50.5,000b5579-acc7-4baf-9c77-6d4ab0b438dc,0583d301-e593-4cbe-8e62-3f5358da29c1
1151,0.8574,0.0416,95.2,000b5579-acc7-4baf-9c77-6d4ab0b438dc,05e9aecd-b2bd-4560-900a-66690f9275cb
1194,-0.1056,-0.1477,-39.9,000b5579-acc7-4baf-9c77-6d4ab0b438dc,062aef2f-acb0-4a46-9407-78ee8170ebdf
22267,0.7824,0.122,84.4,000b5579-acc7-4baf-9c77-6d4ab0b438dc,068d84e4-ec3f-4735-a748-c0ae32309b8a
373,0.7963,0.4249,46.6,000b5579-acc7-4baf-9c77-6d4ab0b438dc,083f4603-7c3e-4fa7-baec-d9130703aecb
22259,0.7273,0.0892,87.7,000b5579-acc7-4baf-9c77-6d4ab0b438dc,085d186b-b9fa-409a-94df-50902f4f1083
22267,0.5581,0.1103,80.2,000b5579-acc7-4baf-9c77-6d4ab0b438dc,08b2dabb-c378-4b06-b447-edb6f06fde84
1152,0.8299,0.1795,78.4,000b5579-acc7-4baf-9c77-6d4ab0b438dc,0a6203e7-0fb7-4010-8eff-48176d22f4c6
22267,0.0473,-0.1371,-190.1,000b5579-acc7-4baf-9c77-6d4ab0b438dc,0adebc66-be53-47fa-9301-554075be57ac
22263,0.7656,0.1516,80.2,000b5579-acc7-4baf-9c77-6d4ab0b438dc,0aeaff29-d399-4b99-a217-80ea19b65264
18051,0.5581,0.0412,92.6,000b5579-acc7-4baf-9c77-6d4ab0b438dc,0bcc4a48-0f11-4bac-97c4-29157b5410ce
22267,0.4823,0.0658,86.4,000b5579-acc7-4baf-9c77-6d4ab0b438dc,0c01606c-be17-4298-a45d-c085923e61e3
14509,0.4901,0.1926,60.7,000b5579-acc7-4baf-9c77-6d4ab0b438dc,0c03c281-e2dc-4f3b-a52f-c28535cd5b61
21504,0.8558,0.4301,49.7,000b5579-acc7-4baf-9c77-6d4ab0b438dc,0c49a659-ca54-4366-adfa-0e7583fb52d5
19204,0.6206,0.3143,49.4,000b5579-acc7-4baf-9c77-6d4ab0b438dc,0c7ca86a-94a4-43c3-9c59-20754d160b28
5263,0.7929,0.461,41.9,000b5579-acc7-4baf-9c77-6d4ab0b438dc,0cab47f7-ab5a-4c5a-8651-8627f46ac084
516,0.7747,0.5798,25.2,000b5579-acc7-4baf-9c77-6d4ab0b438dc,0d410930-65cb-4788-a889-6b71f32e07e5
20777,0.5606,0.0027,99.5,000b5579-acc7-4baf-9c77-6d4ab0b438dc,0e49e446-b68f-4d66-b943-5be9022e7feb
22267,0.0883,-0.1055,-19.5,000b5579-acc7-4baf-9c77-6d4ab0b438dc,0ee86a64-160c-4043-9d94-194ec7ad6a61
3685,0.6023,0.0297,95.1,000b5579-acc7-4baf-9c77-6d4ab0b438dc,0f28edcf-c865-4bbb-8aed-f1f834959b69
22264,0.0226,-0.1615,-614.3,000b5579-acc7-4baf-9c77-6d4ab0b438dc,0fbe9496-fe07-4f44-8374-a22aecf815b7
3662,-0.0625,-0.0657,-5.1,000b5579-acc7-4baf-9c77-6d4ab0b438dc,0fbfe4f9-d918-401d-a420-b533ce29801e
396,0.5971,0.0561,90.6,00401d19-f0e9-4c58-b5d0-993d21971ea2,0186e43c-0a6e-4f88-b51a-61ee808be276
379,0.6124,0.3358,45.2,00401d19-f0e9-4c58-b5d0-993d21971ea2,114aeed8-76e1-4708-8413-efdd903255d7
22215,0.926,0.7915,14.5,00480f72-c37c-47f4-be0a-5bc50ceaa194,011b03c8-d133-417a-bd48-875a1126f7c6
18279,0.6724,0.4056,39.7,00480f72-c37c-47f4-be0a-5bc50ceaa194,03190117-c14b-4e47-95f4-94aa3b980317
4721,0.7687,0.3756,51.1,00480f72-c37c-47f4-be0a-5bc50ceaa194,03d8513f-168b-4902-a506-9486e2f709ed
1214,0.6895,0.0813,88.2,00480f72-c37c-47f4-be0a-5bc50ceaa194,0407fa7e-898f-4a89-b4f4-68ffdedd528b
22249,0.8946,0.6796,24.0,00480f72-c37c-47f4-be0a-5bc50ceaa194,046e6f19-b238-453d-b2fb-758c50197788
733,,,,00480f72-c37c-47f4-be0a-5bc50ceaa194,04819184-fa92-47ed-a3a9-cc39ed930e05
21252,0.8294,0.622,25.0,00480f72-c37c-47f4-be0a-5bc50ceaa194,049af925-2d7c-455d-a596-6136ed210ed8
19067,0.5354,0.1035,80.7,00480f72-c37c-47f4-be0a-5bc50ceaa194,04d612ec-03b5-4501-8be4-ff47222006e7
1221,0.8601,0.6246,27.4,00480f72-c37c-47f4-be0a-5bc50ceaa194,0583d301-e593-4cbe-8e62-3f5358da29c1
1143,0.73,0.1163,84.1,00480f72-c37c-47f4-be0a-5bc50ceaa194,05e9aecd-b2bd-4560-900a-66690f9275cb
1142,-0.0367,-0.0434,-18.3,00480f72-c37c-47f4-be0a-5bc50ceaa194,062aef2f-acb0-4a46-9407-78ee8170ebdf
22246,0.7502,0.3571,52.4,00480f72-c37c-47f4-be0a-5bc50ceaa194,068d84e4-ec3f-4735-a748-c0ae32309b8a
378,0.4007,0.0178,95.6,00480f72-c37c-47f4-be0a-5bc50ceaa194,083f4603-7c3e-4fa7-baec-d9130703aecb
22216,0.887,0.6506,26.7,00480f72-c37c-47f4-be0a-5bc50ceaa194,085d186b-b9fa-409a-94df-50902f4f1083
22249,0.4459,-0.0105,97.6,00480f72-c37c-47f4-be0a-5bc50ceaa194,08b2dabb-c378-4b06-b447-edb6f06fde84
1143,0.864,0.625,27.7,00480f72-c37c-47f4-be0a-5bc50ceaa194,0a6203e7-0fb7-4010-8eff-48176d22f4c6
22249,-0.0701,-0.1769,-152.4,00480f72-c37c-47f4-be0a-5bc50ceaa194,0adebc66-be53-47fa-9301-554075be57ac
22238,0.6852,0.197,71.3,00480f72-c37c-47f4-be0a-5bc50ceaa194,0aeaff29-d399-4b99-a217-80ea19b65264
17364,0.5943,0.2625,55.8,00480f72-c37c-47f4-be0a-5bc50ceaa194,0bcc4a48-0f11-4bac-97c4-29157b5410ce
22249,0.3445,-0.0784,77.2,00480f72-c37c-47f4-be0a-5bc50ceaa194,0c01606c-be17-4298-a45d-c085923e61e3
14261,0.6087,0.4265,29.9,00480f72-c37c-47f4-be0a-5bc50ceaa194,0c03c281-e2dc-4f3b-a52f-c28535cd5b61
20714,0.7718,0.4561,40.9,00480f72-c37c-47f4-be0a-5bc50ceaa194,0c49a659-ca54-4366-adfa-0e7583fb52d5
18545,0.395,-0.0223,94.4,00480f72-c37c-47f4-be0a-5bc50ceaa194,0c7ca86a-94a4-43c3-9c59-20754d160b28
5195,0.6448,0.0773,88.0,00480f72-c37c-47f4-be0a-5bc50ceaa194,0cab47f7-ab5a-4c5a-8651-8627f46ac084
548,0.6816,0.4173,38.8,00480f72-c37c-47f4-be0a-5bc50ceaa194,0d410930-65cb-4788-a889-6b71f32e07e5
19908,0.609,0.2523,58.6,00480f72-c37c-47f4-be0a-5bc50ceaa194,0e49e446-b68f-4d66-b943-5be9022e7feb
22249,-0.0302,-0.1744,-477.2,00480f72-c37c-47f4-be0a-5bc50ceaa194,0ee86a64-160c-4043-9d94-194ec7ad6a61
3627,0.5481,0.1037,81.1,00480f72-c37c-47f4-be0a-5bc50ceaa194,0f28edcf-c865-4bbb-8aed-f1f834959b69
22248,-0.0267,-0.1541,-477.9,00480f72-c37c-47f4-be0a-5bc50ceaa194,0fbe9496-fe07-4f44-8374-a22aecf815b7
3463,0.4141,0.3821,7.7,00480f72-c37c-47f4-be0a-5bc50ceaa194,0fbfe4f9-d918-401d-a420-b533ce29801e
21052,0.7638,0.4371,42.8,011b03c8-d133-417a-bd48-875a1126f7c6,03190117-c14b-4e47-95f4-94aa3b980317
5456,0.8567,0.4217,50.8,011b03c8-d133-417a-bd48-875a1126f7c6,03d8513f-168b-4902-a506-9486e2f709ed
2009,0.7904,0.2106,73.4,011b03c8-d133-417a-bd48-875a1126f7c6,0407fa7e-898f-4a89-b4f4-68ffdedd528b
31875,0.9355,0.7609,18.7,011b03c8-d133-417a-bd48-875a1126f7c6,046e6f19-b238-453d-b2fb-758c50197788
775,,,,011b03c8-d133-417a-bd48-875a1126f7c6,04819184-fa92-47ed-a3a9-cc39ed930e05
26019,0.9121,0.7436,18.5,011b03c8-d133-417a-bd48-875a1126f7c6,049af925-2d7c-455d-a596-6136ed210ed8
21537,0.6003,0.0396,93.4,011b03c8-d133-417a-bd48-875a1126f7c6,04d612ec-03b5-4501-8be4-ff47222006e7
2072,0.8877,0.6489,26.9,011b03c8-d133-417a-bd48-875a1126f7c6,0583d301-e593-4cbe-8e62-3f5358da29c1
1527,0.8568,0.226,73.6,011b03c8-d133-417a-bd48-875a1126f7c6,05e9aecd-b2bd-4560-900a-66690f9275cb
1198,-0.0591,-0.0764,-29.3,011b03c8-d133-417a-bd48-875a1126f7c6,062aef2f-acb0-4a46-9407-78ee8170ebdf
31827,0.8811,0.5725,35.0,011b03c8-d133-417a-bd48-875a1126f7c6,068d84e4-ec3f-4735-a748-c0ae32309b8a
405,0.5177,-0.1184,77.1,011b03c8-d133-417a-bd48-875a1126f7c6,083f4603-7c3e-4fa7-baec-d9130703aecb
31467,0.951,0.7839,17.6,011b03c8-d133-417a-bd48-875a1126f7c6,085d186b-b9fa-409a-94df-50902f4f1083
31877,0.5605,-0.1654,70.5,011b03c8-d133-417a-bd48-875a1126f7c6,08b2dabb-c378-4b06-b447-edb6f06fde84
1548,0.9454,0.7024,25.7,011b03c8-d133-417a-bd48-875a1126f7c6,0a6203e7-0fb7-4010-8eff-48176d22f4c6
31877,-0.0119,-0.307,-2486.4,011b03c8-d133-417a-bd48-875a1126f7c6,0adebc66-be53-47fa-9301-554075be57ac
31717,0.804,0.2777,65.5,011b03c8-d133-417a-bd48-875a1126f7c6,0aeaff29-d399-4b99-a217-80ea19b65264
20309,0.6978,0.3199,54.2,011b03c8-d133-417a-bd48-875a1126f7c6,0bcc4a48-0f11-4bac-97c4-29157b5410ce
31877,0.4452,-0.2702,39.3,011b03c8-d133-417a-bd48-875a1126f7c6,0c01606c-be17-4298-a45d-c085923e61e3
15095,0.6889,0.494,28.3,011b03c8-d133-417a-bd48-875a1126f7c6,0c03c281-e2dc-4f3b-a52f-c28535cd5b61
25151,0.8598,0.5073,41.0,011b03c8-d133-417a-bd48-875a1126f7c6,0c49a659-ca54-4366-adfa-0e7583fb52d5
21479,0.4377,-0.1265,71.1,011b03c8-d133-417a-bd48-875a1126f7c6,0c7ca86a-94a4-43c3-9c59-20754d160b28
7291,0.7955,0.1373,82.7,011b03c8-d133-417a-bd48-875a1126f7c6,0cab47f7-ab5a-4c5a-8651-8627f46ac084
848,0.7772,0.4025,48.2,011b03c8-d133-417a-bd48-875a1126f7c6,0d410930-65cb-4788-a889-6b71f32e07e5
24531,0.6975,0.3159,54.7,011b03c8-d133-417a-bd48-875a1126f7c6,0e49e446-b68f-4d66-b943-5be9022e7feb
31877,0.0576,-0.3068,-432.3,011b03c8-d133-417a-bd48-875a1126f7c6,0ee86a64-160c-4043-9d94-194ec7ad6a61
3796,0.6281,0.0845,86.5,011b03c8-d133-417a-bd48-875a1126f7c6,0f28edcf-c865-4bbb-8aed-f1f834959b69
31851,0.0348,-0.2594,-645.2,011b03c8-d133-417a-bd48-875a1126f7c6,0fbe9496-fe07-4f44-8374-a22aecf815b7
3684,0.4764,0.4481,5.9,011b03c8-d133-417a-bd48-875a1126f7c6,0fbfe4f9-d918-401d-a420-b533ce29801e
1645,0.4336,0.0104,97.6,0183d9f0-f016-44a9-90e9-6ac07867f0cc,0940017d-bc1d-4caf-bfce-d2955660c2be
7220,0.4003,-0.0647,83.8,0186e43c-0a6e-4f88-b51a-61ee808be276,03ee07d0-d22c-4d5f-8e45-0ea0ea7a24f7
9018,0.1759,0.0175,90.0,0186e43c-0a6e-4f88-b51a-61ee808be276,05b7a4e7-9342-4825-9d13-daf18088afbc
5565,0.9761,0.5686,41.7,0186e43c-0a6e-4f88-b51a-61ee808be276,085ffd8e-c18c-489e-a693-92b53698ef48
241,0.4254,0.0805,81.1,0186e43c-0a6e-4f88-b51a-61ee808be276,0c17c307-b474-420e-b958-6a230117e7d8
6063,0.8497,0.0665,92.2,0186e43c-0a6e-4f88-b51a-61ee808be276,0fc3bd30-f847-480b-b360-0990b6b5d76c
5721,0.8943,0.3855,56.9,0186e43c-0a6e-4f88-b51a-61ee808be276,101d35c7-7208-43bf-9a8d-4ac9e0907873
19495,0.9091,0.4866,46.5,0186e43c-0a6e-4f88-b51a-61ee808be276,114aeed8-76e1-4708-8413-efdd903255d7
714,0.726,0.221,69.6,01957b37-94fa-4879-9066-2acd799d1c8a,0940017d-bc1d-4caf-bfce-d2955660c2be
4576,0.7316,0.5006,31.6,01c01ae4-1c1b-4ecb-8f1e-7fd61970c172,03bb638b-33ce-460f-81bc-d8ee07295e06
18669,0.6983,0.3803,45.5,01c01ae4-1c1b-4ecb-8f1e-7fd61970c172,0efb0a2c-7564-4f4d-8b5c-67e3f1ae2bfa
249,-0.0748,-0.1446,-93.3,02cfcf63-0137-497b-85cb-6e82d6139439,086b26ce-cd64-42b2-9026-116ac593dd81
8865,0.9141,0.617,32.5,02cfcf63-0137-497b-85cb-6e82d6139439,0faef052-adea-455b-95c5-a75c06808cac
4781,0.8353,0.5686,31.9,03190117-c14b-4e47-95f4-94aa3b980317,03d8513f-168b-4902-a506-9486e2f709ed
1212,0.7047,0.1262,82.1,03190117-c14b-4e47-95f4-94aa3b980317,0407fa7e-898f-4a89-b4f4-68ffdedd528b
21057,0.7181,0.3382,52.9,03190117-c14b-4e47-95f4-94aa3b980317,046e6f19-b238-453d-b2fb-758c50197788
760,,,,03190117-c14b-4e47-95f4-94aa3b980317,04819184-fa92-47ed-a3a9-cc39ed930e05
20259,0.7644,0.3329,56.5,03190117-c14b-4e47-95f4-94aa3b980317,049af925-2d7c-455d-a596-6136ed210ed8
18975,0.558,0.1266,77.3,03190117-c14b-4e47-95f4-94aa3b980317,04d612ec-03b5-4501-8be4-ff47222006e7
1214,0.7264,0.2896,60.1,03190117-c14b-4e47-95f4-94aa3b980317,0583d301-e593-4cbe-8e62-3f5358da29c1
1093,0.7132,0.3343,53.1,03190117-c14b-4e47-95f4-94aa3b980317,05e9aecd-b2bd-4560-900a-66690f9275cb
1189,-0.0311,-0.0276,11.5,03190117-c14b-4e47-95f4-94aa3b980317,062aef2f-acb0-4a46-9407-78ee8170ebdf
21057,0.7525,0.332,55.9,03190117-c14b-4e47-95f4-94aa3b980317,068d84e4-ec3f-4735-a748-c0ae32309b8a
370,0.5405,-0.0155,97.1,03190117-c14b-4e47-95f4-94aa3b980317,083f4603-7c3e-4fa7-baec-d9130703aecb
21047,0.8027,0.4078,49.2,03190117-c14b-4e47-95f4-94aa3b980317,085d186b-b9fa-409a-94df-50902f4f1083
21057,0.4154,-0.0546,86.8,03190117-c14b-4e47-95f4-94aa3b980317,08b2dabb-c378-4b06-b447-edb6f06fde84
1095,0.7255,0.1894,73.9,03190117-c14b-4e47-95f4-94aa3b980317,0a6203e7-0fb7-4010-8eff-48176d22f4c6
21057,0.0067,-0.146,-2065.0,03190117-c14b-4e47-95f4-94aa3b980317,0adebc66-be53-47fa-9301-554075be57ac
21054,0.7081,0.3046,57.0,03190117-c14b-4e47-95f4-94aa3b980317,0aeaff29-d399-4b99-a217-80ea19b65264
17437,0.5998,0.3519,41.3,03190117-c14b-4e47-95f4-94aa3b980317,0bcc4a48-0f11-4bac-97c4-29157b5410ce
21057,0.3378,-0.0891,73.6,03190117-c14b-4e47-95f4-94aa3b980317,0c01606c-be17-4298-a45d-c085923e61e3
14203,0.6038,0.4189,30.6,03190117-c14b-4e47-95f4-94aa3b980317,0c03c281-e2dc-4f3b-a52f-c28535cd5b61
20278,0.6964,0.1892,72.8,03190117-c14b-4e47-95f4-94aa3b980317,0c49a659-ca54-4366-adfa-0e7583fb52d5
18300,0.3157,-0.1074,66.0,03190117-c14b-4e47-95f4-94aa3b980317,0c7ca86a-94a4-43c3-9c59-20754d160b28
5234,0.7867,0.5376,31.7,03190117-c14b-4e47-95f4-94aa3b980317,0cab47f7-ab5a-4c5a-8651-8627f46ac084
482,0.5674,0.2142,62.3,03190117-c14b-4e47-95f4-94aa3b980317,0d410930-65cb-4788-a889-6b71f32e07e5
19845,0.5944,0.3014,49.3,03190117-c14b-4e47-95f4-94aa3b980317,0e49e446-b68f-4d66-b943-5be9022e7feb
21057,0.0271,-0.1546,-470.5,03190117-c14b-4e47-95f4-94aa3b980317,0ee86a64-160c-4043-9d94-194ec7ad6a61
3656,0.5039,-0.0977,80.6,03190117-c14b-4e47-95f4-94aa3b980317,0f28edcf-c865-4bbb-8aed-f1f834959b69
21050,-0.0015,-0.1205,-8153.5,03190117-c14b-4e47-95f4-94aa3b980317,0fbe9496-fe07-4f44-8374-a22aecf815b7
3645,0.3544,0.3512,0.9,03190117-c14b-4e47-95f4-94aa3b980317,0fbfe4f9-d918-401d-a420-b533ce29801e
6151,0.904,0.001,99.9,039dd7f4-2a24-4add-942e-19adbc080b11,0ffb0639-7a57-4b3c-a43c-b44590b54282
7469,0.5531,0.1046,81.1,039dd7f4-2a24-4add-942e-19adbc080b11,10793916-cc97-43fe-8b13-d9f5be30e17f
6100,0.7793,0.401,48.5,03bb638b-33ce-460f-81bc-d8ee07295e06,0efb0a2c-7564-4f4d-8b5c-67e3f1ae2bfa
5460,0.7867,0.3163,59.8,03d8513f-168b-4902-a506-9486e2f709ed,046e6f19-b238-453d-b2fb-758c50197788
5359,0.912,0.3341,63.4,03d8513f-168b-4902-a506-9486e2f709ed,049af925-2d7c-455d-a596-6136ed210ed8
4759,0.8259,0.3028,63.3,03d8513f-168b-4902-a506-9486e2f709ed,04d612ec-03b5-4501-8be4-ff47222006e7
5460,0.8828,0.3041,65.6,03d8513f-168b-4902-a506-9486e2f709ed,068d84e4-ec3f-4735-a748-c0ae32309b8a
5459,0.9053,0.4601,49.2,03d8513f-168b-4902-a506-9486e2f709ed,085d186b-b9fa-409a-94df-50902f4f1083
5460,0.51,0.0092,98.2,03d8513f-168b-4902-a506-9486e2f709ed,08b2dabb-c378-4b06-b447-edb6f06fde84
5460,0.0254,-0.1379,-442.8,03d8513f-168b-4902-a506-9486e2f709ed,0adebc66-be53-47fa-9301-554075be57ac
5456,0.845,0.303,64.1,03d8513f-168b-4902-a506-9486e2f709ed,0aeaff29-d399-4b99-a217-80ea19b65264
4200,0.5596,0.2562,54.2,03d8513f-168b-4902-a506-9486e2f709ed,0bcc4a48-0f11-4bac-97c4-29157b5410ce
5460,0.4824,-0.0252,94.8,03d8513f-168b-4902-a506-9486e2f709ed,0c01606c-be17-4298-a45d-c085923e61e3
3732,0.6897,0.2796,59.5,03d8513f-168b-4902-a506-9486e2f709ed,0c03c281-e2dc-4f3b-a52f-c28535cd5b61
5193,0.904,0.3264,63.9,03d8513f-168b-4902-a506-9486e2f709ed,0c49a659-ca54-4366-adfa-0e7583fb52d5
4384,0.8181,0.2024,75.3,03d8513f-168b-4902-a506-9486e2f709ed,0c7ca86a-94a4-43c3-9c59-20754d160b28
5460,0.8222,0.4454,45.8,03d8513f-168b-4902-a506-9486e2f709ed,0cab47f7-ab5a-4c5a-8651-8627f46ac084
4969,0.5641,0.1941,65.6,03d8513f-168b-4902-a506-9486e2f709ed,0e49e446-b68f-4d66-b943-5be9022e7feb
5460,0.0596,-0.1304,-118.9,03d8513f-168b-4902-a506-9486e2f709ed,0ee86a64-160c-4043-9d94-194ec7ad6a61
3759,0.7259,-0.0122,98.3,03d8513f-168b-4902-a506-9486e2f709ed,0f28edcf-c865-4bbb-8aed-f1f834959b69
5460,-0.0034,-0.1668,-4867.5,03d8513f-168b-4902-a506-9486e2f709ed,0fbe9496-fe07-4f44-8374-a22aecf815b7
429,-0.2483,-0.0015,99.4,03d8513f-168b-4902-a506-9486e2f709ed,0fbfe4f9-d918-401d-a420-b533ce29801e
2701,0.2328,0.2447,-5.1,03ee07d0-d22c-4d5f-8e45-0ea0ea7a24f7,05b7a4e7-9342-4825-9d13-daf18088afbc
6076,0.2885,-0.1563,45.8,03ee07d0-d22c-4d5f-8e45-0ea0ea7a24f7,0fc3bd30-f847-480b-b360-0990b6b5d76c
5728,0.3752,-0.0885,76.4,03ee07d0-d22c-4d5f-8e45-0ea0ea7a24f7,101d35c7-7208-43bf-9a8d-4ac9e0907873
6491,0.3638,-0.0572,84.3,03ee07d0-d22c-4d5f-8e45-0ea0ea7a24f7,114aeed8-76e1-4708-8413-efdd903255d7
2024,0.7636,0.1309,82.9,0407fa7e-898f-4a89-b4f4-68ffdedd528b,046e6f19-b238-453d-b2fb-758c50197788
1544,0.8376,0.0599,92.8,0407fa7e-898f-4a89-b4f4-68ffdedd528b,049af925-2d7c-455d-a596-6136ed210ed8
1198,0.7645,0.1594,79.1,0407fa7e-898f-4a89-b4f4-68ffdedd528b,04d612ec-03b5-4501-8be4-ff47222006e7
2021,0.7965,0.0931,88.3,0407fa7e-898f-4a89-b4f4-68ffdedd528b,0583d301-e593-4cbe-8e62-3f5358da29c1
2021,0.8364,0.3012,64.0,0407fa7e-898f-4a89-b4f4-68ffdedd528b,068d84e4-ec3f-4735-a748-c0ae32309b8a
1988,0.8286,0.1537,81.5,0407fa7e-898f-4a89-b4f4-68ffdedd528b,085d186b-b9fa-409a-94df-50902f4f1083
2024,0.4732,-0.3481,26.4,0407fa7e-898f-4a89-b4f4-68ffdedd528b,08b2dabb-c378-4b06-b447-edb6f06fde84
2024,0.0432,-0.4021,-829.9,0407fa7e-898f-4a89-b4f4-68ffdedd528b,0adebc66-be53-47fa-9301-554075be57ac
2012,0.8265,0.4271,48.3,0407fa7e-898f-4a89-b4f4-68ffdedd528b,0aeaff29-d399-4b99-a217-80ea19b65264
987,0.6775,0.1111,83.6,0407fa7e-898f-4a89-b4f4-68ffdedd528b,0bcc4a48-0f11-4bac-97c4-29157b5410ce
2024,0.4137,-0.3504,15.3,0407fa7e-898f-4a89-b4f4-68ffdedd528b,0c01606c-be17-4298-a45d-c085923e61e3
698,0.5508,-0.1077,80.4,0407fa7e-898f-4a89-b4f4-68ffdedd528b,0c03c281-e2dc-4f3b-a52f-c28535cd5b61
1521,0.8637,0.2913,66.3,0407fa7e-898f-4a89-b4f4-68ffdedd528b,0c49a659-ca54-4366-adfa-0e7583fb52d5
1175,0.7723,0.3279,57.5,0407fa7e-898f-4a89-b4f4-68ffdedd528b,0c7ca86a-94a4-43c3-9c59-20754d160b28
1406,0.6855,0.2004,70.8,0407fa7e-898f-4a89-b4f4-68ffdedd528b,0e49e446-b68f-4d66-b943-5be9022e7feb
2024,0.0763,-0.4225,-453.5,0407fa7e-898f-4a89-b4f4-68ffdedd528b,0ee86a64-160c-4043-9d94-194ec7ad6a61
2022,0.0554,-0.41,-639.7,0407fa7e-898f-4a89-b4f4-68ffdedd528b,0fbe9496-fe07-4f44-8374-a22aecf815b7
7241,0.8676,0.6448,25.7,04418d9b-5dcb-4593-ac79-d2f65b8b81e7,056f38a1-1182-4602-bc25-b22d04572376
6052,0.9035,0.5219,42.2,04418d9b-5dcb-4593-ac79-d2f65b8b81e7,0671b984-2255-4df3-ae67-de30a7a31a9e
23320,0.758,0.0428,94.4,04418d9b-5dcb-4593-ac79-d2f65b8b81e7,071aea92-5550-4017-abfa-6e3b14770e8f
27138,0.8548,0.5343,37.5,04418d9b-5dcb-4593-ac79-d2f65b8b81e7,0c0caf32-8446-4017-931f-f94c26039ada
32916,0.9301,0.5362,42.4,04418d9b-5dcb-4593-ac79-d2f65b8b81e7,0d4aa0f3-3efb-4103-b892-4ab54037a7e7
32770,0.857,0.2523,70.6,04418d9b-5dcb-4593-ac79-d2f65b8b81e7,0f8ac3c9-73f3-4516-bb4d-46ef8e947ba7
775,,,,046e6f19-b238-453d-b2fb-758c50197788,04819184-fa92-47ed-a3a9-cc39ed930e05
26070,0.872,0.7246,16.9,046e6f19-b238-453d-b2fb-758c50197788,049af925-2d7c-455d-a596-6136ed210ed8
21561,0.4611,-0.1515,67.2,046e6f19-b238-453d-b2fb-758c50197788,04d612ec-03b5-4501-8be4-ff47222006e7
2114,0.9539,0.8848,7.2,046e6f19-b238-453d-b2fb-758c50197788,0583d301-e593-4cbe-8e62-3f5358da29c1
1540,0.819,0.1576,80.8,046e6f19-b238-453d-b2fb-758c50197788,05e9aecd-b2bd-4560-900a-66690f9275cb
1198,-0.0249,-0.0162,35.0,046e6f19-b238-453d-b2fb-758c50197788,062aef2f-acb0-4a46-9407-78ee8170ebdf
32438,0.8618,0.5124,40.5,046e6f19-b238-453d-b2fb-758c50197788,068d84e4-ec3f-4735-a748-c0ae32309b8a
405,0.3782,-0.2086,44.8,046e6f19-b238-453d-b2fb-758c50197788,083f4603-7c3e-4fa7-baec-d9130703aecb
31979,0.9727,0.937,3.7,046e6f19-b238-453d-b2fb-758c50197788,085d186b-b9fa-409a-94df-50902f4f1083
32604,0.5191,-0.2477,52.3,046e6f19-b238-453d-b2fb-758c50197788,08b2dabb-c378-4b06-b447-edb6f06fde84
1569,0.9352,0.806,13.8,046e6f19-b238-453d-b2fb-758c50197788,0a6203e7-0fb7-4010-8eff-48176d22f4c6
32603,0.0018,-0.2924,-15827.6,046e6f19-b238-453d-b2fb-758c50197788,0adebc66-be53-47fa-9301-554075be57ac
32148,0.7789,0.1631,79.1,046e6f19-b238-453d-b2fb-758c50197788,0aeaff29-d399-4b99-a217-80ea19b65264
20331,0.6603,0.2275,65.5,046e6f19-b238-453d-b2fb-758c50197788,0bcc4a48-0f11-4bac-97c4-29157b5410ce
32606,0.4137,-0.3159,23.6,046e6f19-b238-453d-b2fb-758c50197788,0c01606c-be17-4298-a45d-c085923e61e3
15098,0.6751,0.4992,26.0,046e6f19-b238-453d-b2fb-758c50197788,0c03c281-e2dc-4f3b-a52f-c28535cd5b61
25166,0.742,0.28,62.3,046e6f19-b238-453d-b2fb-758c50197788,0c49a659-ca54-4366-adfa-0e7583fb52d5
21535,0.3052,-0.2771,9.2,046e6f19-b238-453d-b2fb-758c50197788,0c7ca86a-94a4-43c3-9c59-20754d160b28
7377,0.7549,0.0122,98.4,046e6f19-b238-453d-b2fb-758c50197788,0cab47f7-ab5a-4c5a-8651-8627f46ac084
849,0.7403,0.217,70.7,046e6f19-b238-453d-b2fb-758c50197788,0d410930-65cb-4788-a889-6b71f32e07e5
24569,0.6633,0.2296,65.4,046e6f19-b238-453d-b2fb-758c50197788,0e49e446-b68f-4d66-b943-5be9022e7feb
32605,0.0695,-0.2869,-312.5,046e6f19-b238-453d-b2fb-758c50197788,0ee86a64-160c-4043-9d94-194ec7ad6a61
3796,0.5222,0.0119,97.7,046e6f19-b238-453d-b2fb-758c50197788,0f28edcf-c865-4bbb-8aed-f1f834959b69
32569,0.0431,-0.2584,-499.3,046e6f19-b238-453d-b2fb-758c50197788,0fbe9496-fe07-4f44-8374-a22aecf815b7
3684,0.5221,0.4921,5.7,046e6f19-b238-453d-b2fb-758c50197788,0fbfe4f9-d918-401d-a420-b533ce29801e
756,,,,04819184-fa92-47ed-a3a9-cc39ed930e05,049af925-2d7c-455d-a596-6136ed210ed8
743,,,,04819184-fa92-47ed-a3a9-cc39ed930e05,04d612ec-03b5-4501-8be4-ff47222006e7
774,,,,04819184-fa92-47ed-a3a9-cc39ed930e05,05e9aecd-b2bd-4560-900a-66690f9275cb
775,,,,04819184-fa92-47ed-a3a9-cc39ed930e05,068d84e4-ec3f-4735-a748-c0ae32309b8a
775,,,,04819184-fa92-47ed-a3a9-cc39ed930e05,085d186b-b9fa-409a-94df-50902f4f1083
775,,,,04819184-fa92-47ed-a3a9-cc39ed930e05,08b2dabb-c378-4b06-b447-edb6f06fde84
775,,,,04819184-fa92-47ed-a3a9-cc39ed930e05,0a6203e7-0fb7-4010-8eff-48176d22f4c6
775,,,,04819184-fa92-47ed-a3a9-cc39ed930e05,0adebc66-be53-47fa-9301-554075be57ac
775,,,,04819184-fa92-47ed-a3a9-cc39ed930e05,0aeaff29-d399-4b99-a217-80ea19b65264
735,,,,04819184-fa92-47ed-a3a9-cc39ed930e05,0bcc4a48-0f11-4bac-97c4-29157b5410ce
775,,,,04819184-fa92-47ed-a3a9-cc39ed930e05,0c01606c-be17-4298-a45d-c085923e61e3
629,,,,04819184-fa92-47ed-a3a9-cc39ed930e05,0c03c281-e2dc-4f3b-a52f-c28535cd5b61
766,,,,04819184-fa92-47ed-a3a9-cc39ed930e05,0c49a659-ca54-4366-adfa-0e7583fb52d5
737,,,,04819184-fa92-47ed-a3a9-cc39ed930e05,0c7ca86a-94a4-43c3-9c59-20754d160b28
762,,,,04819184-fa92-47ed-a3a9-cc39ed930e05,0e49e446-b68f-4d66-b943-5be9022e7feb
775,,,,04819184-fa92-47ed-a3a9-cc39ed930e05,0ee86a64-160c-4043-9d94-194ec7ad6a61
775,,,,04819184-fa92-47ed-a3a9-cc39ed930e05,0fbe9496-fe07-4f44-8374-a22aecf815b7
21130,0.6786,-0.0819,87.9,049af925-2d7c-455d-a596-6136ed210ed8,04d612ec-03b5-4501-8be4-ff47222006e7
1554,0.8746,0.6556,25.0,049af925-2d7c-455d-a596-6136ed210ed8,0583d301-e593-4cbe-8e62-3f5358da29c1
1296,0.9334,0.1805,80.7,049af925-2d7c-455d-a596-6136ed210ed8,05e9aecd-b2bd-4560-900a-66690f9275cb
1198,-0.0375,-0.0901,-140.3,049af925-2d7c-455d-a596-6136ed210ed8,062aef2f-acb0-4a46-9407-78ee8170ebdf
26066,0.9204,0.583,36.7,049af925-2d7c-455d-a596-6136ed210ed8,068d84e4-ec3f-4735-a748-c0ae32309b8a
397,0.6904,-0.0655,90.5,049af925-2d7c-455d-a596-6136ed210ed8,083f4603-7c3e-4fa7-baec-d9130703aecb
26039,0.9296,0.7234,22.2,049af925-2d7c-455d-a596-6136ed210ed8,085d186b-b9fa-409a-94df-50902f4f1083
26070,0.5416,-0.1367,74.8,049af925-2d7c-455d-a596-6136ed210ed8,08b2dabb-c378-4b06-b447-edb6f06fde84
1298,0.9498,0.6484,31.7,049af925-2d7c-455d-a596-6136ed210ed8,0a6203e7-0fb7-4010-8eff-48176d22f4c6
26070,0.0171,-0.1999,-1068.4,049af925-2d7c-455d-a596-6136ed210ed8,0adebc66-be53-47fa-9301-554075be57ac
26035,0.8457,0.2502,70.4,049af925-2d7c-455d-a596-6136ed210ed8,0aeaff29-d399-4b99-a217-80ea19b65264
19290,0.7123,0.2621,63.2,049af925-2d7c-455d-a596-6136ed210ed8,0bcc4a48-0f11-4bac-97c4-29157b5410ce
26070,0.4332,-0.2412,44.3,049af925-2d7c-455d-a596-6136ed210ed8,0c01606c-be17-4298-a45d-c085923e61e3
14948,0.6706,0.4449,33.7,049af925-2d7c-455d-a596-6136ed210ed8,0c03c281-e2dc-4f3b-a52f-c28535cd5b61
23646,0.862,0.2927,66.0,049af925-2d7c-455d-a596-6136ed210ed8,0c49a659-ca54-4366-adfa-0e7583fb52d5
20501,0.4964,-0.1947,60.8,049af925-2d7c-455d-a596-6136ed210ed8,0c7ca86a-94a4-43c3-9c59-20754d160b28
6144,0.7714,-0.0056,99.3,049af925-2d7c-455d-a596-6136ed210ed8,0cab47f7-ab5a-4c5a-8651-8627f46ac084
601,0.6556,0.1253,80.9,049af925-2d7c-455d-a596-6136ed210ed8,0d410930-65cb-4788-a889-6b71f32e07e5
22722,0.7123,0.2453,65.6,049af925-2d7c-455d-a596-6136ed210ed8,0e49e446-b68f-4d66-b943-5be9022e7feb
26070,0.0543,-0.2293,-322.0,049af925-2d7c-455d-a596-6136ed210ed8,0ee86a64-160c-4043-9d94-194ec7ad6a61
3787,0.8024,0.1595,80.1,049af925-2d7c-455d-a596-6136ed210ed8,0f28edcf-c865-4bbb-8aed-f1f834959b69
26050,0.0449,-0.1577,-251.5,049af925-2d7c-455d-a596-6136ed210ed8,0fbe9496-fe07-4f44-8374-a22aecf815b7
3677,0.2476,0.428,-72.8,049af925-2d7c-455d-a596-6136ed210ed8,0fbfe4f9-d918-401d-a420-b533ce29801e
1198,0.5549,-0.0423,92.4,04d612ec-03b5-4501-8be4-ff47222006e7,0583d301-e593-4cbe-8e62-3f5358da29c1
1075,0.7847,0.0514,93.4,04d612ec-03b5-4501-8be4-ff47222006e7,05e9aecd-b2bd-4560-900a-66690f9275cb
1193,0.0442,0.0501,-13.5,04d612ec-03b5-4501-8be4-ff47222006e7,062aef2f-acb0-4a46-9407-78ee8170ebdf
21561,0.6308,-0.1398,77.8,04d612ec-03b5-4501-8be4-ff47222006e7,068d84e4-ec3f-4735-a748-c0ae32309b8a
381,0.6228,0.3888,37.6,04d612ec-03b5-4501-8be4-ff47222006e7,083f4603-7c3e-4fa7-baec-d9130703aecb
21557,0.5656,-0.1634,71.1,04d612ec-03b5-4501-8be4-ff47222006e7,085d186b-b9fa-409a-94df-50902f4f1083
21561,0.6399,0.3789,40.8,04d612ec-03b5-4501-8be4-ff47222006e7,08b2dabb-c378-4b06-b447-edb6f06fde84
1076,0.7444,0.1096,85.3,04d612ec-03b5-4501-8be4-ff47222006e7,0a6203e7-0fb7-4010-8eff-48176d22f4c6
21561,0.061,-0.0606,0.6,04d612ec-03b5-4501-8be4-ff47222006e7,0adebc66-be53-47fa-9301-554075be57ac
21557,0.6226,-0.0699,88.8,04d612ec-03b5-4501-8be4-ff47222006e7,0aeaff29-d399-4b99-a217-80ea19b65264
17598,0.4377,-0.0778,82.2,04d612ec-03b5-4501-8be4-ff47222006e7,0bcc4a48-0f11-4bac-97c4-29157b5410ce
21561,0.5739,0.3574,37.7,04d612ec-03b5-4501-8be4-ff47222006e7,0c01606c-be17-4298-a45d-c085923e61e3
14399,0.3969,0.0639,83.9,04d612ec-03b5-4501-8be4-ff47222006e7,0c03c281-e2dc-4f3b-a52f-c28535cd5b61
20956,0.8475,0.5677,33.0,04d612ec-03b5-4501-8be4-ff47222006e7,0c49a659-ca54-4366-adfa-0e7583fb52d5
19154,0.7096,0.5809,18.1,04d612ec-03b5-4501-8be4-ff47222006e7,0c7ca86a-94a4-43c3-9c59-20754d160b28
4996,0.7878,0.482,38.8,04d612ec-03b5-4501-8be4-ff47222006e7,0cab47f7-ab5a-4c5a-8651-8627f46ac084
488,0.6538,0.5773,11.7,04d612ec-03b5-4501-8be4-ff47222006e7,0d410930-65cb-4788-a889-6b71f32e07e5
20181,0.4908,-0.0606,87.7,04d612ec-03b5-4501-8be4-ff47222006e7,0e49e446-b68f-4d66-b943-5be9022e7feb
21561,0.1393,0.0246,82.4,04d612ec-03b5-4501-8be4-ff47222006e7,0ee86a64-160c-4043-9d94-194ec7ad6a61
3671,0.5659,-0.1112,80.4,04d612ec-03b5-4501-8be4-ff47222006e7,0f28edcf-c865-4bbb-8aed-f1f834959b69
21553,0.047,-0.0822,-75.1,04d612ec-03b5-4501-8be4-ff47222006e7,0fbe9496-fe07-4f44-8374-a22aecf815b7
3666,-0.0975,-0.1218,-25.0,04d612ec-03b5-4501-8be4-ff47222006e7,0fbfe4f9-d918-401d-a420-b533ce29801e
5924,0.7247,0.3511,51.6,056f38a1-1182-4602-bc25-b22d04572376,0671b984-2255-4df3-ae67-de30a7a31a9e
6275,0.6484,-0.0046,99.3,056f38a1-1182-4602-bc25-b22d04572376,071aea92-5550-4017-abfa-6e3b14770e8f
6881,0.9214,0.7108,22.9,056f38a1-1182-4602-bc25-b22d04572376,0c0caf32-8446-4017-931f-f94c26039ada
7286,0.8095,0.3839,52.6,056f38a1-1182-4602-bc25-b22d04572376,0d4aa0f3-3efb-4103-b892-4ab54037a7e7
7274,0.6852,-0.0201,97.1,056f38a1-1182-4602-bc25-b22d04572376,0f8ac3c9-73f3-4516-bb4d-46ef8e947ba7
2100,0.8771,0.5573,36.5,0583d301-e593-4cbe-8e62-3f5358da29c1,068d84e4-ec3f-4735-a748-c0ae32309b8a
2049,0.97,0.9187,5.3,0583d301-e593-4cbe-8e62-3f5358da29c1,085d186b-b9fa-409a-94df-50902f4f1083
2114,0.4197,-0.3327,20.7,0583d301-e593-4cbe-8e62-3f5358da29c1,08b2dabb-c378-4b06-b447-edb6f06fde84
2113,0.0187,-0.4015,-2041.7,0583d301-e593-4cbe-8e62-3f5358da29c1,0adebc66-be53-47fa-9301-554075be57ac
2081,0.7831,0.1941,75.2,0583d301-e593-4cbe-8e62-3f5358da29c1,0aeaff29-d399-4b99-a217-80ea19b65264
989,0.6636,0.1735,73.9,0583d301-e593-4cbe-8e62-3f5358da29c1,0bcc4a48-0f11-4bac-97c4-29157b5410ce
2114,0.3418,-0.3967,-16.0,0583d301-e593-4cbe-8e62-3f5358da29c1,0c01606c-be17-4298-a45d-c085923e61e3
698,0.782,0.6227,20.4,0583d301-e593-4cbe-8e62-3f5358da29c1,0c03c281-e2dc-4f3b-a52f-c28535cd5b61
1528,0.8282,0.4058,51.0,0583d301-e593-4cbe-8e62-3f5358da29c1,0c49a659-ca54-4366-adfa-0e7583fb52d5
1179,0.4668,-0.2992,35.9,0583d301-e593-4cbe-8e62-3f5358da29c1,0c7ca86a-94a4-43c3-9c59-20754d160b28
1408,0.6485,0.1766,72.8,0583d301-e593-4cbe-8e62-3f5358da29c1,0e49e446-b68f-4d66-b943-5be9022e7feb
2113,0.0541,-0.3975,-634.4,0583d301-e593-4cbe-8e62-3f5358da29c1,0ee86a64-160c-4043-9d94-194ec7ad6a61
2111,0.0357,-0.4049,-1035.1,0583d301-e593-4cbe-8e62-3f5358da29c1,0fbe9496-fe07-4f44-8374-a22aecf815b7
2768,0.3973,0.1531,61.5,05b7a4e7-9342-4825-9d13-daf18088afbc,085ffd8e-c18c-489e-a693-92b53698ef48
2657,-0.0195,-0.2291,-1077.7,05b7a4e7-9342-4825-9d13-daf18088afbc,0fc3bd30-f847-480b-b360-0990b6b5d76c
2667,0.2338,0.1287,44.9,05b7a4e7-9342-4825-9d13-daf18088afbc,101d35c7-7208-43bf-9a8d-4ac9e0907873
9013,0.2148,0.0569,73.5,05b7a4e7-9342-4825-9d13-daf18088afbc,114aeed8-76e1-4708-8413-efdd903255d7
1540,0.8968,0.1981,77.9,05e9aecd-b2bd-4560-900a-66690f9275cb,068d84e4-ec3f-4735-a748-c0ae32309b8a
1531,0.8869,0.1703,80.8,05e9aecd-b2bd-4560-900a-66690f9275cb,085d186b-b9fa-409a-94df-50902f4f1083
1539,0.6481,0.1043,83.9,05e9aecd-b2bd-4560-900a-66690f9275cb,08b2dabb-c378-4b06-b447-edb6f06fde84
1540,0.9181,0.1669,81.8,05e9aecd-b2bd-4560-900a-66690f9275cb,0a6203e7-0fb7-4010-8eff-48176d22f4c6
1539,0.1515,-0.0451,70.2,05e9aecd-b2bd-4560-900a-66690f9275cb,0adebc66-be53-47fa-9301-554075be57ac
1533,0.8507,0.1247,85.3,05e9aecd-b2bd-4560-900a-66690f9275cb,0aeaff29-d399-4b99-a217-80ea19b65264
1056,0.7353,0.1333,81.9,05e9aecd-b2bd-4560-900a-66690f9275cb,0bcc4a48-0f11-4bac-97c4-29157b5410ce
1540,0.5986,0.0662,88.9,05e9aecd-b2bd-4560-900a-66690f9275cb,0c01606c-be17-4298-a45d-c085923e61e3
782,0.5814,0.2809,51.7,05e9aecd-b2bd-4560-900a-66690f9275cb,0c03c281-e2dc-4f3b-a52f-c28535cd5b61
1250,0.888,0.0149,98.3,05e9aecd-b2bd-4560-900a-66690f9275cb,0c49a659-ca54-4366-adfa-0e7583fb52d5
1062,0.8339,-0.082,90.2,05e9aecd-b2bd-4560-900a-66690f9275cb,0c7ca86a-94a4-43c3-9c59-20754d160b28
1245,0.7578,0.1048,86.2,05e9aecd-b2bd-4560-900a-66690f9275cb,0e49e446-b68f-4d66-b943-5be9022e7feb
1540,0.193,-0.0025,98.7,05e9aecd-b2bd-4560-900a-66690f9275cb,0ee86a64-160c-4043-9d94-194ec7ad6a61
1538,0.1638,-0.0383,76.6,05e9aecd-b2bd-4560-900a-66690f9275cb,0fbe9496-fe07-4f44-8374-a22aecf815b7
1198,0.0346,0.0367,-6.1,062aef2f-acb0-4a46-9407-78ee8170ebdf,068d84e4-ec3f-4735-a748-c0ae32309b8a
1198,-0.0643,-0.0853,-32.7,062aef2f-acb0-4a46-9407-78ee8170ebdf,085d186b-b9fa-409a-94df-50902f4f1083
1198,0.191,0.1071,43.9,062aef2f-acb0-4a46-9407-78ee8170ebdf,08b2dabb-c378-4b06-b447-edb6f06fde84
1198,-0.0183,-0.0473,-158.3,062aef2f-acb0-4a46-9407-78ee8170ebdf,0adebc66-be53-47fa-9301-554075be57ac
1198,0.1272,0.1629,-28.1,062aef2f-acb0-4a46-9407-78ee8170ebdf,0aeaff29-d399-4b99-a217-80ea19b65264
1173,-0.0307,-0.0004,98.8,062aef2f-acb0-4a46-9407-78ee8170ebdf,0bcc4a48-0f11-4bac-97c4-29157b5410ce
1198,0.3023,0.1986,34.3,062aef2f-acb0-4a46-9407-78ee8170ebdf,0c01606c-be17-4298-a45d-c085923e61e3
955,-0.2832,-0.2601,8.1,062aef2f-acb0-4a46-9407-78ee8170ebdf,0c03c281-e2dc-4f3b-a52f-c28535cd5b61
1198,-0.0263,-0.0512,-94.8,062aef2f-acb0-4a46-9407-78ee8170ebdf,0c49a659-ca54-4366-adfa-0e7583fb52d5
1191,0.2285,0.1185,48.1,062aef2f-acb0-4a46-9407-78ee8170ebdf,0c7ca86a-94a4-43c3-9c59-20754d160b28
1196,-0.0116,-0.064,-452.0,062aef2f-acb0-4a46-9407-78ee8170ebdf,0e49e446-b68f-4d66-b943-5be9022e7feb
1198,0.1313,0.0868,33.9,062aef2f-acb0-4a46-9407-78ee8170ebdf,0ee86a64-160c-4043-9d94-194ec7ad6a61
1198,-0.0696,-0.0903,-29.8,062aef2f-acb0-4a46-9407-78ee8170ebdf,0fbe9496-fe07-4f44-8374-a22aecf815b7
642,0.0441,0.382,-765.5,062aef2f-acb0-4a46-9407-78ee8170ebdf,0fbfe4f9-d918-401d-a420-b533ce29801e
5866,0.8373,0.4574,45.4,0671b984-2255-4df3-ae67-de30a7a31a9e,071aea92-5550-4017-abfa-6e3b14770e8f
6013,0.7325,0.2595,64.6,0671b984-2255-4df3-ae67-de30a7a31a9e,0c0caf32-8446-4017-931f-f94c26039ada
6058,0.9058,0.5282,41.7,0671b984-2255-4df3-ae67-de30a7a31a9e,0d4aa0f3-3efb-4103-b892-4ab54037a7e7
6058,0.8016,0.4072,49.2,0671b984-2255-4df3-ae67-de30a7a31a9e,0f8ac3c9-73f3-4516-bb4d-46ef8e947ba7
405,0.6815,-0.0815,88.0,068d84e4-ec3f-4735-a748-c0ae32309b8a,083f4603-7c3e-4fa7-baec-d9130703aecb
31905,0.9114,0.5791,36.5,068d84e4-ec3f-4735-a748-c0ae32309b8a,085d186b-b9fa-409a-94df-50902f4f1083
32438,0.5479,-0.3609,34.1,068d84e4-ec3f-4735-a748-c0ae32309b8a,08b2dabb-c378-4b06-b447-edb6f06fde84
1565,0.8979,0.2828,68.5,068d84e4-ec3f-4735-a748-c0ae32309b8a,0a6203e7-0fb7-4010-8eff-48176d22f4c6
32437,0.0094,-0.3993,-4144.4,068d84e4-ec3f-4735-a748-c0ae32309b8a,0adebc66-be53-47fa-9301-554075be57ac
32090,0.9233,0.6699,27.4,068d84e4-ec3f-4735-a748-c0ae32309b8a,0aeaff29-d399-4b99-a217-80ea19b65264
20331,0.675,0.2399,64.5,068d84e4-ec3f-4735-a748-c0ae32309b8a,0bcc4a48-0f11-4bac-97c4-29157b5410ce
32440,0.4442,-0.4332,2.5,068d84e4-ec3f-4735-a748-c0ae32309b8a,0c01606c-be17-4298-a45d-c085923e61e3
15098,0.5899,0.2583,56.2,068d84e4-ec3f-4735-a748-c0ae32309b8a,0c03c281-e2dc-4f3b-a52f-c28535cd5b61
25165,0.834,0.2523,69.7,068d84e4-ec3f-4735-a748-c0ae32309b8a,0c49a659-ca54-4366-adfa-0e7583fb52d5
21520,0.48,-0.2405,49.9,068d84e4-ec3f-4735-a748-c0ae32309b8a,0c7ca86a-94a4-43c3-9c59-20754d160b28
7358,0.8197,0.1693,79.4,068d84e4-ec3f-4735-a748-c0ae32309b8a,0cab47f7-ab5a-4c5a-8651-8627f46ac084
849,0.732,0.182,75.1,068d84e4-ec3f-4735-a748-c0ae32309b8a,0d410930-65cb-4788-a889-6b71f32e07e5
24569,0.6792,0.234,65.6,068d84e4-ec3f-4735-a748-c0ae32309b8a,0e49e446-b68f-4d66-b943-5be9022e7feb
32439,0.0721,-0.4218,-485.0,068d84e4-ec3f-4735-a748-c0ae32309b8a,0ee86a64-160c-4043-9d94-194ec7ad6a61
3796,0.7655,0.212,72.3,068d84e4-ec3f-4735-a748-c0ae32309b8a,0f28edcf-c865-4bbb-8aed-f1f834959b69
32407,0.0537,-0.3531,-556.9,068d84e4-ec3f-4735-a748-c0ae32309b8a,0fbe9496-fe07-4f44-8374-a22aecf815b7
3684,0.2762,0.3707,-34.2,068d84e4-ec3f-4735-a748-c0ae32309b8a,0fbfe4f9-d918-401d-a420-b533ce29801e
447,,,,06d44fa5-9ad6-44dc-8a3f-74dbc51f0bd0,0a7ea9c2-d32d-4dab-bc44-76c088bfaefd
22898,0.6193,-0.1608,74.0,071aea92-5550-4017-abfa-6e3b14770e8f,0c0caf32-8446-4017-931f-f94c26039ada
23406,0.9135,0.3489,61.8,071aea92-5550-4017-abfa-6e3b14770e8f,0d4aa0f3-3efb-4103-b892-4ab54037a7e7
23394,0.7744,0.2634,66.0,071aea92-5550-4017-abfa-6e3b14770e8f,0f8ac3c9-73f3-4516-bb4d-46ef8e947ba7
404,0.5434,-0.2358,56.6,083f4603-7c3e-4fa7-baec-d9130703aecb,085d186b-b9fa-409a-94df-50902f4f1083
405,0.4429,-0.0339,92.4,083f4603-7c3e-4fa7-baec-d9130703aecb,08b2dabb-c378-4b06-b447-edb6f06fde84
405,-0.0154,-0.1494,-867.7,083f4603-7c3e-4fa7-baec-d9130703aecb,0adebc66-be53-47fa-9301-554075be57ac
405,0.6953,0.1241,82.1,083f4603-7c3e-4fa7-baec-d9130703aecb,0aeaff29-d399-4b99-a217-80ea19b65264
343,0.5291,-0.0084,98.4,083f4603-7c3e-4fa7-baec-d9130703aecb,0bcc4a48-0f11-4bac-97c4-29157b5410ce
405,0.4605,0.1076,76.6,083f4603-7c3e-4fa7-baec-d9130703aecb,0c01606c-be17-4298-a45d-c085923e61e3
302,0.3973,0.0306,92.3,083f4603-7c3e-4fa7-baec-d9130703aecb,0c03c281-e2dc-4f3b-a52f-c28535cd5b61
396,0.7775,0.1935,75.1,083f4603-7c3e-4fa7-baec-d9130703aecb,0c49a659-ca54-4366-adfa-0e7583fb52d5
397,0.9943,0.9824,1.2,083f4603-7c3e-4fa7-baec-d9130703aecb,0c7ca86a-94a4-43c3-9c59-20754d160b28
405,0.5887,0.3582,39.1,083f4603-7c3e-4fa7-baec-d9130703aecb,0d410930-65cb-4788-a889-6b71f32e07e5
387,0.5462,-0.0212,96.1,083f4603-7c3e-4fa7-baec-d9130703aecb,0e49e446-b68f-4d66-b943-5be9022e7feb
405,0.0108,-0.1475,-1267.4,083f4603-7c3e-4fa7-baec-d9130703aecb,0ee86a64-160c-4043-9d94-194ec7ad6a61
405,0.0196,-0.1654,-742.8,083f4603-7c3e-4fa7-baec-d9130703aecb,0fbe9496-fe07-4f44-8374-a22aecf815b7
31979,0.5246,-0.3189,39.2,085d186b-b9fa-409a-94df-50902f4f1083,08b2dabb-c378-4b06-b447-edb6f06fde84
1551,0.9695,0.8327,14.1,085d186b-b9fa-409a-94df-50902f4f1083,0a6203e7-0fb7-4010-8eff-48176d22f4c6
31978,-0.0254,-0.3422,-1245.8,085d186b-b9fa-409a-94df-50902f4f1083,0adebc66-be53-47fa-9301-554075be57ac
31692,0.8404,0.221,73.7,085d186b-b9fa-409a-94df-50902f4f1083,0aeaff29-d399-4b99-a217-80ea19b65264
20313,0.7111,0.2338,67.1,085d186b-b9fa-409a-94df-50902f4f1083,0bcc4a48-0f11-4bac-97c4-29157b5410ce
31979,0.4254,-0.3697,13.1,085d186b-b9fa-409a-94df-50902f4f1083,0c01606c-be17-4298-a45d-c085923e61e3
15098,0.7148,0.4993,30.2,085d186b-b9fa-409a-94df-50902f4f1083,0c03c281-e2dc-4f3b-a52f-c28535cd5b61
25159,0.8289,0.3224,61.1,085d186b-b9fa-409a-94df-50902f4f1083,0c49a659-ca54-4366-adfa-0e7583fb52d5
21470,0.3987,-0.292,26.8,085d186b-b9fa-409a-94df-50902f4f1083,0c7ca86a-94a4-43c3-9c59-20754d160b28
7275,0.8488,0.1881,77.8,085d186b-b9fa-409a-94df-50902f4f1083,0cab47f7-ab5a-4c5a-8651-8627f46ac084
788,0.7663,0.228,70.2,085d186b-b9fa-409a-94df-50902f4f1083,0d410930-65cb-4788-a889-6b71f32e07e5
24538,0.7019,0.2157,69.3,085d186b-b9fa-409a-94df-50902f4f1083,0e49e446-b68f-4d66-b943-5be9022e7feb
31978,0.0422,-0.3422,-710.0,085d186b-b9fa-409a-94df-50902f4f1083,0ee86a64-160c-4043-9d94-194ec7ad6a61
3796,0.6352,-0.0534,91.6,085d186b-b9fa-409a-94df-50902f4f1083,0f28edcf-c865-4bbb-8aed-f1f834959b69
31946,0.0156,-0.305,-1854.3,085d186b-b9fa-409a-94df-50902f4f1083,0fbe9496-fe07-4f44-8374-a22aecf815b7
3684,0.4517,0.4681,-3.6,085d186b-b9fa-409a-94df-50902f4f1083,0fbfe4f9-d918-401d-a420-b533ce29801e
5239,0.8658,-0.004,99.5,085ffd8e-c18c-489e-a693-92b53698ef48,114aeed8-76e1-4708-8413-efdd903255d7
1568,0.5795,-0.1999,65.5,08b2dabb-c378-4b06-b447-edb6f06fde84,0a6203e7-0fb7-4010-8eff-48176d22f4c6
32614,0.6287,0.7426,-18.1,08b2dabb-c378-4b06-b447-edb6f06fde84,0adebc66-be53-47fa-9301-554075be57ac
32149,0.5168,-0.2971,42.5,08b2dabb-c378-4b06-b447-edb6f06fde84,0aeaff29-d399-4b99-a217-80ea19b65264
20331,0.3645,-0.1211,66.8,08b2dabb-c378-4b06-b447-edb6f06fde84,0bcc4a48-0f11-4bac-97c4-29157b5410ce
32615,0.9256,0.9009,2.7,08b2dabb-c378-4b06-b447-edb6f06fde84,0c01606c-be17-4298-a45d-c085923e61e3
15098,0.2913,-0.0161,94.5,08b2dabb-c378-4b06-b447-edb6f06fde84,0c03c281-e2dc-4f3b-a52f-c28535cd5b61
25166,0.6147,0.1132,81.6,08b2dabb-c378-4b06-b447-edb6f06fde84,0c49a659-ca54-4366-adfa-0e7583fb52d5
21534,0.6283,0.4445,29.3,08b2dabb-c378-4b06-b447-edb6f06fde84,0c7ca86a-94a4-43c3-9c59-20754d160b28
7378,0.477,-0.1359,71.5,08b2dabb-c378-4b06-b447-edb6f06fde84,0cab47f7-ab5a-4c5a-8651-8627f46ac084
849,0.4994,-0.0873,82.5,08b2dabb-c378-4b06-b447-edb6f06fde84,0d410930-65cb-4788-a889-6b71f32e07e5
24569,0.4013,-0.1002,75.0,08b2dabb-c378-4b06-b447-edb6f06fde84,0e49e446-b68f-4d66-b943-5be9022e7feb
32614,0.71,0.7963,-12.2,08b2dabb-c378-4b06-b447-edb6f06fde84,0ee86a64-160c-4043-9d94-194ec7ad6a61
3796,0.3728,0.0205,94.5,08b2dabb-c378-4b06-b447-edb6f06fde84,0f28edcf-c865-4bbb-8aed-f1f834959b69
32575,0.5915,0.6764,-14.3,08b2dabb-c378-4b06-b447-edb6f06fde84,0fbe9496-fe07-4f44-8374-a22aecf815b7
3684,-0.0434,-0.0717,-65.3,08b2dabb-c378-4b06-b447-edb6f06fde84,0fbfe4f9-d918-401d-a420-b533ce29801e
1568,0.0662,-0.3155,-376.6,0a6203e7-0fb7-4010-8eff-48176d22f4c6,0adebc66-be53-47fa-9301-554075be57ac
1558,0.823,-0.0766,90.7,0a6203e7-0fb7-4010-8eff-48176d22f4c6,0aeaff29-d399-4b99-a217-80ea19b65264
1056,0.7212,0.0628,91.3,0a6203e7-0fb7-4010-8eff-48176d22f4c6,0bcc4a48-0f11-4bac-97c4-29157b5410ce
1569,0.5227,-0.2696,48.4,0a6203e7-0fb7-4010-8eff-48176d22f4c6,0c01606c-be17-4298-a45d-c085923e61e3
782,0.7109,0.4928,30.7,0a6203e7-0fb7-4010-8eff-48176d22f4c6,0c03c281-e2dc-4f3b-a52f-c28535cd5b61
1254,0.8787,0.3198,63.6,0a6203e7-0fb7-4010-8eff-48176d22f4c6,0c49a659-ca54-4366-adfa-0e7583fb52d5
1062,0.7556,-0.1313,82.6,0a6203e7-0fb7-4010-8eff-48176d22f4c6,0c7ca86a-94a4-43c3-9c59-20754d160b28
1245,0.7616,0.0946,87.6,0a6203e7-0fb7-4010-8eff-48176d22f4c6,0e49e446-b68f-4d66-b943-5be9022e7feb
1569,0.1056,-0.2967,-180.9,0a6203e7-0fb7-4010-8eff-48176d22f4c6,0ee86a64-160c-4043-9d94-194ec7ad6a61
1567,0.1014,-0.2668,-163.2,0a6203e7-0fb7-4010-8eff-48176d22f4c6,0fbe9496-fe07-4f44-8374-a22aecf815b7
32148,0.0004,-0.3217,-86059.4,0adebc66-be53-47fa-9301-554075be57ac,0aeaff29-d399-4b99-a217-80ea19b65264
20331,0.012,-0.1355,-1033.4,0adebc66-be53-47fa-9301-554075be57ac,0bcc4a48-0f11-4bac-97c4-29157b5410ce
32614,0.6995,0.768,-9.8,0adebc66-be53-47fa-9301-554075be57ac,0c01606c-be17-4298-a45d-c085923e61e3
15098,-0.0189,-0.0685,-263.0,0adebc66-be53-47fa-9301-554075be57ac,0c03c281-e2dc-4f3b-a52f-c28535cd5b61
25166,0.0256,-0.1884,-635.2,0adebc66-be53-47fa-9301-554075be57ac,0c49a659-ca54-4366-adfa-0e7583fb52d5
21534,0.1277,0.0514,59.8,0adebc66-be53-47fa-9301-554075be57ac,0c7ca86a-94a4-43c3-9c59-20754d160b28
7378,0.0219,-0.1631,-643.1,0adebc66-be53-47fa-9301-554075be57ac,0cab47f7-ab5a-4c5a-8651-8627f46ac084
849,-0.0182,-0.3171,-1644.6,0adebc66-be53-47fa-9301-554075be57ac,0d410930-65cb-4788-a889-6b71f32e07e5
24569,0.0044,-0.1348,-2996.1,0adebc66-be53-47fa-9301-554075be57ac,0e49e446-b68f-4d66-b943-5be9022e7feb
32614,0.9632,0.9695,-0.6,0adebc66-be53-47fa-9301-554075be57ac,0ee86a64-160c-4043-9d94-194ec7ad6a61
3796,-0.0194,-0.1185,-512.0,0adebc66-be53-47fa-9301-554075be57ac,0f28edcf-c865-4bbb-8aed-f1f834959b69
32575,0.9199,0.931,-1.2,0adebc66-be53-47fa-9301-554075be57ac,0fbe9496-fe07-4f44-8374-a22aecf815b7
3684,-0.1215,-0.0872,28.2,0adebc66-be53-47fa-9301-554075be57ac,0fbfe4f9-d918-401d-a420-b533ce29801e
20318,0.6375,0.2881,54.8,0aeaff29-d399-4b99-a217-80ea19b65264,0bcc4a48-0f11-4bac-97c4-29157b5410ce
32150,0.439,-0.2939,33.1,0aeaff29-d399-4b99-a217-80ea19b65264,0c01606c-be17-4298-a45d-c085923e61e3
15098,0.4961,0.0874,82.4,0aeaff29-d399-4b99-a217-80ea19b65264,0c03c281-e2dc-4f3b-a52f-c28535cd5b61
25151,0.8019,0.1728,78.5,0aeaff29-d399-4b99-a217-80ea19b65264,0c49a659-ca54-4366-adfa-0e7583fb52d5
21519,0.502,-0.0909,81.9,0aeaff29-d399-4b99-a217-80ea19b65264,0c7ca86a-94a4-43c3-9c59-20754d160b28
7316,0.7997,0.2831,64.6,0aeaff29-d399-4b99-a217-80ea19b65264,0cab47f7-ab5a-4c5a-8651-8627f46ac084
848,0.7061,0.172,75.6,0aeaff29-d399-4b99-a217-80ea19b65264,0d410930-65cb-4788-a889-6b71f32e07e5
24554,0.6523,0.2877,55.9,0aeaff29-d399-4b99-a217-80ea19b65264,0e49e446-b68f-4d66-b943-5be9022e7feb
32149,0.0646,-0.3344,-417.5,0aeaff29-d399-4b99-a217-80ea19b65264,0ee86a64-160c-4043-9d94-194ec7ad6a61
3796,0.7157,0.1873,73.8,0aeaff29-d399-4b99-a217-80ea19b65264,0f28edcf-c865-4bbb-8aed-f1f834959b69
32126,0.0362,-0.2987,-724.7,0aeaff29-d399-4b99-a217-80ea19b65264,0fbe9496-fe07-4f44-8374-a22aecf815b7
3684,0.1628,0.1913,-17.5,0aeaff29-d399-4b99-a217-80ea19b65264,0fbfe4f9-d918-401d-a420-b533ce29801e
20331,0.3034,-0.1488,51.0,0bcc4a48-0f11-4bac-97c4-29157b5410ce,0c01606c-be17-4298-a45d-c085923e61e3
13706,0.4385,0.1725,60.7,0bcc4a48-0f11-4bac-97c4-29157b5410ce,0c03c281-e2dc-4f3b-a52f-c28535cd5b61
19126,0.6445,0.082,87.3,0bcc4a48-0f11-4bac-97c4-29157b5410ce,0c49a659-ca54-4366-adfa-0e7583fb52d5
17161,0.2633,-0.1905,27.7,0bcc4a48-0f11-4bac-97c4-29157b5410ce,0c7ca86a-94a4-43c3-9c59-20754d160b28
4567,0.4979,0.1909,61.7,0bcc4a48-0f11-4bac-97c4-29157b5410ce,0cab47f7-ab5a-4c5a-8651-8627f46ac084
422,0.3488,-0.0801,77.0,0bcc4a48-0f11-4bac-97c4-29157b5410ce,0d410930-65cb-4788-a889-6b71f32e07e5
20331,0.0376,-0.1416,-276.9,0bcc4a48-0f11-4bac-97c4-29157b5410ce,0ee86a64-160c-4043-9d94-194ec7ad6a61
3390,0.3869,0.0293,92.4,0bcc4a48-0f11-4bac-97c4-29157b5410ce,0f28edcf-c865-4bbb-8aed-f1f834959b69
20325,-0.006,-0.1238,-1957.8,0bcc4a48-0f11-4bac-97c4-29157b5410ce,0fbe9496-fe07-4f44-8374-a22aecf815b7
3540,0.268,0.2541,5.2,0bcc4a48-0f11-4bac-97c4-29157b5410ce,0fbfe4f9-d918-401d-a420-b533ce29801e
4361,,,,0be920ad-f450-44dd-a926-734ed29b0efd,0ca756e9-d67b-4c34-95cf-b5dd0d7e689b
15098,0.2267,-0.1027,54.7,0c01606c-be17-4298-a45d-c085923e61e3,0c03c281-e2dc-4f3b-a52f-c28535cd5b61
25166,0.5402,0.0775,85.6,0c01606c-be17-4298-a45d-c085923e61e3,0c49a659-ca54-4366-adfa-0e7583fb52d5
21535,0.6269,0.4804,23.4,0c01606c-be17-4298-a45d-c085923e61e3,0c7ca86a-94a4-43c3-9c59-20754d160b28
7378,0.4182,-0.1278,69.4,0c01606c-be17-4298-a45d-c085923e61e3,0cab47f7-ab5a-4c5a-8651-8627f46ac084
849,0.3897,-0.1464,62.4,0c01606c-be17-4298-a45d-c085923e61e3,0d410930-65cb-4788-a889-6b71f32e07e5
24569,0.3264,-0.129,60.5,0c01606c-be17-4298-a45d-c085923e61e3,0e49e446-b68f-4d66-b943-5be9022e7feb
32616,0.7939,0.8448,-6.4,0c01606c-be17-4298-a45d-c085923e61e3,0ee86a64-160c-4043-9d94-194ec7ad6a61
3796,0.3732,-0.0264,92.9,0c01606c-be17-4298-a45d-c085923e61e3,0f28edcf-c865-4bbb-8aed-f1f834959b69
32575,0.6523,0.7039,-7.9,0c01606c-be17-4298-a45d-c085923e61e3,0fbe9496-fe07-4f44-8374-a22aecf815b7
3684,-0.1208,-0.1309,-8.4,0c01606c-be17-4298-a45d-c085923e61e3,0fbfe4f9-d918-401d-a420-b533ce29801e
14944,0.5287,0.1689,68.1,0c03c281-e2dc-4f3b-a52f-c28535cd5b61,0c49a659-ca54-4366-adfa-0e7583fb52d5
13971,0.2174,-0.0941,56.7,0c03c281-e2dc-4f3b-a52f-c28535cd5b61,0c7ca86a-94a4-43c3-9c59-20754d160b28
3796,0.5756,0.2136,62.9,0c03c281-e2dc-4f3b-a52f-c28535cd5b61,0cab47f7-ab5a-4c5a-8651-8627f46ac084
340,0.4636,0.2981,35.7,0c03c281-e2dc-4f3b-a52f-c28535cd5b61,0d410930-65cb-4788-a889-6b71f32e07e5
14805,0.4544,0.1599,64.8,0c03c281-e2dc-4f3b-a52f-c28535cd5b61,0e49e446-b68f-4d66-b943-5be9022e7feb
15098,-0.0334,-0.1071,-220.9,0c03c281-e2dc-4f3b-a52f-c28535cd5b61,0ee86a64-160c-4043-9d94-194ec7ad6a61
3180,0.3458,-0.1794,48.1,0c03c281-e2dc-4f3b-a52f-c28535cd5b61,0f28edcf-c865-4bbb-8aed-f1f834959b69
15098,-0.0149,-0.0546,-266.3,0c03c281-e2dc-4f3b-a52f-c28535cd5b61,0fbe9496-fe07-4f44-8374-a22aecf815b7
3116,0.1131,0.1745,-54.3,0c03c281-e2dc-4f3b-a52f-c28535cd5b61,0fbfe4f9-d918-401d-a420-b533ce29801e
27359,0.8286,0.4871,41.2,0c0caf32-8446-4017-931f-f94c26039ada,0d4aa0f3-3efb-4103-b892-4ab54037a7e7
27332,0.7699,-0.0197,97.4,0c0caf32-8446-4017-931f-f94c26039ada,0f8ac3c9-73f3-4516-bb4d-46ef8e947ba7
240,0.6281,0.5288,15.8,0c17c307-b474-420e-b958-6a230117e7d8,114aeed8-76e1-4708-8413-efdd903255d7
20345,0.6901,0.3988,42.2,0c49a659-ca54-4366-adfa-0e7583fb52d5,0c7ca86a-94a4-43c3-9c59-20754d160b28
5829,0.7846,0.0964,87.7,0c49a659-ca54-4366-adfa-0e7583fb52d5,0cab47f7-ab5a-4c5a-8651-8627f46ac084
623,0.7934,0.5298,33.2,0c49a659-ca54-4366-adfa-0e7583fb52d5,0d410930-65cb-4788-a889-6b71f32e07e5
22492,0.6622,0.1,84.9,0c49a659-ca54-4366-adfa-0e7583fb52d5,0e49e446-b68f-4d66-b943-5be9022e7feb
25166,0.0828,-0.1476,-78.3,0c49a659-ca54-4366-adfa-0e7583fb52d5,0ee86a64-160c-4043-9d94-194ec7ad6a61
3770,0.8094,0.2308,71.5,0c49a659-ca54-4366-adfa-0e7583fb52d5,0f28edcf-c865-4bbb-8aed-f1f834959b69
25153,0.0039,-0.2048,-5144.8,0c49a659-ca54-4366-adfa-0e7583fb52d5,0fbe9496-fe07-4f44-8374-a22aecf815b7
3678,0.162,0.1733,-7.0,0c49a659-ca54-4366-adfa-0e7583fb52d5,0fbfe4f9-d918-401d-a420-b533ce29801e
4735,0.7341,0.2802,61.8,0c7ca86a-94a4-43c3-9c59-20754d160b28,0cab47f7-ab5a-4c5a-8651-8627f46ac084
463,0.6406,0.3857,39.8,0c7ca86a-94a4-43c3-9c59-20754d160b28,0d410930-65cb-4788-a889-6b71f32e07e5
19607,0.3183,-0.1626,48.9,0c7ca86a-94a4-43c3-9c59-20754d160b28,0e49e446-b68f-4d66-b943-5be9022e7feb
21535,0.19,0.1055,44.5,0c7ca86a-94a4-43c3-9c59-20754d160b28,0ee86a64-160c-4043-9d94-194ec7ad6a61
3539,0.717,0.1542,78.5,0c7ca86a-94a4-43c3-9c59-20754d160b28,0f28edcf-c865-4bbb-8aed-f1f834959b69
21526,0.1219,0.0096,92.1,0c7ca86a-94a4-43c3-9c59-20754d160b28,0fbe9496-fe07-4f44-8374-a22aecf815b7
3646,-0.2267,-0.2284,-0.7,0c7ca86a-94a4-43c3-9c59-20754d160b28,0fbfe4f9-d918-401d-a420-b533ce29801e
5618,0.5045,0.1308,74.1,0cab47f7-ab5a-4c5a-8651-8627f46ac084,0e49e446-b68f-4d66-b943-5be9022e7feb
7378,0.0609,-0.1771,-190.6,0cab47f7-ab5a-4c5a-8651-8627f46ac084,0ee86a64-160c-4043-9d94-194ec7ad6a61
3796,0.4843,-0.2055,57.6,0cab47f7-ab5a-4c5a-8651-8627f46ac084,0f28edcf-c865-4bbb-8aed-f1f834959b69
7376,0.0124,-0.216,-1635.2,0cab47f7-ab5a-4c5a-8651-8627f46ac084,0fbe9496-fe07-4f44-8374-a22aecf815b7
431,-0.501,-0.4331,13.6,0cab47f7-ab5a-4c5a-8651-8627f46ac084,0fbfe4f9-d918-401d-a420-b533ce29801e
599,0.5405,-0.0073,98.7,0d410930-65cb-4788-a889-6b71f32e07e5,0e49e446-b68f-4d66-b943-5be9022e7feb
849,0.0381,-0.3261,-756.6,0d410930-65cb-4788-a889-6b71f32e07e5,0ee86a64-160c-4043-9d94-194ec7ad6a61
849,-0.028,-0.3205,-1045.7,0d410930-65cb-4788-a889-6b71f32e07e5,0fbe9496-fe07-4f44-8374-a22aecf815b7
34397,0.9141,0.2599,71.6,0d4aa0f3-3efb-4103-b892-4ab54037a7e7,0f8ac3c9-73f3-4516-bb4d-46ef8e947ba7
24569,0.0389,-0.1337,-243.7,0e49e446-b68f-4d66-b943-5be9022e7feb,0ee86a64-160c-4043-9d94-194ec7ad6a61
3728,0.4218,0.0433,89.7,0e49e446-b68f-4d66-b943-5be9022e7feb,0f28edcf-c865-4bbb-8aed-f1f834959b69
24561,-0.0017,-0.1143,-6528.7,0e49e446-b68f-4d66-b943-5be9022e7feb,0fbe9496-fe07-4f44-8374-a22aecf815b7
3669,0.2651,0.2534,4.4,0e49e446-b68f-4d66-b943-5be9022e7feb,0fbfe4f9-d918-401d-a420-b533ce29801e
3796,0.0059,-0.1146,-1856.0,0ee86a64-160c-4043-9d94-194ec7ad6a61,0f28edcf-c865-4bbb-8aed-f1f834959b69
32575,0.8888,0.9017,-1.4,0ee86a64-160c-4043-9d94-194ec7ad6a61,0fbe9496-fe07-4f44-8374-a22aecf815b7
3684,-0.1228,-0.0774,37.0,0ee86a64-160c-4043-9d94-194ec7ad6a61,0fbfe4f9-d918-401d-a420-b533ce29801e
3796,-0.0125,-0.0636,-407.1,0f28edcf-c865-4bbb-8aed-f1f834959b69,0fbe9496-fe07-4f44-8374-a22aecf815b7
395,-0.1189,0.0277,76.7,0f28edcf-c865-4bbb-8aed-f1f834959b69,0fbfe4f9-d918-401d-a420-b533ce29801e
3684,-0.1144,-0.0882,23.0,0fbe9496-fe07-4f44-8374-a22aecf815b7,0fbfe4f9-d918-401d-a420-b533ce29801e
5348,0.8545,0.2262,73.5,0fc3bd30-f847-480b-b360-0990b6b5d76c,101d35c7-7208-43bf-9a8d-4ac9e0907873
5788,0.8604,0.267,69.0,0fc3bd30-f847-480b-b360-0990b6b5d76c,114aeed8-76e1-4708-8413-efdd903255d7
5777,0.4364,-0.0069,98.4,0ffb0639-7a57-4b3c-a43c-b44590b54282,10793916-cc97-43fe-8b13-d9f5be30e17f
5608,0.9634,0.8417,12.6,101d35c7-7208-43bf-9a8d-4ac9e0907873,114aeed8-76e1-4708-8413-efdd903255d7
