gene,pmid,year,cited_by,hits,title,class,u_z,q,rank
ALDH18A1,27492215,2016,1452,215,From Krebs to clinic: glutamine metabolism to cancer therapy.,DISAGREES,0.3351860140630416,0.9053321965364988,5082.0
ARFGAP1,17220896,2007,484,121,A general amphipathic alpha-helical motif for sensing membrane curvature.,DISAGREES,-1.0636021820384594,0.6178232102739618,8564.0
ASNS,26771115,2016,4497,1076,The Emerging Hallmarks of Cancer Metabolism.,DISAGREES,-0.0194736882856465,0.995584166699873,6114.666666666667
ATF3,29608179,2018,11270,3613,Integrating single-cell transcriptomic data across different conditions; technologies; and species.,DISAGREES,-0.342553939575031,0.9032662423687495,5990.666666666667
ATF4,29608179,2018,11270,17266,Integrating single-cell transcriptomic data across different conditions; technologies; and species.,AGREES,4.276317948239176,0.002778091360818211,134.66666666666666
ATF6,22251901,2012,3315,17718,The unfolded protein response: controlling cell fate decisions under ER stress and beyond.,DISAGREES,1.3265508186613797,0.5085715138560912,1590.6666666666667
ATP6V0D1,24448649,2014,571,169,The nutrient-responsive transcription factor TFE3 promotes autophagy; lysosomal biogenesis; and clearance of cellular de,DISAGREES,-0.3743586886270305,0.8933725587638031,6301.333333333333
BAG3,26799652,2016,4317,1517,Guidelines for the use and interpretation of assays for monitoring autophagy (3rd edition).,DISAGREES,1.257622112259149,0.535231486196179,3475.3333333333335
BANF1,33512317,2021,319,116,DNA damage-how and why we age?,DISAGREES,0.9381351309689326,0.6753538611008,2094.3333333333335
CALR,29362479,2018,5207,1954,Molecular mechanisms of cell death: recommendations of the Nomenclature Committee on Cell Death 2018.,DISAGREES,0.7043637409448177,0.7713826435826447,6162.0
CCL2,25792098,2015,4770,6521,Neuroinflammation in Alzheimer's disease.,UNTESTED,,,
CEBPB,26799652,2016,4317,1089,Guidelines for the use and interpretation of assays for monitoring autophagy (3rd edition).,DISAGREES,-0.5042683264124359,0.8475019822224997,7625.333333333333
CEBPG,22553043,2012,2005,276,Genomic analysis of reactive astrogliosis.,DISAGREES,0.2151254424038539,0.941669466141385,6696.333333333333
CHAC1,33268902,2021,3413,846,Ferroptosis: molecular mechanisms and health implications.,DISAGREES,0.6209361949336025,0.804140974068829,4525.0
CKS1B,31474370,2019,763,147,Single-Cell Analysis of Crohn's Disease Lesions Identifies a Pathogenic Cellular Module Associated with Resistance to An,UNTESTED,,,
CNOT2,19396146,2009,320,60,Discovery of insect and human dengue virus host factors.,DISAGREES,2.1594011347978586,0.2099667543146426,2208.3333333333335
CNOT4,32475992,2020,184,88,PROteolysis TArgeting Chimeras (PROTACs) as emerging anticancer therapeutics.,DISAGREES,-1.136357237679653,0.5853393174072735,9330.333333333334
CNOT6,31292544,2019,602,198,m&lt;sup&gt;6&lt;/sup&gt;A enhances the phase separation potential of mRNA.,DISAGREES,-2.0594750846727496,0.23949536696657459,10638.666666666666
CXXC1,31237565,2019,123,37,Unified single-cell analysis of testis gene regulation and pathology in five mouse strains.,AGREES,3.4440667976451587,0.022017808922058825,835.3333333333334
DCP1A,24598541,2014,783,186,C9orf72 nucleotide repeat structures initiate molecular cascades of disease.,DISAGREES,-0.7857872832398365,0.7386274965215078,8230.333333333334
DCP2,26799652,2016,4317,310,Guidelines for the use and interpretation of assays for monitoring autophagy (3rd edition).,DISAGREES,0.969153623271797,0.6602649060700119,4103.0
DCTN1,33634751,2021,2271,416,Guidelines for the use and interpretation of assays for monitoring autophagy (4th edition)&lt;sup&gt;1&lt;/sup&gt;.,DISAGREES,0.7204829012707443,0.763540833860999,3687.3333333333335
DDIT4,26799652,2016,4317,854,Guidelines for the use and interpretation of assays for monitoring autophagy (3rd edition).,DISAGREES,-2.865376791775269,0.06926302740348737,10928.666666666666
DDX10,29125603,2018,507,59,Cell cycle arrest through indirect transcriptional repression by p53: I have a DREAM.,DISAGREES,2.8194154021972886,0.07491507801029537,3560.6666666666665
DKC1,31953710,2020,764,313,Human Inborn Errors of Immunity: 2019 Update on the Classification from the International Union of Immunological Societi,DISAGREES,2.4701524067028178,0.1344303470899669,2993.3333333333335
DNAJA4,16952052,2006,647,269,The diversity of the DnaJ/Hsp40 family; the crucial partners for Hsp70 chaperones.,UNTESTED,,,
DNAJB9,32457508,2020,2205,685,Mechanisms; regulation and functions of the unfolded protein response.,DISAGREES,-1.3831434311459965,0.48887620283432004,9477.0
DNAJC3,14559994,2003,1727,790,XBP-1 regulates a subset of endoplasmic reticulum resident chaperone genes in the unfolded protein response.,DISAGREES,2.4632690895906655,0.13608099601352425,1196.3333333333333
EDC4,31292544,2019,602,96,m&lt;sup&gt;6&lt;/sup&gt;A enhances the phase separation potential of mRNA.,DISAGREES,0.0628723914907827,0.985301744385996,6712.333333333333
EDEM1,22722607,2012,1329,1052,Vertebrate protein glycosylation: diversity; synthesis and function.,DISAGREES,-0.2905369735502838,0.9192467517292433,6888.333333333333
EEF2,22500797,2012,6836,1278,mTOR signaling in growth control and disease.,DISAGREES,1.297461710342563,0.5209064852131672,2617.3333333333335
EIF2AK3,29362479,2018,5207,2255,Molecular mechanisms of cell death: recommendations of the Nomenclature Committee on Cell Death 2018.,DISAGREES,-0.3991067956033053,0.8862183969706481,6946.333333333333
EIF2S1,29362479,2018,5207,1031,Molecular mechanisms of cell death: recommendations of the Nomenclature Committee on Cell Death 2018.,DISAGREES,-0.4712893956915535,0.8587092204026184,10084.333333333334
EIF4A1,33268902,2021,3413,412,Ferroptosis: molecular mechanisms and health implications.,DISAGREES,-0.7355564944403947,0.7568426990959676,5881.0
EIF4A2,32144406,2020,984,333,Cellular adaptation to hypoxia through hypoxia inducible factors and beyond.,DISAGREES,-0.9411687654832968,0.6739602291536362,9321.0
EIF4A3,24987004,2014,954,345,Selenoproteins: molecular pathways and physiological roles.,DISAGREES,-2.0435610069420775,0.24407376574150594,10910.0
EIF4E,22500797,2012,6836,2984,mTOR signaling in growth control and disease.,AGREES,3.9482794085902944,0.0063240600973795205,216.33333333333337
EIF4EBP1,22500797,2012,6836,1613,mTOR signaling in growth control and disease.,DISAGREES,-0.5786778557007678,0.8181916656561361,4674.666666666667
EIF4G1,20094052,2010,2175,547,The mechanism of eukaryotic translation initiation and principles of its regulation.,AGREES,4.600103399932227,0.0011567929429698207,107.66666666666669
ERN1,22116877,2011,4713,2523,The unfolded protein response: from stress pathway to homeostatic regulation.,DISAGREES,0.0010455671562763,0.9996097135429878,5593.666666666667
ERO1A,14757749,2004,786,405,Oxidative protein folding in eukaryotes: mechanisms and consequences.,UNTESTED,,,
EXOC2,26799652,2016,4317,46,Guidelines for the use and interpretation of assays for monitoring autophagy (3rd edition).,DISAGREES,-0.8852904242788001,0.6986751297601526,8583.666666666666
EXOSC1,30265241,2018,303,33,Identification of functionally distinct fibro-inflammatory and adipogenic stromal subpopulations in visceral adipose tis,DISAGREES,2.5609354501684516,0.11624441774538184,1235.6666666666667
EXOSC10,26308899,2015,720,66,GGGGCC repeat expansion in C9orf72 compromises nucleocytoplasmic transport.,DISAGREES,2.070527926514371,0.23638065987456053,3047.6666666666665
EXOSC2,27259150,2016,403,49,Modulated Expression of Specific tRNAs Drives Gene Expression and Cancer Progression.,AGREES,4.299459277204605,0.0026771419463333837,1414.0
EXOSC4,30265241,2018,303,35,Identification of functionally distinct fibro-inflammatory and adipogenic stromal subpopulations in visceral adipose tis,AGREES,3.7422132755727886,0.010590636651396952,1642.6666666666667
EXOSC5,30265241,2018,303,46,Identification of functionally distinct fibro-inflammatory and adipogenic stromal subpopulations in visceral adipose tis,AGREES,3.250232635881313,0.03398343365912096,1385.6666666666667
EXOSC9,29125603,2018,507,66,Cell cycle arrest through indirect transcriptional repression by p53: I have a DREAM.,AGREES,3.1078612414350197,0.04456997816906582,1551.0
FKBP14,19420237,2009,232,110,ATF6alpha induces XBP1-independent expansion of the endoplasmic reticulum.,DISAGREES,0.2631779662943866,0.9256099894037081,5279.666666666667
FUS,26799652,2016,4317,4075,Guidelines for the use and interpretation of assays for monitoring autophagy (3rd edition).,DISAGREES,-1.0358085294844126,0.6288469966872267,5166.666666666667
GEMIN4,18485868,2008,521,50,SMN deficiency causes tissue-specific perturbations in the repertoire of snRNAs and widespread defects in splicing.,DISAGREES,1.0110773566465514,0.64117180433082,1840.3333333333333
GOSR2,39866113,2025,748,87,2025 Heart Disease and Stroke Statistics: A Report of US and Global Data From the American Heart Association.,DISAGREES,-1.1603181516776515,0.5752302300967084,9697.0
H2AX,24999379,2014,3798,2910,Lipid peroxidation: production; metabolism; and signaling mechanisms of malondialdehyde and 4-hydroxy-2-nonenal.,UNTESTED,,,
HERPUD1,29608179,2018,11270,969,Integrating single-cell transcriptomic data across different conditions; technologies; and species.,DISAGREES,-0.8482599208273469,0.715782001745018,7956.666666666667
HSP90B1,31474370,2019,763,1752,Single-Cell Analysis of Crohn's Disease Lesions Identifies a Pathogenic Cellular Module Associated with Resistance to An,DISAGREES,0.7288474385209549,0.7588053075153927,4379.666666666667
HSPA5,31740819,2019,9217,9028,Fast; sensitive and accurate integration of single-cell data with Harmony.,DISAGREES,-2.9394041213739945,0.06066989533195956,11221.0
HSPA9,29362479,2018,5207,1233,Molecular mechanisms of cell death: recommendations of the Nomenclature Committee on Cell Death 2018.,DISAGREES,0.3451242921675436,0.9025203699228669,8727.666666666666
HYOU1,31953710,2020,764,786,Human Inborn Errors of Immunity: 2019 Update on the Classification from the International Union of Immunological Societi,DISAGREES,0.8045639267546322,0.7315574192515789,4775.0
IARS1,35501376,2022,60,43,Functional and pathologic association of aminoacyl-tRNA synthetases with cancer.,UNTESTED,,,
IFIT1,29608179,2018,11270,837,Integrating single-cell transcriptomic data across different conditions; technologies; and species.,UNTESTED,,,
IGFBP1,18522489,2008,1272,459,Redox regulation of cell survival.,UNTESTED,,,
IMP3,33391635,2020,248,102,RNA packaging into extracellular vesicles: An orchestra of RNA-binding proteins?,DISAGREES,2.2217430764908346,0.19314610802515444,1216.3333333333333
KDELR3,19420237,2009,232,127,ATF6alpha induces XBP1-independent expansion of the endoplasmic reticulum.,DISAGREES,0.0154656808532539,0.9961551473312552,6585.0
KHSRP,30181377,2019,447,141,What Are 3' UTRs Doing?,DISAGREES,1.9945936117898029,0.26067833276094393,1044.6666666666667
KIF5B,29950571,2018,519,447,Mitochondrial dynamics in adaptive and maladaptive cellular stress responses.,DISAGREES,-0.89221657111253,0.6959636183307538,5710.333333333333
LSM1,23629963,2013,803,181,Stress granules as crucibles of ALS pathogenesis.,DISAGREES,-0.3394608034043802,0.9043133769489317,5833.333333333333
LSM4,23629963,2013,803,120,Stress granules as crucibles of ALS pathogenesis.,DISAGREES,0.7255364758594133,0.760346345890216,3446.6666666666665
MTHFD2,26771115,2016,4497,588,The Emerging Hallmarks of Cancer Metabolism.,AGREES,3.799765307100878,0.009212045161103733,341.3333333333333
MTREX,25064072,2014,173,20,The SKIV2L RNA exosome limits activation of the RIG-I-like receptors.,DISAGREES,1.4972086024895193,0.4409295403250539,2877.6666666666665
NABP1,19381306,2009,536,32,Retinoid-related orphan receptors (RORs): critical roles in development; immunity; circadian rhythm; and cellular metabo,DISAGREES,1.6594457729050625,0.38394330374310803,1895.3333333333333
NFYA,30567491,2018,1402,174,iDEP: an integrated web application for differential expression and pathway analysis of RNA-Seq data.,DISAGREES,0.697916076814447,0.7732204844355959,3850.3333333333335
NFYB,10958673,2000,764,208,ATF6 activated by proteolysis binds in the presence of NF-Y (CBF) directly to the cis-acting element responsible for the,DISAGREES,2.9596085317346725,0.058701777546404516,535.3333333333334
NHP2,22553043,2012,2005,199,Genomic analysis of reactive astrogliosis.,AGREES,3.428676097219139,0.022913917902001955,2082.0
NOLC1,29373831,2018,795,119,Context-Dependent and Disease-Specific Diversity in Protein Interactions within Stress Granules.,DISAGREES,0.8686304892668483,0.7063524048229988,3281.3333333333335
NOP14,20448178,2010,2514,48,A draft sequence of the Neandertal genome.,DISAGREES,0.622504545668017,0.8038358263960073,5361.333333333333
NOP56,18959479,2008,519,209,Diverse RNA-binding proteins interact with functionally related sets of RNAs; suggesting an extensive regulatory system.,DISAGREES,0.3638573703841611,0.8968875662474722,4948.0
NPM1,32408336,2020,882,1130,Proteomics of SARS-CoV-2-infected host cells reveals therapy targets.,DISAGREES,2.593616461739781,0.11093827211150828,450.6666666666667
PAIP1,33599151,2021,662,78,Regulation and metabolic functions of mTORC1 and mTORC2.,DISAGREES,1.1362701070832963,0.5853393174072735,2277.6666666666665
PARN,31953710,2020,764,253,Human Inborn Errors of Immunity: 2019 Update on the Classification from the International Union of Immunological Societi,DISAGREES,2.5488749005107896,0.11817163199461592,1633.6666666666667
PDIA5,32457508,2020,2205,267,Mechanisms; regulation and functions of the unfolded protein response.,DISAGREES,0.4854637463550249,0.8535836276226423,4197.333333333333
PDIA6,32457508,2020,2205,982,Mechanisms; regulation and functions of the unfolded protein response.,DISAGREES,-0.1728235378728409,0.9548342946819197,9136.0
POP4,31036962,2019,3851,52,The NLRP3 inflammasome: molecular activation and regulation to therapeutics.,DISAGREES,1.4610494050016298,0.45574382399472807,4538.333333333333
PREB,33634751,2021,2271,153,Guidelines for the use and interpretation of assays for monitoring autophagy (4th edition)&lt;sup&gt;1&lt;/sup&gt;.,DISAGREES,-1.361284872173597,0.4976560009049768,9903.333333333334
PSAT1,33268902,2021,3413,620,Ferroptosis: molecular mechanisms and health implications.,DISAGREES,-0.4017156145009997,0.8847096712501935,8000.333333333333
RPS14,33174596,2021,1713,402,MitoCarta3.0: an updated mitochondrial proteome now with sub-organelle localization and pathway annotations.,DISAGREES,0.7458531588970896,0.7524420647543238,4866.333333333333
RRP9,18268104,2008,186,53,The Hsp90 chaperone controls the biogenesis of L7Ae RNPs through conserved machinery.,DISAGREES,2.5672594563419815,0.11532929893386366,3062.3333333333335
SDAD1,30265241,2018,303,28,Identification of functionally distinct fibro-inflammatory and adipogenic stromal subpopulations in visceral adipose tis,DISAGREES,1.266966001617837,0.5312770604277847,4196.0
SEC11A,27911326,2017,126,59,Localization and Processing of the Amyloid-β Protein Precursor in Mitochondria-Associated Membranes.,DISAGREES,-0.78809624404328,0.7379223376484753,6434.666666666667
SEC31A,33601415,2021,786,304,Lipid metabolism and cancer.,DISAGREES,1.0582446580461755,0.6197106526185725,1999.6666666666667
SERP1,33634751,2021,2271,222,Guidelines for the use and interpretation of assays for monitoring autophagy (4th edition)&lt;sup&gt;1&lt;/sup&gt;.,DISAGREES,-1.3527616943508156,0.500224901639574,8429.0
SHC1,29362479,2018,5207,264,Molecular mechanisms of cell death: recommendations of the Nomenclature Committee on Cell Death 2018.,DISAGREES,3.0166355070499105,0.05358492442945621,791.0
SKIC3,33949788,2021,69,15,Ribosome dynamics and mRNA turnover; a complex relationship under constant cellular scrutiny.,UNTESTED,,,
SLC1A4,26382145,2015,1094,249,MYC; Metabolism; and Cancer.,DISAGREES,-0.958523690516321,0.6647210984376495,8306.666666666666
SLC30A5,17942684,2007,702,57,The cation efflux transporter ZnT8 (Slc30A8) is a major autoantigen in human type 1 diabetes.,DISAGREES,2.4671734575859547,0.13531894405124753,868.6666666666666
SLC7A5,26799652,2016,4317,797,Guidelines for the use and interpretation of assays for monitoring autophagy (3rd edition).,DISAGREES,-0.3327081821867623,0.9060963796755949,6837.0
SPCS1,19884131,2010,572,70,CORUM: the comprehensive resource of mammalian protein complexes--2009.,DISAGREES,1.099936648402694,0.6022014170694285,1688.3333333333333
SPCS3,17623099,2007,87,63,Genome wide transcriptional analysis of resting and IL2 activated human natural killer cells: gene expression signatures,DISAGREES,-1.928635308807156,0.28067312198274336,11035.666666666666
SRPRA,33384352,2021,115,39,QRICH1 dictates the outcome of ER stress through transcriptional control of proteostasis.,UNTESTED,,,
SRPRB,27984733,2016,1105,114,A Multiplexed Single-Cell CRISPR Screening Platform Enables Systematic Dissection of the Unfolded Protein Response.,DISAGREES,0.8764466687486295,0.7024255185578143,3295.0
SSR1,23135325,2012,341,181,Architecture and biosynthesis of the Saccharomyces cerevisiae cell wall.,DISAGREES,-2.0576325982536297,0.23958266471368286,9464.666666666666
STC2,15706034,2005,361,319,An initial blueprint for myogenic differentiation.,DISAGREES,0.4674992147500518,0.8595851785001118,4813.0
TARS1,35501376,2022,60,41,Functional and pathologic association of aminoacyl-tRNA synthetases with cancer.,UNTESTED,,,
TATDN2,22292898,2012,70,16,Genome-wide landscape of liver X receptor chromatin binding and gene regulation in human macrophages.,DISAGREES,-0.2561088211507822,0.928015141771217,5319.666666666667
TSPYL2,36581622,2022,632,54,The sirtuin family in health and disease.,DISAGREES,-2.55127099191059,0.11788590638733316,10691.0
TUBB2A,35115731,2022,566,248,Large-scale deep multi-layer analysis of Alzheimer's disease brain reveals strong proteomic disease-related changes not ,DISAGREES,2.2032350800515657,0.1974316804678083,884.0
VEGFA,29508855,2018,1572,3281,Enhancing cancer immunotherapy using antiangiogenics: opportunities and challenges.,DISAGREES,-1.8189462557227616,0.31890554606857807,10186.0
WFS1,34293799,2021,2471,884,Highly accurate protein structure prediction for the human proteome.,UNTESTED,,,
WIPI1,26799652,2016,4317,469,Guidelines for the use and interpretation of assays for monitoring autophagy (3rd edition).,DISAGREES,-1.3508292006108338,0.5010962500977872,9210.0
XBP1,26799652,2016,4317,14692,Guidelines for the use and interpretation of assays for monitoring autophagy (3rd edition).,DISAGREES,0.6492536387494197,0.7935598402272049,2802.3333333333335
XPOT,20810645,2010,640,77,tRNA biology charges to the front.,DISAGREES,0.0870211219557844,0.9769486426044357,3669.3333333333335
YIF1A,19420237,2009,232,49,ATF6alpha induces XBP1-independent expansion of the endoplasmic reticulum.,DISAGREES,1.214295556120417,0.5534995626131742,2110.0
YWHAZ,26799652,2016,4317,806,Guidelines for the use and interpretation of assays for monitoring autophagy (3rd edition).,DISAGREES,0.118570091558182,0.9704321637608689,3649.3333333333335
ZBTB17,29242641,2018,396,46,Ubiquitin ligases in oncogenic transformation and cancer therapy.,AGREES,4.050875685799909,0.004804977665286359,494.3333333333333
