pmid,resolved,doc,tier_a_n,tier_b_n,tier_a,tier_b
10.1101/2023.01.23.525275,False,,0,0,,
10.1101/2024.05.08.593110,False,,0,0,,
25307932,False,,0,0,,
26472758,False,,0,0,,
26627737,False,,0,0,,
26673326,False,,0,0,,
27018887,True,PMC4836973,0,0,,
27159373,True,PMC4900911,0,0,,
27260156,False,,0,0,,
27351204,True,PMC4924995,0,0,,
27383987,True,PMC4964798,0,1,,CAMERA
27667664,False,,0,0,,
27760321,True,PMC5081405,0,0,,
27869803,False,,0,0,,
28145866,True,PMC5305212,0,0,,
28162770,False,,0,0,,
28215525,False,,0,0,,
28474669,True,PMC5424143,0,0,,
28611215,False,,0,0,,
28700943,False,,0,0,,
28775154,False,,0,0,,
28877469,False,,0,0,,
28894007,False,,0,0,,
28985505,True,PMC5640507,0,1,,CAMERA
28985567,False,,0,0,,
29028833,True,PMC5640240,0,0,,
29038160,False,,0,0,,
29083409,True,PMC5709193,1,0,set size,
29211708,True,PMC5774979,0,0,,
29269392,True,PMC5777035,2,0,gene[- ]set size|set size,
29507424,True,PMC5893388,0,0,,
29576454,False,,0,0,,
29662178,False,,0,0,,
29736038,False,,0,0,,
29973717,True,PMC6071917,0,0,,
29987050,True,PMC6077722,0,0,,
30111820,True,PMC6093911,0,0,,
30154076,True,PMC6138439,0,0,,
30397336,False,,0,0,,
30414698,False,,0,0,,
30449619,False,,0,0,,
30532030,True,PMC6450769,0,0,,
30556811,True,PMC6312402,0,1,,CAMERA
30581143,False,,0,0,,
30647128,False,,0,0,,
30655525,True,PMC6336797,0,0,,
30862715,False,,0,0,,
30898113,True,PMC6429770,0,0,,
30951565,True,PMC6469816,0,0,,
30962421,True,PMC6453886,0,0,,
30971826,False,,0,0,,
30991026,False,,0,0,,
30995489,False,,0,0,,
31019072,False,,0,0,,
31040274,True,PMC6491561,0,1,,CAMERA
31048320,False,,0,0,,
31048321,False,,0,0,,
31142663,False,,0,0,,
31160565,True,PMC6546744,0,0,,
31294695,True,PMC6701926,0,0,,
31316073,True,PMC6637147,0,0,,
31353312,False,,0,0,,
31406246,False,,0,0,,
31451760,False,,0,0,,
31452512,True,PMC6713475,0,0,,
31462500,False,,0,0,,
31508509,True,PMC6733792,0,0,,
31519728,True,PMC6781443,0,1,,CAMERA
31519875,True,PMC6744515,0,0,,
31527793,True,PMC6879830,0,0,,
31540829,False,,0,0,,
31551363,False,,0,0,,
31692446,True,PMC6863627,0,0,,
31727847,True,PMC6911175,0,0,,
31730859,False,,0,0,,
31761535,False,,0,0,,
31801065,False,,0,0,,
31855178,True,PMC6968917,0,0,,
31921143,True,PMC6917608,0,0,,
32028983,True,PMC7006212,0,0,,
32094149,True,PMC7153937,0,0,,
32238925,True,PMC7368463,0,0,,
32259488,False,,0,0,,
32268084,True,PMC7166082,0,0,,
32416067,False,,0,0,,
32542389,True,PMC7367200,0,0,,
32585766,True,PMC7463323,0,0,,
32649862,False,,0,0,,
32668236,True,PMC7433747,0,0,,
32690708,True,PMC7414171,0,0,,
32699298,True,PMC7376217,0,0,,
32728216,False,,0,0,,
32755594,False,,0,0,,
32990596,True,PMC7591259,0,0,,
33110234,True,PMC7790754,0,1,,CAMERA
33122441,False,,0,0,,
33137164,True,PMC7660927,0,0,,
33144569,True,PMC7642327,0,0,,
33147445,True,PMC7584921,0,0,,
33172989,False,,0,0,,
33189395,False,,0,0,,
33226137,True,PMC7737610,0,1,,CAMERA
33228647,True,PMC7686728,1,0,set size,
33257658,True,PMC7704667,0,0,,
33333024,True,PMC7723770,0,0,,
33355125,True,PMC11206534,0,1,,CAMERA
33382968,True,PMC7796900,0,3,,CAMERA|competitive (gene set )?test|inter[- ]gene correlation
33417871,False,,0,0,,
33476303,True,PMC8021101,0,0,,
33483422,False,,0,0,,
33513160,True,PMC7875399,0,0,,
33574281,True,PMC7878750,0,0,,
33604667,True,PMC8022920,0,0,,
33660365,True,PMC8045932,0,0,,
33686287,False,,0,0,,
33730579,True,PMC8893346,0,0,,
34004147,False,,0,0,,
34049503,True,PMC8164247,0,0,,
34108663,False,,0,0,,
34155407,False,,0,0,,
34215620,False,,0,0,,
34230586,True,PMC8260754,0,0,,
34253920,False,,0,0,,
34316707,True,PMC8210162,0,0,,
34320214,True,PMC8373146,0,0,,
34373448,True,PMC8352983,0,0,,
34373451,True,PMC8352964,0,1,,CAMERA
34431042,True,PMC8384091,0,0,,
34497417,False,,0,0,,
34615851,True,PMC8494907,0,0,,
34644148,False,,0,0,,
34662547,False,,0,0,,
34686207,True,PMC8532573,0,0,,
34731885,True,PMC8791584,0,0,,
34921014,True,PMC9621571,0,0,,
34937946,False,,0,0,,
34962926,True,PMC8741300,0,0,,
35050652,False,,0,0,,
35086559,True,PMC8792531,0,0,,
35113687,False,,0,0,,
35192680,True,PMC9043932,0,0,,
35231079,True,PMC8929698,0,0,,
35420441,False,,0,0,,
35439318,False,,0,0,,
35469023,True,PMC9039069,0,1,,CAMERA
35559673,True,PMC9106303,0,0,,
35570209,True,PMC9108107,0,0,,
35688159,True,PMC9245005,0,0,,
35723366,True,PMC9164056,0,0,,
35763353,True,PMC9374383,0,0,,
35879412,True,PMC9355872,0,0,,
35879413,True,PMC11627114,0,0,,
35981571,False,,0,0,,
36002574,True,PMC9433322,0,0,,
36055241,True,PMC9481918,0,0,,
36124427,True,PMC9627672,0,0,,
36273494,True,PMC9627126,0,0,,
36305789,True,PMC9623979,0,1,,CAMERA
36409314,True,PMC9793866,0,0,,
36417855,True,PMC9827541,0,0,,
36548402,True,PMC9929516,0,0,,
36597481,True,PMC9800021,0,0,,
36652375,True,PMC9994488,0,1,,CAMERA
36693839,True,PMC9873647,0,0,,
36725843,True,PMC9892530,0,0,,
36731340,False,,0,0,,
36744886,True,PMC9973025,0,0,,
36753415,True,PMC9884621,0,0,,
36801923,False,,0,0,,
36820830,True,PMC9998968,0,0,,
36841242,False,,0,0,,
36920785,True,PMC10362273,0,0,,
36920967,True,PMC10016662,0,0,,
36971544,False,,0,0,,
36977592,True,PMC10053445,0,0,,
37046090,False,,0,0,,
37047518,True,PMC10095316,0,0,,
37163373,False,,0,0,,
37193694,True,PMC10188588,0,0,,
37435859,True,PMC10405063,0,0,,
37616343,True,PMC10617673,0,1,,CAMERA
37639469,True,PMC10491399,0,1,,CAMERA
37866880,True,PMC10850818,0,0,,
39316623,True,PMC11486371,0,1,,CAMERA
40372436,True,PMC12107129,1,0,pathway size,
40632661,False,,0,0,,
https://www.biorxiv.org/content/10.1101/2020.08.27.270819v1.full,False,,0,0,,
