screen_id,survivors_top10,top10_boundary_tied,r2_size_alone
100,8,True,0.0744
1000,10,False,0.203
1001,10,True,0.1928
1002,10,False,0.1854
1003,9,False,0.1919
1004,9,False,0.1288
1005,9,True,0.2058
1006,8,False,0.199
1007,9,False,0.2208
1008,9,False,0.1762
1009,9,False,0.1573
1010,8,True,0.1395
1011,9,True,0.1565
1012,10,True,0.2136
1013,9,False,0.2521
1014,9,False,0.2292
1015,9,False,0.1322
1017,6,True,0.4508
1018,8,True,0.0462
1019,7,True,0.013
1020,9,False,0.2754
1021,10,False,0.2613
1022,6,True,0.5648
1023,5,False,0.6235
1024,9,False,0.3639
1025,10,False,0.371
1026,9,False,0.3397
1027,9,False,0.2773
1028,9,False,0.3295
1029,9,False,0.2388
1030,7,True,0.5533
1031,8,False,0.5224
1032,7,True,0.3181
1033,8,False,0.3675
1034,6,False,0.4338
1045,8,True,0.1919
1048,6,True,0.3484
1050,8,False,0.5196
1052,6,False,0.4695
1053,7,False,0.5009
1062,7,False,0.2138
1063,8,True,0.28
1064,7,False,0.1657
1065,5,True,0.3331
1066,7,True,0.3687
1067,7,True,0.3878
1075,6,True,0.204
1076,8,True,0.0456
1081,4,False,0.8913
1082,1,True,0.9622
1083,1,True,0.9258
1092,8,True,0.1228
1104,2,False,0.771
1107,7,False,0.7138
1109,4,True,0.4516
1110,5,True,0.4946
1111,8,False,0.1316
1112,8,True,0.1116
1113,7,True,0.4315
1114,8,True,0.175
1119,7,True,0.0786
1121,9,True,0.1466
1123,9,True,0.133
1125,8,False,0.1003
1135,9,True,0.1607
1137,7,True,0.1927
1140,6,False,0.298
1142,8,True,0.197
1144,5,True,0.4877
1145,10,False,0.1105
1146,8,False,0.0882
1147,9,True,0.2758
1153,6,True,0.601
1155,8,True,0.028
1159,6,True,0.5715
1160,8,True,0.0814
1161,7,True,0.2898
1162,8,True,0.1907
1163,8,True,0.0251
1164,10,False,0.0118
1168,7,True,0.0301
1169,9,True,0.0545
1170,6,True,0.5782
1171,4,True,0.7396
1172,8,True,0.1025
1176,8,False,0.2202
1177,6,False,0.5533
1187,9,True,0.0262
1188,8,True,0.0085
1192,8,False,0.1959
1193,9,False,0.1748
1199,8,True,0.1662
1203,9,True,0.0516
1204,9,False,0.212
1205,8,False,0.1919
1206,7,True,0.0733
1209,3,True,0.5586
1210,3,True,0.691
1220,6,False,0.201
1221,5,False,0.2379
1222,5,False,0.3949
1224,9,True,0.177
1225,9,True,0.1169
1227,7,True,0.0408
1228,8,True,0.185
1229,6,True,0.1965
1238,6,False,0.4551
1239,8,True,0.2332
1240,7,False,0.5175
1241,6,True,0.1445
1242,7,False,0.3291
1243,7,False,0.3394
1244,7,False,0.3179
1245,7,True,0.3409
1246,7,True,0.4194
1247,7,True,0.3784
1248,5,True,0.324
1249,7,True,0.3268
1250,9,True,0.0818
1251,9,False,0.1497
1255,6,True,0.5771
1256,2,True,0.7623
1257,6,False,0.6056
1258,5,False,0.6048
1291,8,True,0.3261
1292,9,False,0.1638
1293,9,False,0.1548
1294,9,False,0.2357
1295,9,False,0.1903
1296,8,False,0.2211
1297,8,False,0.1396
1298,10,False,0.1905
1299,8,False,0.2149
1300,8,False,0.2139
1301,9,False,0.1579
1302,8,False,0.2077
1303,9,True,0.1858
1304,9,False,0.2049
1305,9,False,0.2183
1306,9,False,0.2038
1307,9,False,0.1811
1308,8,True,0.1704
1309,9,False,0.1694
1310,10,False,0.2398
1311,9,True,0.1265
1312,9,False,0.1658
1313,7,True,0.0603
1314,4,True,0.033
1315,8,True,0.0135
1316,8,True,0.0598
1317,10,False,0.0448
1318,7,True,0.0813
1319,5,True,0.0009
1320,7,True,0.0941
1321,9,True,0.0045
1322,6,True,0.1624
1323,7,True,0.0743
1324,8,True,0.0738
1325,9,True,0.0457
1326,6,True,0.1225
1327,6,True,0.1397
1328,7,True,0.1683
1329,7,True,0.0926
1330,6,True,0.0398
1331,9,True,0.0821
1332,6,True,0.014
1334,7,True,0.2136
1335,8,True,0.0307
1336,9,True,0.052
1337,9,True,0.0763
1338,7,True,0.1528
1339,8,True,0.0221
1340,10,False,0.0513
1341,7,True,0.0739
1342,8,True,0.2112
1343,8,False,0.1324
1348,8,True,0.063
1349,8,True,0.0579
1350,8,True,0.007
1351,4,True,0.5994
1352,5,True,0.6002
1353,6,False,0.2845
1355,7,True,0.049
1360,8,True,0.2021
1361,4,False,0.7098
1362,3,False,0.6922
1363,3,True,0.6145
1364,9,True,0.1234
1365,9,True,0.0293
1366,8,True,0.0216
1367,9,True,0.1604
1369,9,True,0.1505
1371,9,True,0.1007
1382,5,True,0.037
1383,8,True,0.0797
1384,6,True,0.0347
1385,9,False,0.2099
1386,8,True,0.1181
1389,5,True,0.4809
1392,5,True,0.5872
1393,6,True,0.5094
1396,7,True,0.4177
1397,7,True,0.4568
141,7,False,0.2627
142,9,False,0.3308
1425,9,True,0.0737
1429,9,True,0.2874
143,8,False,0.2017
1430,1,False,0.7641
1431,4,False,0.6162
1433,4,True,0.5871
1434,2,True,0.642
1441,9,False,0.2312
1442,8,False,0.3468
1443,8,False,0.2661
1444,9,False,0.1012
1445,7,True,0.308
1446,7,True,0.0922
1447,7,True,0.236
1448,8,False,0.1824
1449,4,True,0.6811
1451,8,True,0.0639
1452,8,True,0.0952
1454,5,True,0.6825
1455,5,False,0.7537
1456,9,False,0.1439
1458,8,False,0.1958
1459,9,False,0.208
1479,6,True,0.2027
1480,8,True,0.0844
149,10,False,0.2838
150,9,False,0.3383
151,9,False,0.2312
152,9,False,0.2454
1524,9,True,0.1174
153,8,False,0.269
154,9,False,0.2181
155,8,True,0.2659
156,9,True,0.2521
1561,8,True,0.0168
1568,5,True,0.0072
157,8,False,0.247
1571,3,False,0.8203
1573,5,True,0.6169
158,8,True,0.2791
1581,4,True,0.5016
1584,5,True,0.5017
159,8,False,0.2584
1591,9,True,0.1279
1592,8,True,0.0683
1593,9,True,0.0988
16,9,False,0.2618
1621,8,True,0.0186
1622,8,True,0.003
1623,7,False,0.3522
1624,8,True,0.2018
1625,7,True,0.128
1626,6,True,0.3426
1627,7,True,0.2289
1628,7,True,0.2663
1633,1,False,0.8842
1636,6,False,0.7268
1639,2,True,0.8775
1640,1,True,0.846
1641,2,True,0.8968
1642,1,True,0.8991
1643,3,False,0.5782
1644,5,False,0.6805
1645,5,True,0.6388
1646,3,True,0.7272
1647,7,True,0.1165
1648,4,False,0.3951
1649,7,True,0.2259
1650,7,True,0.1147
1651,6,False,0.32
1652,4,True,0.1864
1653,9,False,0.145
1654,5,False,0.2648
1656,2,True,0.7831
1657,1,True,0.6889
1658,6,True,0.758
1669,5,True,0.7246
1670,6,False,0.5546
17,9,False,0.2488
1704,9,True,0.0691
1705,1,True,0.9596
1706,8,True,0.1064
1708,7,True,0.1842
1710,8,True,0.073
172,7,True,0.0605
1725,9,True,0.1554
173,9,True,0.0148
1733,8,False,0.2804
1735,9,True,0.1884
1736,7,False,0.2866
1737,7,True,0.3298
1738,8,False,0.2142
1739,10,True,0.0624
174,7,True,0.167
1742,9,True,0.1918
1749,9,True,0.1047
175,6,False,0.3011
1751,7,True,0.0672
176,8,True,0.268
1768,8,True,0.1087
1769,7,True,0.1092
177,9,True,0.1036
178,7,False,0.1878
1787,9,False,0.2926
1788,8,False,0.331
1789,9,False,0.2228
179,9,False,0.2248
1790,8,False,0.2462
1791,8,False,0.2739
1792,8,False,0.2568
1793,8,False,0.238
1794,9,False,0.3016
1795,8,False,0.2565
1796,8,False,0.2404
1797,8,True,0.281
1798,9,False,0.2649
18,8,False,0.4868
180,9,False,0.2502
1803,7,True,0.0216
1804,5,True,0.4738
1805,6,False,0.5847
1806,5,True,0.0259
181,9,False,0.2206
1811,9,False,0.2435
1812,9,False,0.2596
1813,9,False,0.183
1814,9,False,0.2491
1815,5,True,0.4587
1816,1,True,0.5787
1817,5,True,0.6336
1818,5,True,0.4077
182,8,True,0.0593
1821,6,True,0.0323
1822,9,True,0.003
1823,8,True,0.0683
1824,7,True,0.0109
1826,10,False,0.0001
1827,7,True,0.0319
1828,8,True,0.0222
1829,10,False,0.1345
183,8,True,0.026
1830,9,True,0.1244
184,9,False,0.2182
1843,6,True,0.3561
1845,9,False,0.2794
1846,9,True,0.2111
1847,9,False,0.2811
1848,9,False,0.2625
1849,9,False,0.2414
185,9,True,0.2085
1850,10,False,0.2691
1851,10,False,0.2423
1852,9,False,0.2716
1853,8,True,0.2974
1854,9,False,0.3052
1855,9,False,0.2874
1856,10,False,0.2365
1857,9,True,0.2698
1858,9,True,0.2773
1859,10,False,0.2691
186,9,False,0.2483
1860,10,False,0.2938
1861,9,True,0.3101
1862,7,True,0.121
1863,7,True,0.196
1864,6,True,0.5708
187,9,False,0.2352
1879,7,True,0.1543
188,9,True,0.2354
1880,9,True,0.0345
1885,5,True,0.3146
189,8,True,0.2121
190,9,False,0.2211
1900,6,True,0.6013
1901,3,True,0.7052
1902,3,True,0.7448
1903,2,True,0.6158
1904,4,True,0.6284
1905,4,True,0.4562
1909,4,True,0.688
191,9,False,0.2441
192,9,False,0.2166
193,9,False,0.2351
1932,5,True,0.3264
1933,9,True,0.0633
1934,5,True,0.072
1935,8,True,0.0924
1938,5,True,0.7324
1939,4,False,0.7655
194,9,False,0.2561
1947,8,True,0.1117
195,9,False,0.2366
1953,6,False,0.3152
1954,5,True,0.3681
1955,8,True,0.0526
196,9,False,0.2314
1966,9,True,0.0869
1967,7,True,0.0505
1969,6,True,0.5539
197,9,False,0.2593
1970,6,True,0.3979
1971,6,True,0.3362
1972,7,True,0.3237
1973,5,True,0.6823
1974,5,True,0.2341
1975,6,True,0.4892
1976,7,True,0.6457
1977,7,False,0.4942
1978,7,False,0.5155
1979,8,True,0.1972
198,9,False,0.2193
1980,8,True,0.4864
1981,6,True,0.066
1982,5,True,0.0163
1983,8,True,0.0808
1985,8,True,0.1276
1986,7,True,0.1398
1987,7,False,0.2943
1988,7,False,0.2916
1989,8,True,0.1604
199,9,False,0.2737
1990,8,True,0.2627
1991,8,True,0.1274
1993,4,False,0.5449
1995,8,True,0.0954
1996,6,True,0.4219
1997,7,True,0.0286
1999,4,False,0.8123
200,9,False,0.1737
2003,6,True,0.0199
201,8,False,0.1956
2012,9,False,0.2875
2016,4,False,0.5684
2017,5,True,0.5554
202,9,False,0.2339
203,9,False,0.1987
204,9,False,0.2182
2048,6,True,0.2585
205,9,False,0.2217
2050,7,True,0.4452
2051,5,False,0.8088
2052,6,False,0.5687
2053,8,False,0.4672
2054,3,True,0.7769
2055,2,False,0.7001
206,9,False,0.2512
2060,7,True,0.0919
2061,8,False,0.3569
2062,9,False,0.3283
2063,9,False,0.1989
2064,7,False,0.3152
207,9,False,0.2209
2071,5,True,0.0514
2074,9,True,0.0198
2075,8,True,0.0675
2076,6,True,0.303
2077,8,True,0.1287
2078,8,True,0.1041
2079,8,True,0.1122
208,9,False,0.2304
2080,8,True,0.0543
2081,8,True,0.0543
2082,4,True,0.6158
2083,6,False,0.6868
2084,10,True,0.0526
2085,6,True,0.0868
2086,7,True,0.2503
2087,9,True,0.2703
2088,8,True,0.0298
2089,6,True,0.0331
209,9,False,0.2159
2090,10,False,0.0389
2091,8,True,0.0083
210,9,False,0.2244
2104,6,False,0.473
211,9,False,0.2948
2113,8,False,0.1627
2114,9,False,0.1723
2115,9,False,0.2194
2116,8,True,0.166
2117,8,False,0.1856
2118,8,False,0.226
2119,8,False,0.2207
212,9,False,0.2634
2120,9,False,0.1725
2121,9,False,0.2344
2122,10,True,0.1134
2123,8,True,0.2073
2124,8,False,0.1112
213,9,False,0.2408
2134,6,True,0.0345
2136,4,True,0.7901
2139,7,True,0.3655
214,8,False,0.2433
2140,8,False,0.3802
215,9,True,0.1979
216,8,False,0.2673
217,9,False,0.205
218,9,True,0.1856
219,8,False,0.2876
220,9,False,0.2366
2208,8,False,0.3123
221,9,False,0.2628
2212,4,True,0.5508
2213,5,False,0.443
2214,5,False,0.557
2215,3,True,0.5564
2217,4,True,0.2894
2218,7,True,0.2634
2219,6,True,0.1187
222,9,True,0.2389
2220,3,True,0.8587
2221,1,False,0.7581
2222,8,True,0.1908
2223,8,True,0.1541
223,9,False,0.2455
224,9,False,0.252
225,9,False,0.254
226,9,True,0.2007
227,9,False,0.271
228,9,False,0.2219
229,9,False,0.2265
230,9,False,0.2481
2309,4,False,0.6705
2310,4,True,0.5556
2311,8,True,0.0672
2312,7,True,0.0316
2313,8,True,0.0627
2314,7,True,0.1061
2315,7,True,0.0727
2316,6,True,0.0695
2317,9,False,0.2503
2318,7,False,0.2854
2319,7,True,0.0583
232,9,True,0.2097
2320,7,True,0.0404
2321,6,True,0.1217
2322,9,True,0.0204
233,9,False,0.2008
234,9,False,0.2226
2345,6,False,0.3039
2346,8,True,0.3625
2347,6,False,0.3979
2348,7,False,0.3959
235,9,False,0.1974
2350,8,False,0.4445
2351,8,False,0.4713
2352,9,True,0.3572
2353,7,False,0.4807
2354,4,True,0.6559
2355,6,False,0.6211
2356,5,False,0.612
2357,5,True,0.6884
2358,6,True,0.443
236,9,False,0.2131
2360,5,True,0.5268
2361,6,True,0.4643
237,9,False,0.2549
2374,8,False,0.192
238,9,False,0.2407
239,9,False,0.2229
24,7,True,0.3116
240,9,True,0.22
2402,2,False,0.7469
2404,8,True,0.1201
2405,5,True,0.3781
241,8,False,0.2074
2419,5,False,0.8111
242,9,False,0.2218
2420,4,True,0.7435
2421,8,False,0.3017
2422,6,True,0.5061
2423,8,True,0.1555
2424,7,True,0.2138
2425,7,False,0.2229
2426,6,True,0.2777
2427,7,False,0.4835
2428,7,True,0.0387
243,9,True,0.2328
2430,7,True,0.0011
2431,9,True,0.0823
2432,8,True,0.1542
2433,7,True,0.0198
2435,7,False,0.2854
2436,8,True,0.1556
2437,8,True,0.2751
2438,7,True,0.0812
2439,9,True,0.0745
244,9,False,0.2197
2440,4,True,0.7797
2441,6,True,0.4086
2442,7,True,0.3074
2445,5,True,0.0
2449,5,True,0.0705
245,9,False,0.2138
2455,8,True,0.0685
2456,7,True,0.3239
2459,8,True,0.0676
246,9,False,0.2302
2460,7,True,0.2136
2462,9,True,0.334
2465,6,True,0.0023
2466,6,True,0.1244
2467,7,True,0.0137
2468,6,True,0.0047
247,10,False,0.1789
2478,5,False,0.6877
248,9,False,0.2643
249,9,False,0.2459
250,8,False,0.2535
251,9,False,0.2518
252,9,False,0.2666
253,8,False,0.2337
254,9,False,0.2642
255,9,False,0.2599
256,9,False,0.2104
257,8,True,0.2549
258,8,True,0.2521
259,9,False,0.2434
260,9,True,0.2034
261,9,False,0.2276
262,9,False,0.2084
263,9,True,0.2155
264,9,False,0.2434
265,8,False,0.2502
266,9,True,0.2407
267,9,True,0.2817
268,9,False,0.2325
269,9,False,0.2054
27,7,True,0.3187
270,9,False,0.2252
271,9,False,0.2024
272,8,True,0.2427
273,9,False,0.2497
274,9,True,0.2063
275,9,False,0.2511
276,9,False,0.2117
277,9,False,0.2433
278,9,True,0.2162
279,8,False,0.2454
28,9,False,0.2245
280,9,False,0.1641
281,9,False,0.24
282,9,False,0.2295
283,9,False,0.2424
284,9,False,0.2169
285,8,False,0.2724
286,8,False,0.2203
287,9,False,0.2308
288,9,False,0.2378
289,9,False,0.1734
29,9,False,0.2256
290,9,False,0.2476
291,9,False,0.1759
292,9,False,0.2666
293,9,False,0.2326
294,9,False,0.2644
295,9,False,0.2679
296,9,False,0.2191
297,9,False,0.2331
298,9,False,0.256
299,9,False,0.2517
300,8,False,0.1954
301,9,False,0.2405
302,9,False,0.2652
303,9,False,0.2327
304,9,False,0.2666
305,9,False,0.2912
306,9,True,0.2056
307,9,True,0.2595
308,9,False,0.2187
309,8,False,0.2616
310,9,True,0.2327
311,9,True,0.2087
312,8,False,0.2231
313,9,True,0.2686
314,9,False,0.2426
315,9,False,0.2446
316,9,False,0.2309
317,9,False,0.2313
318,8,False,0.2132
319,9,False,0.2579
320,9,False,0.2244
321,8,False,0.2479
322,8,False,0.2221
323,9,False,0.1864
324,9,False,0.2565
325,9,False,0.2353
326,9,False,0.2464
327,9,False,0.2608
328,9,False,0.2197
329,9,False,0.2354
330,9,False,0.2425
331,9,False,0.1886
332,9,False,0.2391
333,9,False,0.2769
334,9,False,0.2315
335,9,False,0.1855
336,9,False,0.2277
337,9,False,0.2187
338,8,False,0.2162
339,9,True,0.2141
340,9,False,0.2002
341,9,False,0.1867
342,9,True,0.2312
343,8,False,0.1981
346,9,False,0.2175
347,9,False,0.2222
348,9,False,0.1965
349,9,False,0.2052
350,9,False,0.2051
351,9,False,0.2361
352,9,False,0.2546
353,9,True,0.2011
354,9,True,0.2109
355,9,False,0.2913
356,8,True,0.2304
357,9,True,0.2228
358,9,False,0.2553
359,9,False,0.2501
360,9,False,0.2276
361,9,False,0.2476
362,9,False,0.2489
363,9,False,0.2166
364,9,False,0.2145
365,9,False,0.2631
366,9,True,0.2109
367,9,False,0.2058
368,9,True,0.2712
369,9,False,0.2497
370,9,False,0.266
371,10,False,0.2313
372,9,False,0.2594
373,8,False,0.3167
374,9,False,0.2391
375,9,False,0.2555
376,9,False,0.2237
377,9,False,0.231
378,9,False,0.2435
379,9,False,0.2239
380,9,False,0.2215
381,8,False,0.2462
382,9,False,0.2153
383,9,False,0.2401
384,9,False,0.205
385,9,True,0.225
386,9,False,0.1811
387,9,False,0.2488
388,9,False,0.1976
389,9,False,0.2776
390,8,False,0.2003
391,9,False,0.2438
392,9,False,0.2352
393,9,False,0.218
394,9,False,0.2523
395,9,True,0.2232
396,9,False,0.2171
397,9,False,0.2088
398,9,False,0.2661
399,9,True,0.2455
400,9,False,0.2373
401,9,False,0.2407
402,9,False,0.2677
403,8,False,0.2837
404,9,False,0.2262
405,2,True,0.7203
406,9,True,0.2237
407,9,False,0.2546
408,9,False,0.2235
409,9,True,0.209
410,9,False,0.2025
411,8,False,0.2003
412,9,False,0.227
413,9,False,0.2301
414,9,False,0.2337
415,9,True,0.2249
416,9,False,0.3166
418,9,True,0.2437
419,9,False,0.25
420,8,False,0.2567
421,9,False,0.2316
422,9,False,0.1832
423,9,True,0.1937
424,9,False,0.2783
425,8,False,0.227
426,8,False,0.2063
427,9,False,0.2312
428,8,False,0.2724
429,9,True,0.2999
430,9,False,0.2009
431,8,False,0.1628
432,9,False,0.2278
433,8,False,0.2348
434,9,False,0.236
435,9,False,0.2084
436,9,False,0.2254
437,9,False,0.2522
438,9,False,0.2757
439,9,False,0.2173
440,9,False,0.2505
441,9,False,0.2483
442,9,False,0.2787
443,9,False,0.2475
444,9,False,0.2358
445,9,False,0.2574
446,9,False,0.254
447,9,False,0.2488
448,9,False,0.2002
449,9,False,0.1934
450,9,False,0.2362
451,9,False,0.2416
452,9,False,0.2179
453,9,False,0.2501
454,8,False,0.2101
455,9,False,0.2076
456,9,False,0.2334
457,9,False,0.1973
458,9,True,0.1345
459,9,False,0.2245
460,8,False,0.2069
461,8,False,0.2689
462,10,True,0.2086
463,9,False,0.2072
464,9,True,0.2311
465,9,False,0.2759
466,9,False,0.3064
467,9,False,0.2072
468,8,False,0.2467
469,8,False,0.2428
470,8,False,0.2312
471,9,False,0.2103
472,9,False,0.2329
473,9,False,0.2483
474,9,False,0.2213
475,9,False,0.3109
476,9,False,0.2448
477,8,False,0.2718
478,9,True,0.2491
479,9,False,0.2406
480,9,False,0.2143
481,9,False,0.2256
482,8,True,0.2656
483,9,False,0.2099
484,9,False,0.2567
485,10,False,0.2309
486,9,False,0.2142
487,9,False,0.249
488,9,False,0.2552
489,9,False,0.2151
490,9,False,0.2927
491,9,False,0.1847
492,8,False,0.2244
493,9,False,0.2663
494,9,False,0.2817
495,9,False,0.1931
496,9,False,0.2143
497,9,False,0.2423
498,9,False,0.2203
5,9,True,0.4128
503,8,True,0.2357
504,7,False,0.5959
505,7,False,0.3378
506,7,False,0.4604
507,7,True,0.2123
508,7,False,0.5573
509,9,False,0.2218
510,9,False,0.2319
511,9,False,0.1963
512,8,False,0.2421
513,9,False,0.2631
514,9,False,0.2338
515,9,False,0.217
516,9,False,0.1935
517,9,False,0.2264
518,9,True,0.2299
519,9,False,0.223
520,9,False,0.2461
521,9,False,0.1905
522,9,False,0.2476
523,9,False,0.2511
524,9,False,0.2304
525,9,False,0.1926
526,9,False,0.2269
527,9,False,0.2319
528,9,False,0.2658
529,9,False,0.2469
530,9,False,0.2145
531,9,False,0.2459
532,9,False,0.2238
533,9,True,0.2746
534,9,True,0.2516
535,8,False,0.1561
536,9,False,0.2829
537,9,False,0.2721
538,8,False,0.3129
539,9,False,0.24
540,8,False,0.3074
541,8,True,0.251
542,9,True,0.2345
543,9,False,0.3101
544,8,False,0.2727
545,9,False,0.2621
546,9,True,0.2499
547,8,False,0.2952
548,8,False,0.2636
549,9,False,0.2897
550,9,False,0.3013
551,8,False,0.3044
552,8,False,0.2479
553,9,False,0.2711
554,8,True,0.2757
555,8,False,0.2573
556,8,False,0.2704
557,8,True,0.3332
558,8,False,0.3041
559,9,False,0.2476
560,9,False,0.2452
561,9,False,0.2807
562,9,False,0.2565
563,8,False,0.2902
564,9,False,0.2267
565,8,True,0.3058
566,8,False,0.2943
567,8,False,0.2788
568,8,False,0.2683
569,9,False,0.308
570,8,False,0.219
571,9,False,0.2306
572,10,False,0.1919
573,9,False,0.2629
574,9,False,0.2542
575,9,False,0.2796
576,8,False,0.2806
577,8,True,0.3079
583,7,True,0.5296
597,9,False,0.4852
6,6,True,0.4129
613,8,True,0.1294
614,7,False,0.2136
629,10,False,0.1645
66,9,True,0.3229
67,8,True,0.3035
68,7,True,0.4178
689,5,True,0.4508
69,9,False,0.271
691,9,True,0.2472
692,9,False,0.2148
693,9,False,0.1929
694,9,False,0.1985
695,9,False,0.197
696,9,False,0.1922
697,9,False,0.2106
698,10,False,0.1794
699,9,False,0.2404
70,8,True,0.2978
700,9,False,0.2182
701,9,False,0.2128
702,9,False,0.2314
703,9,False,0.1797
704,9,False,0.1871
705,9,True,0.2599
706,10,False,0.2227
707,9,False,0.2832
708,10,False,0.2836
709,9,False,0.1832
71,9,False,0.3364
710,9,False,0.206
711,9,False,0.2428
712,10,True,0.2077
713,9,False,0.1702
714,9,True,0.1426
715,9,False,0.139
716,9,True,0.1668
717,9,False,0.239
718,9,False,0.1591
719,9,False,0.2485
72,9,True,0.3274
720,9,False,0.2138
721,9,False,0.2028
722,8,True,0.2086
723,9,False,0.2089
724,8,True,0.2234
725,9,False,0.1386
726,8,False,0.1811
727,9,True,0.2053
728,9,False,0.2835
729,9,False,0.2548
73,8,True,0.2939
730,8,False,0.128
731,9,False,0.2082
732,9,False,0.246
733,9,False,0.2151
734,8,False,0.2328
735,9,False,0.2341
736,9,False,0.1562
737,9,False,0.2193
738,9,True,0.2375
739,9,False,0.1543
74,9,False,0.3123
740,9,False,0.2308
741,10,False,0.2175
742,10,False,0.1359
743,10,False,0.2177
744,9,False,0.2231
745,9,False,0.1876
746,8,False,0.1723
747,10,False,0.2216
748,8,False,0.2768
749,8,False,0.2264
75,9,True,0.4171
750,9,False,0.1819
751,8,True,0.1581
752,9,False,0.2215
753,9,False,0.1634
754,9,False,0.2561
755,9,False,0.2199
756,10,False,0.2314
757,8,False,0.2094
758,9,False,0.1967
759,9,True,0.2158
76,9,False,0.2623
760,9,False,0.2473
761,8,True,0.2206
762,9,False,0.2095
763,9,False,0.2088
764,9,False,0.1836
765,9,False,0.1826
766,9,True,0.212
767,9,False,0.118
768,9,False,0.1972
769,9,False,0.197
77,9,False,0.3241
770,9,False,0.2568
771,8,False,0.1412
772,9,False,0.24
773,8,False,0.2357
774,10,True,0.1814
775,9,False,0.2587
776,10,False,0.2537
777,9,False,0.2144
778,9,False,0.2224
779,10,True,0.2106
78,9,False,0.2794
780,9,False,0.1523
781,9,False,0.1827
782,9,False,0.1964
783,9,False,0.2008
784,8,True,0.2701
785,9,False,0.1836
786,9,False,0.1519
787,8,False,0.1905
788,9,True,0.1487
789,10,False,0.139
79,7,False,0.4226
790,10,False,0.2126
791,10,False,0.2186
792,9,False,0.1645
793,9,False,0.2004
794,9,False,0.2317
795,9,False,0.1677
796,8,False,0.2148
797,9,False,0.2331
798,10,True,0.1789
799,9,False,0.1801
80,8,False,0.3388
800,9,False,0.196
801,9,True,0.2046
802,9,False,0.202
803,9,False,0.2367
804,10,False,0.1667
805,9,False,0.2046
806,9,True,0.2344
807,9,False,0.2127
808,8,False,0.1669
809,9,False,0.192
810,9,False,0.1826
811,9,False,0.2583
812,10,False,0.2224
813,9,False,0.1942
814,8,False,0.1644
815,10,False,0.2053
816,9,False,0.2191
817,9,False,0.2022
818,9,False,0.2354
819,9,False,0.187
820,9,False,0.2177
821,8,False,0.2224
822,9,False,0.1979
823,9,False,0.1814
824,9,False,0.1612
825,9,False,0.1978
826,8,False,0.2061
827,9,False,0.2024
828,9,False,0.1802
829,9,False,0.1947
830,9,False,0.198
831,9,False,0.2049
832,10,False,0.1549
833,9,False,0.2039
834,9,False,0.2358
835,9,False,0.2325
836,9,False,0.2164
837,9,False,0.1522
838,9,False,0.2104
839,9,False,0.1941
840,9,False,0.198
841,9,False,0.1799
842,9,False,0.2203
843,10,False,0.1959
844,9,False,0.2379
845,8,False,0.2615
846,9,False,0.2042
847,8,True,0.2386
848,10,False,0.2212
849,8,True,0.124
85,7,True,0.1431
850,9,False,0.1796
851,10,True,0.2432
852,10,True,0.2289
853,9,False,0.171
854,9,False,0.2265
855,9,False,0.2035
856,8,False,0.3248
857,9,False,0.1792
858,9,True,0.1652
859,9,False,0.224
860,9,False,0.2729
861,10,False,0.2442
862,8,False,0.2161
863,9,False,0.2639
864,9,False,0.2377
865,8,False,0.1932
866,9,False,0.1836
867,10,False,0.2108
868,9,False,0.2806
869,9,False,0.2264
870,9,False,0.1941
871,8,False,0.2222
872,9,False,0.1641
873,9,False,0.1331
874,9,False,0.194
875,10,False,0.1743
876,9,True,0.1611
877,9,False,0.1674
878,9,False,0.195
879,9,False,0.2077
880,9,False,0.2061
881,9,False,0.2072
882,9,False,0.1908
883,9,False,0.2122
884,9,False,0.2186
885,9,False,0.249
886,10,False,0.1834
887,8,False,0.1939
888,9,False,0.2177
889,9,True,0.2134
89,6,False,0.7475
890,8,False,0.3052
891,9,False,0.1906
892,9,False,0.2174
893,9,True,0.213
894,9,False,0.163
895,8,False,0.2225
896,8,False,0.1551
897,8,False,0.1812
898,8,True,0.2219
899,9,False,0.151
900,9,False,0.1908
901,9,False,0.1812
902,9,False,0.2261
903,9,False,0.2284
904,10,False,0.1219
905,9,False,0.1475
906,9,False,0.212
907,8,False,0.2773
908,9,False,0.1763
909,8,False,0.2719
910,9,False,0.1912
911,9,False,0.2057
912,9,False,0.1961
913,9,True,0.2684
914,9,False,0.2099
915,9,True,0.2518
916,10,True,0.1923
917,8,False,0.2191
918,8,False,0.1586
919,9,False,0.2413
920,9,False,0.2052
921,9,False,0.1511
922,9,True,0.2135
923,8,False,0.2435
924,9,True,0.1736
925,9,False,0.2398
926,9,False,0.2109
927,10,False,0.2918
928,9,True,0.2263
929,9,False,0.2144
930,8,False,0.2574
931,9,False,0.2606
932,8,False,0.23
933,8,True,0.253
934,10,False,0.1512
935,8,False,0.2177
936,8,False,0.2058
937,10,False,0.2108
938,9,False,0.192
939,9,False,0.1779
940,8,False,0.2206
941,9,False,0.2045
942,9,False,0.268
943,9,False,0.1526
944,9,False,0.2846
945,9,False,0.2258
946,9,True,0.1895
947,9,False,0.2619
948,9,False,0.2628
949,9,False,0.2022
950,9,True,0.2284
951,9,False,0.2332
952,9,False,0.2164
953,9,False,0.2421
954,9,True,0.2098
955,8,False,0.2074
956,9,False,0.1854
957,9,True,0.1678
958,9,False,0.185
959,9,True,0.1894
960,8,False,0.2504
961,9,False,0.156
962,9,False,0.2016
963,9,False,0.1867
964,9,False,0.206
965,9,False,0.203
966,9,False,0.2273
967,9,False,0.2373
968,9,False,0.1958
969,9,False,0.1455
970,9,True,0.1472
971,9,False,0.2076
972,9,False,0.1701
973,9,False,0.1363
974,10,False,0.157
975,9,False,0.145
976,9,False,0.2327
977,9,False,0.1961
978,9,False,0.2286
979,8,True,0.2125
980,9,False,0.2346
981,9,True,0.222
982,9,False,0.2273
983,8,False,0.2606
984,8,False,0.2741
985,9,False,0.2215
986,8,False,0.157
987,9,False,0.2014
988,9,False,0.2207
989,9,True,0.1497
990,9,False,0.1844
991,9,False,0.2122
992,9,False,0.1608
993,9,False,0.1964
994,10,False,0.1997
995,9,False,0.1517
996,9,False,0.2618
997,8,True,0.1896
998,9,True,0.1564
999,9,False,0.1823
